<mujoco model="cabinet_lillagen_0939">
  <asset>
    <mesh file="0.stl" name="part0" scale="1 1 1" />
    <mesh file="9.stl" name="part9" scale="1 1 1" />
    <mesh file="8.stl" name="part8" scale="1 1 1" />
    <mesh file="7.stl" name="part7" scale="1 1 1" />
    <mesh file="6.stl" name="part6" scale="1 1 1" />
    <mesh file="5.stl" name="part5" scale="1 1 1" />
    <mesh file="4.stl" name="part4" scale="1 1 1" />
    <mesh file="3.stl" name="part3" scale="1 1 1" />
    <mesh file="2.stl" name="part2" scale="1 1 1" />
    <mesh file="1.stl" name="part1" scale="1 1 1" />
  </asset>
  <equality>
    </equality>
  <worldbody>
    <body name="0_part0" pos="0.0 1e-07 -0.0" quat="1 0 0 0">
      <geom conaffinity="0" contype="0" density="0" mesh="part0" name="0_part0_mesh" pos="0 0 0" rgba="0.82 0.71 0.55 1" type="mesh" />
      <site name="0_part0_horizontal_radius_site" pos="0.0 1e-07 -0.0" quat="1 0 0 0" rgba="0 0 1 0.3" size="1" />
      <site name="0_part0_top_site" pos="0.0 1e-07 25.4" quat="1 0 0 0" rgba="0 0 1 0.3" size="1" />
      <site name="0_part0_bottom_site" pos="0.0 1e-07 -25.4" quat="1 0 0 0" rgba="0 0 1 0.3" size="1" />
      <site name="0_part0_corner_site8" pos="-139.7 6.3500066 25.4" quat="1 0 0 0" rgba="0 0 1 0.3" size="20" />
      <site name="0_part0_corner_site7" pos="139.7 6.3500066 25.4" quat="1 0 0 0" rgba="0 0 1 0.3" size="20" />
      <site name="0_part0_corner_site6" pos="139.7 -6.3500064 25.4" quat="1 0 0 0" rgba="0 0 1 0.3" size="20" />
      <site name="0_part0_corner_site5" pos="-139.7 -6.3500064 25.4" quat="1 0 0 0" rgba="0 0 1 0.3" size="20" />
      <site name="0_part0_corner_site4" pos="-139.7 6.3500066 -25.4" quat="1 0 0 0" rgba="0 0 1 0.3" size="20" />
      <site name="0_part0_corner_site3" pos="139.7 6.3500066 -25.4" quat="1 0 0 0" rgba="0 0 1 0.3" size="20" />
      <site name="0_part0_corner_site2" pos="139.7 -6.3500064 -25.4" quat="1 0 0 0" rgba="0 0 1 0.3" size="20" />
      <site name="0_part0_corner_site1" pos="-139.7 -6.3500064 -25.4" quat="1 0 0 0" rgba="0 0 1 0.3" size="20" />
    </body>
    <body name="9_part9" pos="5.1e-06 179.4543079 -411.3400888" quat="1 0 0 0">
      <geom conaffinity="0" contype="0" density="0" mesh="part9" name="9_part9_mesh" pos="0 0 0" rgba="0.82 0.71 0.55 1" type="mesh" />
      <site name="9_part9_horizontal_radius_site" pos="0.0 0.0 0.0" quat="1 0 0 0" rgba="0 0 1 0.3" size="1" />
      <site name="9_part9_top_site" pos="0.0 0.0 19.0499992" quat="1 0 0 0" rgba="0 0 1 0.3" size="1" />
      <site name="9_part9_bottom_site" pos="0.0 0.0 -19.0499992" quat="1 0 0 0" rgba="0 0 1 0.3" size="1" />
      <site name="9_part9_corner_site8" pos="-152.4000053 185.8043137 19.0499992" quat="1 0 0 0" rgba="0 0 1 0.3" size="20" />
      <site name="9_part9_corner_site7" pos="152.4000053 185.8043137 19.0499992" quat="1 0 0 0" rgba="0 0 1 0.3" size="20" />
      <site name="9_part9_corner_site6" pos="152.4000053 -185.8043137 19.0499992" quat="1 0 0 0" rgba="0 0 1 0.3" size="20" />
      <site name="9_part9_corner_site5" pos="-152.4000053 -185.8043137 19.0499992" quat="1 0 0 0" rgba="0 0 1 0.3" size="20" />
      <site name="9_part9_corner_site4" pos="-152.4000053 185.8043137 -19.0499992" quat="1 0 0 0" rgba="0 0 1 0.3" size="20" />
      <site name="9_part9_corner_site3" pos="152.4000053 185.8043137 -19.0499992" quat="1 0 0 0" rgba="0 0 1 0.3" size="20" />
      <site name="9_part9_corner_site2" pos="152.4000053 -185.8043137 -19.0499992" quat="1 0 0 0" rgba="0 0 1 0.3" size="20" />
      <site name="9_part9_corner_site1" pos="-152.4000053 -185.8043137 -19.0499992" quat="1 0 0 0" rgba="0 0 1 0.3" size="20" />
    </body>
    <body name="8_part8" pos="0.0 254.1336215 -373.2400865" quat="1 0 0 0">
      <geom conaffinity="0" contype="0" density="0" mesh="part8" name="8_part8_mesh" pos="0 0 0" rgba="0.82 0.71 0.55 1" type="mesh" />
      <site name="8_part8_horizontal_radius_site" pos="0.0 0.0 0.0" quat="1 0 0 0" rgba="0 0 1 0.3" size="1" />
      <site name="8_part8_top_site" pos="0.0 0.0 31.75" quat="1 0 0 0" rgba="0 0 1 0.3" size="1" />
      <site name="8_part8_bottom_site" pos="0.0 0.0 -31.75" quat="1 0 0 0" rgba="0 0 1 0.3" size="1" />
      <site name="8_part8_corner_site8" pos="-139.7 6.3500061 31.75" quat="1 0 0 0" rgba="0 0 1 0.3" size="20" />
      <site name="8_part8_corner_site7" pos="139.7 6.3500061 31.75" quat="1 0 0 0" rgba="0 0 1 0.3" size="20" />
      <site name="8_part8_corner_site6" pos="139.7 -6.3500061 31.75" quat="1 0 0 0" rgba="0 0 1 0.3" size="20" />
      <site name="8_part8_corner_site5" pos="-139.7 -6.3500061 31.75" quat="1 0 0 0" rgba="0 0 1 0.3" size="20" />
      <site name="8_part8_corner_site4" pos="-139.7 6.3500061 -31.75" quat="1 0 0 0" rgba="0 0 1 0.3" size="20" />
      <site name="8_part8_corner_site3" pos="139.7 6.3500061 -31.75" quat="1 0 0 0" rgba="0 0 1 0.3" size="20" />
      <site name="8_part8_corner_site2" pos="139.7 -6.3500061 -31.75" quat="1 0 0 0" rgba="0 0 1 0.3" size="20" />
      <site name="8_part8_corner_site1" pos="-139.7 -6.3500061 -31.75" quat="1 0 0 0" rgba="0 0 1 0.3" size="20" />
    </body>
    <body name="7_part7" pos="139.7 352.5586218 -468.4900865" quat="1 0 0 0">
      <geom conaffinity="0" contype="0" density="0" mesh="part7" name="7_part7_mesh" pos="0 0 0" rgba="0.82 0.71 0.55 1" type="mesh" />
      <site name="7_part7_horizontal_radius_site" pos="0.0 0.0 0.0" quat="1 0 0 0" rgba="0 0 1 0.3" size="1" />
      <site name="7_part7_top_site" pos="0.0 0.0 63.5" quat="1 0 0 0" rgba="0 0 1 0.3" size="1" />
      <site name="7_part7_bottom_site" pos="0.0 0.0 -63.5" quat="1 0 0 0" rgba="0 0 1 0.3" size="1" />
      <site name="7_part7_corner_site8" pos="-12.7 12.7 63.5" quat="1 0 0 0" rgba="0 0 1 0.3" size="20" />
      <site name="7_part7_corner_site7" pos="12.7 12.7 63.5" quat="1 0 0 0" rgba="0 0 1 0.3" size="20" />
      <site name="7_part7_corner_site6" pos="12.7 -12.7 63.5" quat="1 0 0 0" rgba="0 0 1 0.3" size="20" />
      <site name="7_part7_corner_site5" pos="-12.7 -12.7 63.5" quat="1 0 0 0" rgba="0 0 1 0.3" size="20" />
      <site name="7_part7_corner_site4" pos="-12.7 12.7 -63.5" quat="1 0 0 0" rgba="0 0 1 0.3" size="20" />
      <site name="7_part7_corner_site3" pos="12.7 12.7 -63.5" quat="1 0 0 0" rgba="0 0 1 0.3" size="20" />
      <site name="7_part7_corner_site2" pos="12.7 -12.7 -63.5" quat="1 0 0 0" rgba="0 0 1 0.3" size="20" />
      <site name="7_part7_corner_site1" pos="-12.7 -12.7 -63.5" quat="1 0 0 0" rgba="0 0 1 0.3" size="20" />
    </body>
    <body name="6_part6" pos="139.7 6.3499936 -468.4900865" quat="1 0 0 0">
      <geom conaffinity="0" contype="0" density="0" mesh="part6" name="6_part6_mesh" pos="0 0 0" rgba="0.82 0.71 0.55 1" type="mesh" />
      <site name="6_part6_horizontal_radius_site" pos="0.0 0.0 0.0" quat="1 0 0 0" rgba="0 0 1 0.3" size="1" />
      <site name="6_part6_top_site" pos="0.0 0.0 63.5" quat="1 0 0 0" rgba="0 0 1 0.3" size="1" />
      <site name="6_part6_bottom_site" pos="0.0 0.0 -63.5" quat="1 0 0 0" rgba="0 0 1 0.3" size="1" />
      <site name="6_part6_corner_site8" pos="-12.7 12.7 63.5" quat="1 0 0 0" rgba="0 0 1 0.3" size="20" />
      <site name="6_part6_corner_site7" pos="12.7 12.7 63.5" quat="1 0 0 0" rgba="0 0 1 0.3" size="20" />
      <site name="6_part6_corner_site6" pos="12.7 -12.7 63.5" quat="1 0 0 0" rgba="0 0 1 0.3" size="20" />
      <site name="6_part6_corner_site5" pos="-12.7 -12.7 63.5" quat="1 0 0 0" rgba="0 0 1 0.3" size="20" />
      <site name="6_part6_corner_site4" pos="-12.7 12.7 -63.5" quat="1 0 0 0" rgba="0 0 1 0.3" size="20" />
      <site name="6_part6_corner_site3" pos="12.7 12.7 -63.5" quat="1 0 0 0" rgba="0 0 1 0.3" size="20" />
      <site name="6_part6_corner_site2" pos="12.7 -12.7 -63.5" quat="1 0 0 0" rgba="0 0 1 0.3" size="20" />
      <site name="6_part6_corner_site1" pos="-12.7 -12.7 -63.5" quat="1 0 0 0" rgba="0 0 1 0.3" size="20" />
    </body>
    <body name="5_part5" pos="-139.7 352.5586218 -468.4900865" quat="1 0 0 0">
      <geom conaffinity="0" contype="0" density="0" mesh="part5" name="5_part5_mesh" pos="0 0 0" rgba="0.82 0.71 0.55 1" type="mesh" />
      <site name="5_part5_horizontal_radius_site" pos="0.0 0.0 0.0" quat="1 0 0 0" rgba="0 0 1 0.3" size="1" />
      <site name="5_part5_top_site" pos="0.0 0.0 63.5" quat="1 0 0 0" rgba="0 0 1 0.3" size="1" />
      <site name="5_part5_bottom_site" pos="0.0 0.0 -63.5" quat="1 0 0 0" rgba="0 0 1 0.3" size="1" />
      <site name="5_part5_corner_site8" pos="-12.7 12.7 63.5" quat="1 0 0 0" rgba="0 0 1 0.3" size="20" />
      <site name="5_part5_corner_site7" pos="12.7 12.7 63.5" quat="1 0 0 0" rgba="0 0 1 0.3" size="20" />
      <site name="5_part5_corner_site6" pos="12.7 -12.7 63.5" quat="1 0 0 0" rgba="0 0 1 0.3" size="20" />
      <site name="5_part5_corner_site5" pos="-12.7 -12.7 63.5" quat="1 0 0 0" rgba="0 0 1 0.3" size="20" />
      <site name="5_part5_corner_site4" pos="-12.7 12.7 -63.5" quat="1 0 0 0" rgba="0 0 1 0.3" size="20" />
      <site name="5_part5_corner_site3" pos="12.7 12.7 -63.5" quat="1 0 0 0" rgba="0 0 1 0.3" size="20" />
      <site name="5_part5_corner_site2" pos="12.7 -12.7 -63.5" quat="1 0 0 0" rgba="0 0 1 0.3" size="20" />
      <site name="5_part5_corner_site1" pos="-12.7 -12.7 -63.5" quat="1 0 0 0" rgba="0 0 1 0.3" size="20" />
    </body>
    <body name="4_part4" pos="-139.7 6.3499936 -468.4900865" quat="1 0 0 0">
      <geom conaffinity="0" contype="0" density="0" mesh="part4" name="4_part4_mesh" pos="0 0 0" rgba="0.82 0.71 0.55 1" type="mesh" />
      <site name="4_part4_horizontal_radius_site" pos="0.0 0.0 0.0" quat="1 0 0 0" rgba="0 0 1 0.3" size="1" />
      <site name="4_part4_top_site" pos="0.0 0.0 63.5" quat="1 0 0 0" rgba="0 0 1 0.3" size="1" />
      <site name="4_part4_bottom_site" pos="0.0 0.0 -63.5" quat="1 0 0 0" rgba="0 0 1 0.3" size="1" />
      <site name="4_part4_corner_site8" pos="-12.7 12.7 63.5" quat="1 0 0 0" rgba="0 0 1 0.3" size="20" />
      <site name="4_part4_corner_site7" pos="12.7 12.7 63.5" quat="1 0 0 0" rgba="0 0 1 0.3" size="20" />
      <site name="4_part4_corner_site6" pos="12.7 -12.7 63.5" quat="1 0 0 0" rgba="0 0 1 0.3" size="20" />
      <site name="4_part4_corner_site5" pos="-12.7 -12.7 63.5" quat="1 0 0 0" rgba="0 0 1 0.3" size="20" />
      <site name="4_part4_corner_site4" pos="-12.7 12.7 -63.5" quat="1 0 0 0" rgba="0 0 1 0.3" size="20" />
      <site name="4_part4_corner_site3" pos="12.7 12.7 -63.5" quat="1 0 0 0" rgba="0 0 1 0.3" size="20" />
      <site name="4_part4_corner_site2" pos="12.7 -12.7 -63.5" quat="1 0 0 0" rgba="0 0 1 0.3" size="20" />
      <site name="4_part4_corner_site1" pos="-12.7 -12.7 -63.5" quat="1 0 0 0" rgba="0 0 1 0.3" size="20" />
    </body>
    <body name="3_part3" pos="-146.0500001 179.4543113 -189.7950432" quat="1 0 0 0">
      <geom conaffinity="0" contype="0" density="0" mesh="part3" name="3_part3_mesh" pos="0 0 0" rgba="0.82 0.71 0.55 1" type="mesh" />
      <site name="3_part3_horizontal_radius_site" pos="0.0 3.6e-06 0.0" quat="1 0 0 0" rgba="0 0 1 0.3" size="1" />
      <site name="3_part3_top_site" pos="0.0 3.6e-06 215.1950432" quat="1 0 0 0" rgba="0 0 1 0.3" size="1" />
      <site name="3_part3_bottom_site" pos="0.0 3.6e-06 -215.1950432" quat="1 0 0 0" rgba="0 0 1 0.3" size="1" />
      <site name="3_part3_corner_site8" pos="-6.3500004 185.8043213 215.1950432" quat="1 0 0 0" rgba="0 0 1 0.3" size="20" />
      <site name="3_part3_corner_site7" pos="6.3500004 185.8043213 215.1950432" quat="1 0 0 0" rgba="0 0 1 0.3" size="20" />
      <site name="3_part3_corner_site6" pos="6.3500004 -185.8043141 215.1950432" quat="1 0 0 0" rgba="0 0 1 0.3" size="20" />
      <site name="3_part3_corner_site5" pos="-6.3500004 -185.8043141 215.1950432" quat="1 0 0 0" rgba="0 0 1 0.3" size="20" />
      <site name="3_part3_corner_site4" pos="-6.3500004 185.8043213 -215.1950432" quat="1 0 0 0" rgba="0 0 1 0.3" size="20" />
      <site name="3_part3_corner_site3" pos="6.3500004 185.8043213 -215.1950432" quat="1 0 0 0" rgba="0 0 1 0.3" size="20" />
      <site name="3_part3_corner_site2" pos="6.3500004 -185.8043141 -215.1950432" quat="1 0 0 0" rgba="0 0 1 0.3" size="20" />
      <site name="3_part3_corner_site1" pos="-6.3500004 -185.8043141 -215.1950432" quat="1 0 0 0" rgba="0 0 1 0.3" size="20" />
    </body>
    <body name="2_part2" pos="146.0500043 179.4543113 -189.7950432" quat="1 0 0 0">
      <geom conaffinity="0" contype="0" density="0" mesh="part2" name="2_part2_mesh" pos="0 0 0" rgba="0.82 0.71 0.55 1" type="mesh" />
      <site name="2_part2_horizontal_radius_site" pos="0.0 3.6e-06 0.0" quat="1 0 0 0" rgba="0 0 1 0.3" size="1" />
      <site name="2_part2_top_site" pos="0.0 3.6e-06 215.1950432" quat="1 0 0 0" rgba="0 0 1 0.3" size="1" />
      <site name="2_part2_bottom_site" pos="0.0 3.6e-06 -215.1950432" quat="1 0 0 0" rgba="0 0 1 0.3" size="1" />
      <site name="2_part2_corner_site8" pos="-6.3500061 185.8043213 215.1950432" quat="1 0 0 0" rgba="0 0 1 0.3" size="20" />
      <site name="2_part2_corner_site7" pos="6.3500061 185.8043213 215.1950432" quat="1 0 0 0" rgba="0 0 1 0.3" size="20" />
      <site name="2_part2_corner_site6" pos="6.3500061 -185.8043141 215.1950432" quat="1 0 0 0" rgba="0 0 1 0.3" size="20" />
      <site name="2_part2_corner_site5" pos="-6.3500061 -185.8043141 215.1950432" quat="1 0 0 0" rgba="0 0 1 0.3" size="20" />
      <site name="2_part2_corner_site4" pos="-6.3500061 185.8043213 -215.1950432" quat="1 0 0 0" rgba="0 0 1 0.3" size="20" />
      <site name="2_part2_corner_site3" pos="6.3500061 185.8043213 -215.1950432" quat="1 0 0 0" rgba="0 0 1 0.3" size="20" />
      <site name="2_part2_corner_site2" pos="6.3500061 -185.8043141 -215.1950432" quat="1 0 0 0" rgba="0 0 1 0.3" size="20" />
      <site name="2_part2_corner_site1" pos="-6.3500061 -185.8043141 -215.1950432" quat="1 0 0 0" rgba="0 0 1 0.3" size="20" />
    </body>
    <body name="1_part1" pos="0.0 355.7336216 -12.6999811" quat="1 0 0 0">
      <geom conaffinity="0" contype="0" density="0" mesh="part1" name="1_part1_mesh" pos="0 0 0" rgba="0.82 0.71 0.55 1" type="mesh" />
      <site name="1_part1_horizontal_radius_site" pos="0.0 -1e-07 -2e-07" quat="1 0 0 0" rgba="0 0 1 0.3" size="1" />
      <site name="1_part1_top_site" pos="0.0 -1e-07 25.4000187" quat="1 0 0 0" rgba="0 0 1 0.3" size="1" />
      <site name="1_part1_bottom_site" pos="0.0 -1e-07 -25.400019" quat="1 0 0 0" rgba="0 0 1 0.3" size="1" />
      <site name="1_part1_corner_site8" pos="-139.7 6.3500002 25.4000187" quat="1 0 0 0" rgba="0 0 1 0.3" size="20" />
      <site name="1_part1_corner_site7" pos="139.7 6.3500002 25.4000187" quat="1 0 0 0" rgba="0 0 1 0.3" size="20" />
      <site name="1_part1_corner_site6" pos="139.7 -6.3500004 25.4000187" quat="1 0 0 0" rgba="0 0 1 0.3" size="20" />
      <site name="1_part1_corner_site5" pos="-139.7 -6.3500004 25.4000187" quat="1 0 0 0" rgba="0 0 1 0.3" size="20" />
      <site name="1_part1_corner_site4" pos="-139.7 6.3500002 -25.400019" quat="1 0 0 0" rgba="0 0 1 0.3" size="20" />
      <site name="1_part1_corner_site3" pos="139.7 6.3500002 -25.400019" quat="1 0 0 0" rgba="0 0 1 0.3" size="20" />
      <site name="1_part1_corner_site2" pos="139.7 -6.3500004 -25.400019" quat="1 0 0 0" rgba="0 0 1 0.3" size="20" />
      <site name="1_part1_corner_site1" pos="-139.7 -6.3500004 -25.400019" quat="1 0 0 0" rgba="0 0 1 0.3" size="20" />
    </body>
  </worldbody>
</mujoco>
