<mujoco model="NAME">
  <asset>
    <mesh file="0.stl" name="part0" scale="1 1 1" />
    <mesh file="9.stl" name="part9" scale="1 1 1" />
    <mesh file="8.stl" name="part8" scale="1 1 1" />
    <mesh file="7.stl" name="part7" scale="1 1 1" />
    <mesh file="6.stl" name="part6" scale="1 1 1" />
    <mesh file="5.stl" name="part5" scale="1 1 1" />
    <mesh file="4.stl" name="part4" scale="1 1 1" />
    <mesh file="3.stl" name="part3" scale="1 1 1" />
    <mesh file="2.stl" name="part2" scale="1 1 1" />
    <mesh file="1.stl" name="part1" scale="1 1 1" />
  </asset>
  <equality>
    </equality>
  <worldbody>
    <body name="0_part0" pos="-2e-07 1e-07 0.0" quat="1 0 0 0">
      <geom conaffinity="0" contype="0" density="0" mesh="part0" name="0_part0_mesh" pos="0 0 0" rgba="0.82 0.71 0.55 1" type="mesh" />
      <site name="0_part0_horizontal_radius_site" pos="-2e-07 1e-07 0.0" quat="1 0 0 0" rgba="0 0 1 0.3" size="1" />
      <site name="0_part0_top_site" pos="-2e-07 1e-07 14.2570953" quat="1 0 0 0" rgba="0 0 1 0.3" size="1" />
      <site name="0_part0_bottom_site" pos="-2e-07 1e-07 -14.2570953" quat="1 0 0 0" rgba="0 0 1 0.3" size="1" />
      <site name="0_part0_corner_site8" pos="-237.0666813 14.257086 14.2570953" quat="1 0 0 0" rgba="0 0 1 0.3" size="20" />
      <site name="0_part0_corner_site7" pos="237.0666809 14.257086 14.2570953" quat="1 0 0 0" rgba="0 0 1 0.3" size="20" />
      <site name="0_part0_corner_site6" pos="237.0666809 -14.2570858 14.2570953" quat="1 0 0 0" rgba="0 0 1 0.3" size="20" />
      <site name="0_part0_corner_site5" pos="-237.0666813 -14.2570858 14.2570953" quat="1 0 0 0" rgba="0 0 1 0.3" size="20" />
      <site name="0_part0_corner_site4" pos="-237.0666813 14.257086 -14.2570953" quat="1 0 0 0" rgba="0 0 1 0.3" size="20" />
      <site name="0_part0_corner_site3" pos="237.0666809 14.257086 -14.2570953" quat="1 0 0 0" rgba="0 0 1 0.3" size="20" />
      <site name="0_part0_corner_site2" pos="237.0666809 -14.2570858 -14.2570953" quat="1 0 0 0" rgba="0 0 1 0.3" size="20" />
      <site name="0_part0_corner_site1" pos="-237.0666813 -14.2570858 -14.2570953" quat="1 0 0 0" rgba="0 0 1 0.3" size="20" />
    </body>
    <body name="9_part9" pos="-1.77e-05 238.6166933 708.4144897" quat="1 0 0 0">
      <geom conaffinity="0" contype="0" density="0" mesh="part9" name="9_part9_mesh" pos="0 0 0" rgba="0.82 0.71 0.55 1" type="mesh" />
      <site name="9_part9_horizontal_radius_site" pos="0.0 0.0 0.0" quat="1 0 0 0" rgba="0 0 1 0.3" size="1" />
      <site name="9_part9_top_site" pos="0.0 0.0 248.3187866" quat="1 0 0 0" rgba="0 0 1 0.3" size="1" />
      <site name="9_part9_bottom_site" pos="0.0 0.0 -248.3187866" quat="1 0 0 0" rgba="0 0 1 0.3" size="1" />
      <site name="9_part9_corner_site8" pos="-265.3022947 58.6179199 248.3187866" quat="1 0 0 0" rgba="0 0 1 0.3" size="20" />
      <site name="9_part9_corner_site7" pos="265.3022947 58.6179199 248.3187866" quat="1 0 0 0" rgba="0 0 1 0.3" size="20" />
      <site name="9_part9_corner_site6" pos="265.3022947 -58.6179199 248.3187866" quat="1 0 0 0" rgba="0 0 1 0.3" size="20" />
      <site name="9_part9_corner_site5" pos="-265.3022947 -58.6179199 248.3187866" quat="1 0 0 0" rgba="0 0 1 0.3" size="20" />
      <site name="9_part9_corner_site4" pos="-265.3022947 58.6179199 -248.3187866" quat="1 0 0 0" rgba="0 0 1 0.3" size="20" />
      <site name="9_part9_corner_site3" pos="265.3022947 58.6179199 -248.3187866" quat="1 0 0 0" rgba="0 0 1 0.3" size="20" />
      <site name="9_part9_corner_site2" pos="265.3022947 -58.6179199 -248.3187866" quat="1 0 0 0" rgba="0 0 1 0.3" size="20" />
      <site name="9_part9_corner_site1" pos="-265.3022947 -58.6179199 -248.3187866" quat="1 0 0 0" rgba="0 0 1 0.3" size="20" />
    </body>
    <body name="8_part8" pos="-1.46e-05 14.8801918 448.7333374" quat="1 0 0 0">
      <geom conaffinity="0" contype="0" density="0" mesh="part8" name="8_part8_mesh" pos="0 0 0" rgba="0.82 0.71 0.55 1" type="mesh" />
      <site name="8_part8_horizontal_radius_site" pos="-0.0 -1.8e-06 0.0" quat="1 0 0 0" rgba="0 0 1 0.3" size="1" />
      <site name="8_part8_top_site" pos="0.0 -1.8e-06 25.4000244" quat="1 0 0 0" rgba="0 0 1 0.3" size="1" />
      <site name="8_part8_bottom_site" pos="0.0 -1.8e-06 -25.4000244" quat="1 0 0 0" rgba="0 0 1 0.3" size="1" />
      <site name="8_part8_corner_site8" pos="-249.0591567 254.0000726 25.4000244" quat="1 0 0 0" rgba="0 0 1 0.3" size="20" />
      <site name="8_part8_corner_site7" pos="249.0591567 254.0000726 25.4000244" quat="1 0 0 0" rgba="0 0 1 0.3" size="20" />
      <site name="8_part8_corner_site6" pos="249.0591567 -254.0000763 25.4000244" quat="1 0 0 0" rgba="0 0 1 0.3" size="20" />
      <site name="8_part8_corner_site5" pos="-249.0591567 -254.0000763 25.4000244" quat="1 0 0 0" rgba="0 0 1 0.3" size="20" />
      <site name="8_part8_corner_site4" pos="-249.0591567 254.0000726 -25.4000244" quat="1 0 0 0" rgba="0 0 1 0.3" size="20" />
      <site name="8_part8_corner_site3" pos="249.0591567 254.0000726 -25.4000244" quat="1 0 0 0" rgba="0 0 1 0.3" size="20" />
      <site name="8_part8_corner_site2" pos="249.0591567 -254.0000763 -25.4000244" quat="1 0 0 0" rgba="0 0 1 0.3" size="20" />
      <site name="8_part8_corner_site1" pos="-249.0591567 -254.0000763 -25.4000244" quat="1 0 0 0" rgba="0 0 1 0.3" size="20" />
    </body>
    <body name="7_part7" pos="-214.316338 -214.2934797 112.5362244" quat="1 0 0 0">
      <geom conaffinity="0" contype="0" density="0" mesh="part7" name="7_part7_mesh" pos="0 0 0" rgba="0.82 0.71 0.55 1" type="mesh" />
      <site name="7_part7_horizontal_radius_site" pos="0.0 -0.0 -0.0" quat="1 0 0 0" rgba="0 0 1 0.3" size="1" />
      <site name="7_part7_top_site" pos="0.0 0.0 326.4742126" quat="1 0 0 0" rgba="0 0 1 0.3" size="1" />
      <site name="7_part7_bottom_site" pos="0.0 0.0 -326.4742126" quat="1 0 0 0" rgba="0 0 1 0.3" size="1" />
      <site name="7_part7_corner_site8" pos="-76.8230354 76.8230121 326.4742126" quat="1 0 0 0" rgba="0 0 1 0.3" size="20" />
      <site name="7_part7_corner_site7" pos="76.8230354 76.8230121 326.4742126" quat="1 0 0 0" rgba="0 0 1 0.3" size="20" />
      <site name="7_part7_corner_site6" pos="76.8230354 -76.8230121 326.4742126" quat="1 0 0 0" rgba="0 0 1 0.3" size="20" />
      <site name="7_part7_corner_site5" pos="-76.8230354 -76.8230121 326.4742126" quat="1 0 0 0" rgba="0 0 1 0.3" size="20" />
      <site name="7_part7_corner_site4" pos="-76.8230354 76.8230121 -326.4742126" quat="1 0 0 0" rgba="0 0 1 0.3" size="20" />
      <site name="7_part7_corner_site3" pos="76.8230354 76.8230121 -326.4742126" quat="1 0 0 0" rgba="0 0 1 0.3" size="20" />
      <site name="7_part7_corner_site2" pos="76.8230354 -76.8230121 -326.4742126" quat="1 0 0 0" rgba="0 0 1 0.3" size="20" />
      <site name="7_part7_corner_site1" pos="-76.8230354 -76.8230121 -326.4742126" quat="1 0 0 0" rgba="0 0 1 0.3" size="20" />
    </body>
    <body name="6_part6" pos="214.3163088 -214.2934797 112.5362244" quat="1 0 0 0">
      <geom conaffinity="0" contype="0" density="0" mesh="part6" name="6_part6_mesh" pos="0 0 0" rgba="0.82 0.71 0.55 1" type="mesh" />
      <site name="6_part6_horizontal_radius_site" pos="-0.0 -0.0 -0.0" quat="1 0 0 0" rgba="0 0 1 0.3" size="1" />
      <site name="6_part6_top_site" pos="0.0 0.0 326.4742126" quat="1 0 0 0" rgba="0 0 1 0.3" size="1" />
      <site name="6_part6_bottom_site" pos="0.0 0.0 -326.4742126" quat="1 0 0 0" rgba="0 0 1 0.3" size="1" />
      <site name="6_part6_corner_site8" pos="-76.8230354 76.8230121 326.4742126" quat="1 0 0 0" rgba="0 0 1 0.3" size="20" />
      <site name="6_part6_corner_site7" pos="76.8230354 76.8230121 326.4742126" quat="1 0 0 0" rgba="0 0 1 0.3" size="20" />
      <site name="6_part6_corner_site6" pos="76.8230354 -76.8230121 326.4742126" quat="1 0 0 0" rgba="0 0 1 0.3" size="20" />
      <site name="6_part6_corner_site5" pos="-76.8230354 -76.8230121 326.4742126" quat="1 0 0 0" rgba="0 0 1 0.3" size="20" />
      <site name="6_part6_corner_site4" pos="-76.8230354 76.8230121 -326.4742126" quat="1 0 0 0" rgba="0 0 1 0.3" size="20" />
      <site name="6_part6_corner_site3" pos="76.8230354 76.8230121 -326.4742126" quat="1 0 0 0" rgba="0 0 1 0.3" size="20" />
      <site name="6_part6_corner_site2" pos="76.8230354 -76.8230121 -326.4742126" quat="1 0 0 0" rgba="0 0 1 0.3" size="20" />
      <site name="6_part6_corner_site1" pos="-76.8230354 -76.8230121 -326.4742126" quat="1 0 0 0" rgba="0 0 1 0.3" size="20" />
    </body>
    <body name="5_part5" pos="214.3163088 214.2934943 112.5362244" quat="1 0 0 0">
      <geom conaffinity="0" contype="0" density="0" mesh="part5" name="5_part5_mesh" pos="0 0 0" rgba="0.82 0.71 0.55 1" type="mesh" />
      <site name="5_part5_horizontal_radius_site" pos="-0.0 -0.0 -0.0" quat="1 0 0 0" rgba="0 0 1 0.3" size="1" />
      <site name="5_part5_top_site" pos="0.0 0.0 326.4742126" quat="1 0 0 0" rgba="0 0 1 0.3" size="1" />
      <site name="5_part5_bottom_site" pos="0.0 0.0 -326.4742126" quat="1 0 0 0" rgba="0 0 1 0.3" size="1" />
      <site name="5_part5_corner_site8" pos="-76.8230354 76.8230121 326.4742126" quat="1 0 0 0" rgba="0 0 1 0.3" size="20" />
      <site name="5_part5_corner_site7" pos="76.8230354 76.8230121 326.4742126" quat="1 0 0 0" rgba="0 0 1 0.3" size="20" />
      <site name="5_part5_corner_site6" pos="76.8230354 -76.8230121 326.4742126" quat="1 0 0 0" rgba="0 0 1 0.3" size="20" />
      <site name="5_part5_corner_site5" pos="-76.8230354 -76.8230121 326.4742126" quat="1 0 0 0" rgba="0 0 1 0.3" size="20" />
      <site name="5_part5_corner_site4" pos="-76.8230354 76.8230121 -326.4742126" quat="1 0 0 0" rgba="0 0 1 0.3" size="20" />
      <site name="5_part5_corner_site3" pos="76.8230354 76.8230121 -326.4742126" quat="1 0 0 0" rgba="0 0 1 0.3" size="20" />
      <site name="5_part5_corner_site2" pos="76.8230354 -76.8230121 -326.4742126" quat="1 0 0 0" rgba="0 0 1 0.3" size="20" />
      <site name="5_part5_corner_site1" pos="-76.8230354 -76.8230121 -326.4742126" quat="1 0 0 0" rgba="0 0 1 0.3" size="20" />
    </body>
    <body name="4_part4" pos="-214.316338 214.2934943 112.5362244" quat="1 0 0 0">
      <geom conaffinity="0" contype="0" density="0" mesh="part4" name="4_part4_mesh" pos="0 0 0" rgba="0.82 0.71 0.55 1" type="mesh" />
      <site name="4_part4_horizontal_radius_site" pos="-0.0 0.0 -0.0" quat="1 0 0 0" rgba="0 0 1 0.3" size="1" />
      <site name="4_part4_top_site" pos="0.0 0.0 326.4742126" quat="1 0 0 0" rgba="0 0 1 0.3" size="1" />
      <site name="4_part4_bottom_site" pos="0.0 0.0 -326.4742126" quat="1 0 0 0" rgba="0 0 1 0.3" size="1" />
      <site name="4_part4_corner_site8" pos="-76.8230354 76.8230121 326.4742126" quat="1 0 0 0" rgba="0 0 1 0.3" size="20" />
      <site name="4_part4_corner_site7" pos="76.8230354 76.8230121 326.4742126" quat="1 0 0 0" rgba="0 0 1 0.3" size="20" />
      <site name="4_part4_corner_site6" pos="76.8230354 -76.8230121 326.4742126" quat="1 0 0 0" rgba="0 0 1 0.3" size="20" />
      <site name="4_part4_corner_site5" pos="-76.8230354 -76.8230121 326.4742126" quat="1 0 0 0" rgba="0 0 1 0.3" size="20" />
      <site name="4_part4_corner_site4" pos="-76.8230354 76.8230121 -326.4742126" quat="1 0 0 0" rgba="0 0 1 0.3" size="20" />
      <site name="4_part4_corner_site3" pos="76.8230354 76.8230121 -326.4742126" quat="1 0 0 0" rgba="0 0 1 0.3" size="20" />
      <site name="4_part4_corner_site2" pos="76.8230354 -76.8230121 -326.4742126" quat="1 0 0 0" rgba="0 0 1 0.3" size="20" />
      <site name="4_part4_corner_site1" pos="-76.8230354 -76.8230121 -326.4742126" quat="1 0 0 0" rgba="0 0 1 0.3" size="20" />
    </body>
    <body name="3_part3" pos="-7.8e-06 -194.7105772 211.6666788" quat="1 0 0 0">
      <geom conaffinity="0" contype="0" density="0" mesh="part3" name="3_part3_mesh" pos="0 0 0" rgba="0.82 0.71 0.55 1" type="mesh" />
      <site name="3_part3_horizontal_radius_site" pos="-2.7e-06 0.0 1e-07" quat="1 0 0 0" rgba="0 0 1 0.3" size="1" />
      <site name="3_part3_top_site" pos="-2.7e-06 0.0 11.7111902" quat="1 0 0 0" rgba="0 0 1 0.3" size="1" />
      <site name="3_part3_bottom_site" pos="-2.7e-06 0.0 -11.71119" quat="1 0 0 0" rgba="0 0 1 0.3" size="1" />
      <site name="3_part3_corner_site8" pos="-194.7333429 11.7113037 11.7111902" quat="1 0 0 0" rgba="0 0 1 0.3" size="20" />
      <site name="3_part3_corner_site7" pos="194.7333374 11.7113037 11.7111902" quat="1 0 0 0" rgba="0 0 1 0.3" size="20" />
      <site name="3_part3_corner_site6" pos="194.7333374 -11.7113037 11.7111902" quat="1 0 0 0" rgba="0 0 1 0.3" size="20" />
      <site name="3_part3_corner_site5" pos="-194.7333429 -11.7113037 11.7111902" quat="1 0 0 0" rgba="0 0 1 0.3" size="20" />
      <site name="3_part3_corner_site4" pos="-194.7333429 11.7113037 -11.71119" quat="1 0 0 0" rgba="0 0 1 0.3" size="20" />
      <site name="3_part3_corner_site3" pos="194.7333374 11.7113037 -11.71119" quat="1 0 0 0" rgba="0 0 1 0.3" size="20" />
      <site name="3_part3_corner_site2" pos="194.7333374 -11.7113037 -11.71119" quat="1 0 0 0" rgba="0 0 1 0.3" size="20" />
      <site name="3_part3_corner_site1" pos="-194.7333429 -11.7113037 -11.71119" quat="1 0 0 0" rgba="0 0 1 0.3" size="20" />
    </body>
    <body name="2_part2" pos="237.0709542 -4.19e-05 -3.1e-06" quat="1 0 0 0">
      <geom conaffinity="0" contype="0" density="0" mesh="part2" name="2_part2_mesh" pos="0 0 0" rgba="0.82 0.71 0.55 1" type="mesh" />
      <site name="2_part2_horizontal_radius_site" pos="-2e-07 3.3e-06 -1e-07" quat="1 0 0 0" rgba="0 0 1 0.3" size="1" />
      <site name="2_part2_top_site" pos="-2e-07 3.3e-06 14.2557096" quat="1 0 0 0" rgba="0 0 1 0.3" size="1" />
      <site name="2_part2_bottom_site" pos="-2e-07 3.3e-06 -14.2557098" quat="1 0 0 0" rgba="0 0 1 0.3" size="1" />
      <site name="2_part2_corner_site8" pos="-14.2514048 237.0439061 14.2557096" quat="1 0 0 0" rgba="0 0 1 0.3" size="20" />
      <site name="2_part2_corner_site7" pos="14.2514044 237.0439061 14.2557096" quat="1 0 0 0" rgba="0 0 1 0.3" size="20" />
      <site name="2_part2_corner_site6" pos="14.2514044 -237.0438995 14.2557096" quat="1 0 0 0" rgba="0 0 1 0.3" size="20" />
      <site name="2_part2_corner_site5" pos="-14.2514048 -237.0438995 14.2557096" quat="1 0 0 0" rgba="0 0 1 0.3" size="20" />
      <site name="2_part2_corner_site4" pos="-14.2514048 237.0439061 -14.2557098" quat="1 0 0 0" rgba="0 0 1 0.3" size="20" />
      <site name="2_part2_corner_site3" pos="14.2514044 237.0439061 -14.2557098" quat="1 0 0 0" rgba="0 0 1 0.3" size="20" />
      <site name="2_part2_corner_site2" pos="14.2514044 -237.0438995 -14.2557098" quat="1 0 0 0" rgba="0 0 1 0.3" size="20" />
      <site name="2_part2_corner_site1" pos="-14.2514048 -237.0438995 -14.2557098" quat="1 0 0 0" rgba="0 0 1 0.3" size="20" />
    </body>
    <body name="1_part1" pos="-237.0709916 -4.19e-05 -3.1e-06" quat="1 0 0 0">
      <geom conaffinity="0" contype="0" density="0" mesh="part1" name="1_part1_mesh" pos="0 0 0" rgba="0.82 0.71 0.55 1" type="mesh" />
      <site name="1_part1_horizontal_radius_site" pos="-2e-07 3.3e-06 -1e-07" quat="1 0 0 0" rgba="0 0 1 0.3" size="1" />
      <site name="1_part1_top_site" pos="-1e-07 3.3e-06 14.2557096" quat="1 0 0 0" rgba="0 0 1 0.3" size="1" />
      <site name="1_part1_bottom_site" pos="-1e-07 3.3e-06 -14.2557098" quat="1 0 0 0" rgba="0 0 1 0.3" size="1" />
      <site name="1_part1_corner_site8" pos="-14.2513965 237.0439061 14.2557096" quat="1 0 0 0" rgba="0 0 1 0.3" size="20" />
      <site name="1_part1_corner_site7" pos="14.2513962 237.0439061 14.2557096" quat="1 0 0 0" rgba="0 0 1 0.3" size="20" />
      <site name="1_part1_corner_site6" pos="14.2513962 -237.0438995 14.2557096" quat="1 0 0 0" rgba="0 0 1 0.3" size="20" />
      <site name="1_part1_corner_site5" pos="-14.2513965 -237.0438995 14.2557096" quat="1 0 0 0" rgba="0 0 1 0.3" size="20" />
      <site name="1_part1_corner_site4" pos="-14.2513965 237.0439061 -14.2557098" quat="1 0 0 0" rgba="0 0 1 0.3" size="20" />
      <site name="1_part1_corner_site3" pos="14.2513962 237.0439061 -14.2557098" quat="1 0 0 0" rgba="0 0 1 0.3" size="20" />
      <site name="1_part1_corner_site2" pos="14.2513962 -237.0438995 -14.2557098" quat="1 0 0 0" rgba="0 0 1 0.3" size="20" />
      <site name="1_part1_corner_site1" pos="-14.2513965 -237.0438995 -14.2557098" quat="1 0 0 0" rgba="0 0 1 0.3" size="20" />
    </body>
  </worldbody>
</mujoco>
