<mujoco model="bookcase_besta_0170">
  <asset>
    <mesh file="0.stl" name="part0" scale="0.0005 0.0005 0.0005" />
    <mesh file="8.stl" name="part8" scale="0.0005 0.0005 0.0005" />
    <mesh file="7.stl" name="part7" scale="0.0005 0.0005 0.0005" />
    <mesh file="6.stl" name="part6" scale="0.0005 0.0005 0.0005" />
    <mesh file="5.stl" name="part5" scale="0.0005 0.0005 0.0005" />
    <mesh file="4.stl" name="part4" scale="0.0005 0.0005 0.0005" />
    <mesh file="3.stl" name="part3" scale="0.0005 0.0005 0.0005" />
    <mesh file="2.stl" name="part2" scale="0.0005 0.0005 0.0005" />
    <mesh file="1.stl" name="part1" scale="0.0005 0.0005 0.0005" />
  </asset>
  <equality>
    <weld active="false" body1="0_part0" body2="2_part2" solimp="1 1 0.5" solref="0.01 0.3" />
    <weld active="false" body1="8_part8" body2="6_part6" solimp="1 1 0.5" solref="0.01 0.3" />
    <weld active="false" body1="8_part8" body2="4_part4" solimp="1 1 0.5" solref="0.01 0.3" />
    <weld active="false" body1="7_part7" body2="4_part4" solimp="1 1 0.5" solref="0.01 0.3" />
    <weld active="false" body1="7_part7" body2="5_part5" solimp="1 1 0.5" solref="0.01 0.3" />
    <weld active="false" body1="6_part6" body2="1_part1" solimp="1 1 0.5" solref="0.01 0.3" />
    <weld active="false" body1="6_part6" body2="3_part3" solimp="1 1 0.5" solref="0.01 0.3" />
    <weld active="false" body1="5_part5" body2="2_part2" solimp="1 1 0.5" solref="0.01 0.3" />
    <weld active="false" body1="5_part5" body2="3_part3" solimp="1 1 0.5" solref="0.01 0.3" />
    <weld active="false" body1="4_part4" body2="2_part2" solimp="1 1 0.5" solref="0.01 0.3" />
    <weld active="false" body1="4_part4" body2="3_part3" solimp="1 1 0.5" solref="0.01 0.3" />
    <weld active="false" body1="2_part2" body2="1_part1" solimp="1 1 0.5" solref="0.01 0.3" />
  </equality>
  <worldbody>
    <body name="0_part0" pos="2e-10 5e-11 0.0" quat="1 0 0 0">
      <geom conaffinity="0" contype="0" density="0" mesh="part0" name="0_part0_mesh" pos="0.0 0.0 0.0" rgba="0.82 0.71 0.55 1" type="mesh" />
      <site name="0_part0_horizontal_radius_site" pos="2e-10 5e-11 0.0" quat="1 0 0 0" rgba="0 0 1 0" size="0.01" />
      <site name="0_part0_top_site" pos="1.5e-10 0.0 0.11430589295" quat="1 0 0 0" rgba="0 0 1 0" size="0.01" />
      <site name="0_part0_bottom_site" pos="1.5e-10 0.0 -0.11430589295" quat="1 0 0 0" rgba="0 0 1 0" size="0.01" />
      <site name="0_part0_corner_site8" pos="-0.13906500245 0.00202235395 0.11430589295" quat="1 0 0 0" rgba="0 0 1 0" size="0.01" />
      <site name="0_part0_corner_site7" pos="0.1390650028 0.00202235395 0.11430589295" quat="1 0 0 0" rgba="0 0 1 0" size="0.01" />
      <site name="0_part0_corner_site6" pos="0.1390650028 -0.0020223539 0.11430589295" quat="1 0 0 0" rgba="0 0 1 0" size="0.01" />
      <site name="0_part0_corner_site5" pos="-0.13906500245 -0.0020223539 0.11430589295" quat="1 0 0 0" rgba="0 0 1 0" size="0.01" />
      <site name="0_part0_corner_site4" pos="-0.13906500245 0.00202235395 -0.11430589295" quat="1 0 0 0" rgba="0 0 1 0" size="0.01" />
      <site name="0_part0_corner_site3" pos="0.1390650028 0.00202235395 -0.11430589295" quat="1 0 0 0" rgba="0 0 1 0" size="0.01" />
      <site name="0_part0_corner_site2" pos="0.1390650028 -0.0020223539 -0.11430589295" quat="1 0 0 0" rgba="0 0 1 0" size="0.01" />
      <site name="0_part0_corner_site1" pos="-0.13906500245 -0.0020223539 -0.11430589295" quat="1 0 0 0" rgba="0 0 1 0" size="0.01" />
      <site name="0_part0-2_part2,0,180,conn_site" pos="-0.0046500000000000005 0.00039999995 0.1142474" quat="1 0 0 0" rgba="0.9787, 0.1799, 0.1799, 0.3" size="0.01" />
    </body>
    <body name="8_part8" pos="0.29879042535 0.1074300703 -0.0030907227000000004" quat="1 0 0 0">
      <geom conaffinity="0" contype="0" density="0" mesh="part8" name="8_part8_mesh" pos="0.0 0.0 0.0" rgba="0.82 0.71 0.55 1" type="mesh" />
      <site name="8_part8_horizontal_radius_site" pos="0.0 0.0 0.0" quat="1 0 0 0" rgba="0 0 1 0" size="0.01" />
      <site name="8_part8_top_site" pos="0.0 0.0 0.00635" quat="1 0 0 0" rgba="0 0 1 0" size="0.01" />
      <site name="8_part8_bottom_site" pos="0.0 0.0 -0.00635" quat="1 0 0 0" rgba="0 0 1 0" size="0.01" />
      <site name="8_part8_corner_site8" pos="-0.136525 0.10540771635 0.00635" quat="1 0 0 0" rgba="0 0 1 0" size="0.01" />
      <site name="8_part8_corner_site7" pos="0.136525 0.10540771635 0.00635" quat="1 0 0 0" rgba="0 0 1 0" size="0.01" />
      <site name="8_part8_corner_site6" pos="0.136525 -0.10540771635 0.00635" quat="1 0 0 0" rgba="0 0 1 0" size="0.01" />
      <site name="8_part8_corner_site5" pos="-0.136525 -0.10540771635 0.00635" quat="1 0 0 0" rgba="0 0 1 0" size="0.01" />
      <site name="8_part8_corner_site4" pos="-0.136525 0.10540771635 -0.00635" quat="1 0 0 0" rgba="0 0 1 0" size="0.01" />
      <site name="8_part8_corner_site3" pos="0.136525 0.10540771635 -0.00635" quat="1 0 0 0" rgba="0 0 1 0" size="0.01" />
      <site name="8_part8_corner_site2" pos="0.136525 -0.10540771635 -0.00635" quat="1 0 0 0" rgba="0 0 1 0" size="0.01" />
      <site name="8_part8_corner_site1" pos="-0.136525 -0.10540771635 -0.00635" quat="1 0 0 0" rgba="0 0 1 0" size="0.01" />
      <site name="8_part8-6_part6,0,180,conn_site" pos="0.13620955 -0.004821090500000001 -0.001259277" quat="1 0 0 0" rgba="0.9761, 0.5501, 0.1242, 0.3" size="0.01" />
      <site name="8_part8-4_part4,0,180,conn_site" pos="-0.13739045 -0.004821090500000001 -0.0030592774999999997" quat="1 0 0 0" rgba="0.9858, 0.9858, 0.0911, 0.3" size="0.01" />
    </body>
    <body name="7_part7" pos="0.00034042535 0.1074300703 -0.0030907227000000004" quat="1 0 0 0">
      <geom conaffinity="0" contype="0" density="0" mesh="part7" name="7_part7_mesh" pos="0.0 0.0 0.0" rgba="0.82 0.71 0.55 1" type="mesh" />
      <site name="7_part7_horizontal_radius_site" pos="0.0 0.0 0.0" quat="1 0 0 0" rgba="0 0 1 0" size="0.01" />
      <site name="7_part7_top_site" pos="0.0 0.0 0.00635" quat="1 0 0 0" rgba="0 0 1 0" size="0.01" />
      <site name="7_part7_bottom_site" pos="0.0 0.0 -0.00635" quat="1 0 0 0" rgba="0 0 1 0" size="0.01" />
      <site name="7_part7_corner_site8" pos="-0.136525 0.10540771635 0.00635" quat="1 0 0 0" rgba="0 0 1 0" size="0.01" />
      <site name="7_part7_corner_site7" pos="0.136525 0.10540771635 0.00635" quat="1 0 0 0" rgba="0 0 1 0" size="0.01" />
      <site name="7_part7_corner_site6" pos="0.136525 -0.10540771635 0.00635" quat="1 0 0 0" rgba="0 0 1 0" size="0.01" />
      <site name="7_part7_corner_site5" pos="-0.136525 -0.10540771635 0.00635" quat="1 0 0 0" rgba="0 0 1 0" size="0.01" />
      <site name="7_part7_corner_site4" pos="-0.136525 0.10540771635 -0.00635" quat="1 0 0 0" rgba="0 0 1 0" size="0.01" />
      <site name="7_part7_corner_site3" pos="0.136525 0.10540771635 -0.00635" quat="1 0 0 0" rgba="0 0 1 0" size="0.01" />
      <site name="7_part7_corner_site2" pos="0.136525 -0.10540771635 -0.00635" quat="1 0 0 0" rgba="0 0 1 0" size="0.01" />
      <site name="7_part7_corner_site1" pos="-0.136525 -0.10540771635 -0.00635" quat="1 0 0 0" rgba="0 0 1 0" size="0.01" />
      <site name="7_part7-4_part4,0,180,conn_site" pos="0.13615960000000002 -0.004821090500000001 -0.001109277" quat="1 0 0 0" rgba="0.5508, 0.9555, 0.1461, 0.3" size="0.01" />
      <site name="7_part7-5_part5,0,180,conn_site" pos="-0.1360404 -0.004821090500000001 -0.0024592775" quat="1 0 0 0" rgba="0.0554, 0.9591, 0.0554, 0.3" size="0.01" />
    </body>
    <body name="6_part6" pos="0.44166542535000003 0.09778788215 0.00064371055" quat="1 0 0 0">
      <geom conaffinity="0" contype="0" density="0" mesh="part6" name="6_part6_mesh" pos="0.0 0.0 0.0" rgba="0.82 0.71 0.55 1" type="mesh" />
      <site name="6_part6_horizontal_radius_site" pos="0.0 6e-10 0.0" quat="1 0 0 0" rgba="0 0 1 0" size="0.01" />
      <site name="6_part6_top_site" pos="0.0 6e-10 0.11504990385000001" quat="1 0 0 0" rgba="0 0 1 0" size="0.01" />
      <site name="6_part6_bottom_site" pos="0.0 6e-10 -0.11504990385000001" quat="1 0 0 0" rgba="0 0 1 0" size="0.01" />
      <site name="6_part6_corner_site8" pos="-0.00635 0.11504990505000001 0.11504990385000001" quat="1 0 0 0" rgba="0 0 1 0" size="0.01" />
      <site name="6_part6_corner_site7" pos="0.00635 0.11504990505000001 0.11504990385000001" quat="1 0 0 0" rgba="0 0 1 0" size="0.01" />
      <site name="6_part6_corner_site6" pos="0.00635 -0.11504990385000001 0.11504990385000001" quat="1 0 0 0" rgba="0 0 1 0" size="0.01" />
      <site name="6_part6_corner_site5" pos="-0.00635 -0.11504990385000001 0.11504990385000001" quat="1 0 0 0" rgba="0 0 1 0" size="0.01" />
      <site name="6_part6_corner_site4" pos="-0.00635 0.11504990505000001 -0.11504990385000001" quat="1 0 0 0" rgba="0 0 1 0" size="0.01" />
      <site name="6_part6_corner_site3" pos="0.00635 0.11504990505000001 -0.11504990385000001" quat="1 0 0 0" rgba="0 0 1 0" size="0.01" />
      <site name="6_part6_corner_site2" pos="0.00635 -0.11504990385000001 -0.11504990385000001" quat="1 0 0 0" rgba="0 0 1 0" size="0.01" />
      <site name="6_part6_corner_site1" pos="-0.00635 -0.11504990385000001 -0.11504990385000001" quat="1 0 0 0" rgba="0 0 1 0" size="0.01" />
      <site name="6_part6-1_part1,0,180,conn_site" pos="0.004984558 -0.0971379 5.014855e-05" quat="1 0 0 0" rgba="0.1463, 0.9648, 0.5556, 0.3" size="0.01" />
      <site name="6_part6-8_part8,0,180,conn_site" pos="-0.006665435000000001 0.0048210985 -0.0049937105" quat="1 0 0 0" rgba="0.9761, 0.5501, 0.1242, 0.3" size="0.01" />
      <site name="6_part6-3_part3,0,180,conn_site" pos="0.003584564 0.00040753935 -0.1150437" quat="1 0 0 0" rgba="0.0511, 0.9972, 0.9972, 0.3" size="0.01" />
    </body>
    <body name="5_part5" pos="-0.1425345768 0.09778788215 0.00064371055" quat="1 0 0 0">
      <geom conaffinity="0" contype="0" density="0" mesh="part5" name="5_part5_mesh" pos="0.0 0.0 0.0" rgba="0.82 0.71 0.55 1" type="mesh" />
      <site name="5_part5_horizontal_radius_site" pos="0.0 6e-10 0.0" quat="1 0 0 0" rgba="0 0 1 0" size="0.01" />
      <site name="5_part5_top_site" pos="0.0 6e-10 0.11504990385000001" quat="1 0 0 0" rgba="0 0 1 0" size="0.01" />
      <site name="5_part5_bottom_site" pos="0.0 6e-10 -0.11504990385000001" quat="1 0 0 0" rgba="0 0 1 0" size="0.01" />
      <site name="5_part5_corner_site8" pos="-0.0063500061 0.11504990505000001 0.11504990385000001" quat="1 0 0 0" rgba="0 0 1 0" size="0.01" />
      <site name="5_part5_corner_site7" pos="0.0063500061 0.11504990505000001 0.11504990385000001" quat="1 0 0 0" rgba="0 0 1 0" size="0.01" />
      <site name="5_part5_corner_site6" pos="0.0063500061 -0.11504990385000001 0.11504990385000001" quat="1 0 0 0" rgba="0 0 1 0" size="0.01" />
      <site name="5_part5_corner_site5" pos="-0.0063500061 -0.11504990385000001 0.11504990385000001" quat="1 0 0 0" rgba="0 0 1 0" size="0.01" />
      <site name="5_part5_corner_site4" pos="-0.0063500061 0.11504990505000001 -0.11504990385000001" quat="1 0 0 0" rgba="0 0 1 0" size="0.01" />
      <site name="5_part5_corner_site3" pos="0.0063500061 0.11504990505000001 -0.11504990385000001" quat="1 0 0 0" rgba="0 0 1 0" size="0.01" />
      <site name="5_part5_corner_site2" pos="0.0063500061 -0.11504990385000001 -0.11504990385000001" quat="1 0 0 0" rgba="0 0 1 0" size="0.01" />
      <site name="5_part5_corner_site1" pos="-0.0063500061 -0.11504990385000001 -0.11504990385000001" quat="1 0 0 0" rgba="0 0 1 0" size="0.01" />
      <site name="5_part5-2_part2,0,180,conn_site" pos="-0.0019654235 -0.00040753175 0.11535630000000001" quat="1 0 0 0" rgba="0.0987, 0.5335, 0.9682, 0.3" size="0.01" />
      <site name="5_part5-7_part7,0,180,conn_site" pos="0.00683458 0.0048210985 -0.006193710000000001" quat="1 0 0 0" rgba="0.0554, 0.9591, 0.0554, 0.3" size="0.01" />
      <site name="5_part5-3_part3,0,180,conn_site" pos="-0.0026154175 0.00040753935 -0.11429755" quat="1 0 0 0" rgba="0.1505, 0.1505, 0.9967, 0.3" size="0.01" />
    </body>
    <body name="4_part4" pos="0.1495654258 0.09778788215 0.00064371055" quat="1 0 0 0">
      <geom conaffinity="0" contype="0" density="0" mesh="part4" name="4_part4_mesh" pos="0.0 0.0 0.0" rgba="0.82 0.71 0.55 1" type="mesh" />
      <site name="4_part4_horizontal_radius_site" pos="0.0 6e-10 0.0" quat="1 0 0 0" rgba="0 0 1 0" size="0.01" />
      <site name="4_part4_top_site" pos="0.0 6e-10 0.11504990385000001" quat="1 0 0 0" rgba="0 0 1 0" size="0.01" />
      <site name="4_part4_bottom_site" pos="0.0 6e-10 -0.11504990385000001" quat="1 0 0 0" rgba="0 0 1 0" size="0.01" />
      <site name="4_part4_corner_site8" pos="-0.012700000749999999 0.11504990505000001 0.11504990385000001" quat="1 0 0 0" rgba="0 0 1 0" size="0.01" />
      <site name="4_part4_corner_site7" pos="0.012700000749999999 0.11504990505000001 0.11504990385000001" quat="1 0 0 0" rgba="0 0 1 0" size="0.01" />
      <site name="4_part4_corner_site6" pos="0.012700000749999999 -0.11504990385000001 0.11504990385000001" quat="1 0 0 0" rgba="0 0 1 0" size="0.01" />
      <site name="4_part4_corner_site5" pos="-0.012700000749999999 -0.11504990385000001 0.11504990385000001" quat="1 0 0 0" rgba="0 0 1 0" size="0.01" />
      <site name="4_part4_corner_site4" pos="-0.012700000749999999 0.11504990505000001 -0.11504990385000001" quat="1 0 0 0" rgba="0 0 1 0" size="0.01" />
      <site name="4_part4_corner_site3" pos="0.012700000749999999 0.11504990505000001 -0.11504990385000001" quat="1 0 0 0" rgba="0 0 1 0" size="0.01" />
      <site name="4_part4_corner_site2" pos="0.012700000749999999 -0.11504990385000001 -0.11504990385000001" quat="1 0 0 0" rgba="0 0 1 0" size="0.01" />
      <site name="4_part4_corner_site1" pos="-0.012700000749999999 -0.11504990385000001 -0.11504990385000001" quat="1 0 0 0" rgba="0 0 1 0" size="0.01" />
      <site name="4_part4-2_part2,0,180,conn_site" pos="0.0 -0.00040753175 0.11429755" quat="1 0 0 0" rgba="0.5629, 0.1573, 0.9685, 0.3" size="0.01" />
      <site name="4_part4-8_part8,0,180,conn_site" pos="0.011834565 0.0048210985 -0.00679371" quat="1 0 0 0" rgba="0.9858, 0.9858, 0.0911, 0.3" size="0.01" />
      <site name="4_part4-3_part3,0,180,conn_site" pos="0.0 0.00040753935 -0.11394370000000001" quat="1 0 0 0" rgba="0.9559, 0.1326, 0.9559, 0.3" size="0.01" />
      <site name="4_part4-7_part7,0,180,conn_site" pos="-0.01306543 0.0048210985 -0.0048437105" quat="1 0 0 0" rgba="0.5508, 0.9555, 0.1461, 0.3" size="0.01" />
    </body>
    <body name="3_part3" pos="0.14956540955 0.09860296060000001 -0.12317861005000001" quat="1 0 0 0">
      <geom conaffinity="0" contype="0" density="0" mesh="part3" name="3_part3_mesh" pos="0.0 0.0 0.0" rgba="0.82 0.71 0.55 1" type="mesh" />
      <site name="3_part3_horizontal_radius_site" pos="3.6e-09 1e-10 0.0" quat="1 0 0 0" rgba="0 0 1 0" size="0.01" />
      <site name="3_part3_top_site" pos="3.55e-09 1e-10 0.010277169300000001" quat="1 0 0 0" rgba="0 0 1 0" size="0.01" />
      <site name="3_part3_bottom_site" pos="3.55e-09 1e-10 -0.010277169300000001" quat="1 0 0 0" rgba="0 0 1 0" size="0.01" />
      <site name="3_part3_corner_site8" pos="-0.2984500122 0.11436022205 0.010277169300000001" quat="1 0 0 0" rgba="0 0 1 0" size="0.01" />
      <site name="3_part3_corner_site7" pos="0.29845001935 0.11436022205 0.010277169300000001" quat="1 0 0 0" rgba="0 0 1 0" size="0.01" />
      <site name="3_part3_corner_site6" pos="0.29845001935 -0.11436022185 0.010277169300000001" quat="1 0 0 0" rgba="0 0 1 0" size="0.01" />
      <site name="3_part3_corner_site5" pos="-0.2984500122 -0.11436022185 0.010277169300000001" quat="1 0 0 0" rgba="0 0 1 0" size="0.01" />
      <site name="3_part3_corner_site4" pos="-0.2984500122 0.11436022205 -0.010277169300000001" quat="1 0 0 0" rgba="0 0 1 0" size="0.01" />
      <site name="3_part3_corner_site3" pos="0.29845001935 0.11436022205 -0.010277169300000001" quat="1 0 0 0" rgba="0 0 1 0" size="0.01" />
      <site name="3_part3_corner_site2" pos="0.29845001935 -0.11436022185 -0.010277169300000001" quat="1 0 0 0" rgba="0 0 1 0" size="0.01" />
      <site name="3_part3_corner_site1" pos="-0.2984500122 -0.11436022185 -0.010277169300000001" quat="1 0 0 0" rgba="0 0 1 0" size="0.01" />
      <site name="3_part3-6_part6,0,180,conn_site" pos="0.29568455 -0.00040753935 0.008778610000000001" quat="1 0 0 0" rgba="0.0511, 0.9972, 0.9972, 0.3" size="0.01" />
      <site name="3_part3-4_part4,0,180,conn_site" pos="1.525879e-08 -0.00040753935 0.00987861" quat="1 0 0 0" rgba="0.9559, 0.1326, 0.9559, 0.3" size="0.01" />
      <site name="3_part3-5_part5,0,180,conn_site" pos="-0.2947154 -0.00040753935 0.00952479" quat="1 0 0 0" rgba="0.1505, 0.1505, 0.9967, 0.3" size="0.01" />
    </body>
    <body name="2_part2" pos="0.14956542535 0.09697281355 0.12446602470000001" quat="1 0 0 0">
      <geom conaffinity="0" contype="0" density="0" mesh="part2" name="2_part2_mesh" pos="0.0 0.0 0.0" rgba="0.82 0.71 0.55 1" type="mesh" />
      <site name="2_part2_horizontal_radius_site" pos="0.0 0.0 -0.0" quat="1 0 0 0" rgba="0 0 1 0" size="0.01" />
      <site name="2_part2_top_site" pos="0.0 0.0 0.010277169300000001" quat="1 0 0 0" rgba="0 0 1 0" size="0.01" />
      <site name="2_part2_bottom_site" pos="0.0 0.0 -0.010277169300000001" quat="1 0 0 0" rgba="0 0 1 0" size="0.01" />
      <site name="2_part2_corner_site8" pos="-0.29845 0.1143602217 0.010277169300000001" quat="1 0 0 0" rgba="0 0 1 0" size="0.01" />
      <site name="2_part2_corner_site7" pos="0.29845 0.1143602217 0.010277169300000001" quat="1 0 0 0" rgba="0 0 1 0" size="0.01" />
      <site name="2_part2_corner_site6" pos="0.29845 -0.1143602217 0.010277169300000001" quat="1 0 0 0" rgba="0 0 1 0" size="0.01" />
      <site name="2_part2_corner_site5" pos="-0.29845 -0.1143602217 0.010277169300000001" quat="1 0 0 0" rgba="0 0 1 0" size="0.01" />
      <site name="2_part2_corner_site4" pos="-0.29845 0.1143602217 -0.010277169300000001" quat="1 0 0 0" rgba="0 0 1 0" size="0.01" />
      <site name="2_part2_corner_site3" pos="0.29845 0.1143602217 -0.010277169300000001" quat="1 0 0 0" rgba="0 0 1 0" size="0.01" />
      <site name="2_part2_corner_site2" pos="0.29845 -0.1143602217 -0.010277169300000001" quat="1 0 0 0" rgba="0 0 1 0" size="0.01" />
      <site name="2_part2_corner_site1" pos="-0.29845 -0.1143602217 -0.010277169300000001" quat="1 0 0 0" rgba="0 0 1 0" size="0.01" />
      <site name="2_part2-1_part1,0,180,conn_site" pos="0.14693455 -0.0914728 -0.010218650000000001" quat="1 0 0 0" rgba="0.9936, 0.1179, 0.5557, 0.3" size="0.01" />
      <site name="2_part2-0_part0,0,180,conn_site" pos="-0.1542154 -0.0965728 -0.010218650000000001" quat="1 0 0 0" rgba="0.9787, 0.1799, 0.1799, 0.3" size="0.01" />
      <site name="2_part2-4_part4,0,180,conn_site" pos="0.0 0.00040753175 -0.00952479" quat="1 0 0 0" rgba="0.5629, 0.1573, 0.9685, 0.3" size="0.01" />
      <site name="2_part2-5_part5,0,180,conn_site" pos="-0.29406545 0.00040753175 -0.008466025" quat="1 0 0 0" rgba="0.0987, 0.5335, 0.9682, 0.3" size="0.01" />
    </body>
    <body name="1_part1" pos="0.29947947655 5e-11 0.0" quat="1 0 0 0">
      <geom conaffinity="0" contype="0" density="0" mesh="part1" name="1_part1_mesh" pos="0.0 0.0 0.0" rgba="0.82 0.71 0.55 1" type="mesh" />
      <site name="1_part1_horizontal_radius_site" pos="0.0 5e-11 0.0" quat="1 0 0 0" rgba="0 0 1 0" size="0.01" />
      <site name="1_part1_top_site" pos="0.0 0.0 0.11430589295" quat="1 0 0 0" rgba="0 0 1 0" size="0.01" />
      <site name="1_part1_bottom_site" pos="0.0 0.0 -0.11430589295" quat="1 0 0 0" rgba="0 0 1 0" size="0.01" />
      <site name="1_part1_corner_site8" pos="-0.1390650177 0.00202235395 0.11430589295" quat="1 0 0 0" rgba="0 0 1 0" size="0.01" />
      <site name="1_part1_corner_site7" pos="0.1390650177 0.00202235395 0.11430589295" quat="1 0 0 0" rgba="0 0 1 0" size="0.01" />
      <site name="1_part1_corner_site6" pos="0.1390650177 -0.0020223539 0.11430589295" quat="1 0 0 0" rgba="0 0 1 0" size="0.01" />
      <site name="1_part1_corner_site5" pos="-0.1390650177 -0.0020223539 0.11430589295" quat="1 0 0 0" rgba="0 0 1 0" size="0.01" />
      <site name="1_part1_corner_site4" pos="-0.1390650177 0.00202235395 -0.11430589295" quat="1 0 0 0" rgba="0 0 1 0" size="0.01" />
      <site name="1_part1_corner_site3" pos="0.1390650177 0.00202235395 -0.11430589295" quat="1 0 0 0" rgba="0 0 1 0" size="0.01" />
      <site name="1_part1_corner_site2" pos="0.1390650177 -0.0020223539 -0.11430589295" quat="1 0 0 0" rgba="0 0 1 0" size="0.01" />
      <site name="1_part1_corner_site1" pos="-0.1390650177 -0.0020223539 -0.11430589295" quat="1 0 0 0" rgba="0 0 1 0" size="0.01" />
      <site name="1_part1-2_part2,0,180,conn_site" pos="-0.0029794615000000003 0.0055 0.1142474" quat="1 0 0 0" rgba="0.9936, 0.1179, 0.5557, 0.3" size="0.01" />
      <site name="1_part1-6_part6,0,180,conn_site" pos="0.14717054999999998 0.0006500000000000001 0.000693859" quat="1 0 0 0" rgba="0.1463, 0.9648, 0.5556, 0.3" size="0.01" />
    </body>
  </worldbody>
</mujoco>