<mujoco model="bench_bjoderna_0208">
  <asset>
    <mesh file="0.stl" name="part0" scale="0.001 0.001 0.001" />
    <mesh file="9.stl" name="part9" scale="0.001 0.001 0.001" />
    <mesh file="8.stl" name="part8" scale="0.001 0.001 0.001" />
    <mesh file="7.stl" name="part7" scale="0.001 0.001 0.001" />
    <mesh file="6.stl" name="part6" scale="0.001 0.001 0.001" />
    <mesh file="5.stl" name="part5" scale="0.001 0.001 0.001" />
    <mesh file="4.stl" name="part4" scale="0.001 0.001 0.001" />
    <mesh file="3.stl" name="part3" scale="0.001 0.001 0.001" />
    <mesh file="2.stl" name="part2" scale="0.001 0.001 0.001" />
    <mesh file="10.stl" name="part10" scale="0.001 0.001 0.001" />
    <mesh file="1.stl" name="part1" scale="0.001 0.001 0.001" />
  </asset>
  <equality>
    <weld active="false" body1="0_part0" body2="10_part10" solimp="1 1 0.5" solref="0.01 0.3" />
    <weld active="false" body1="0_part0" body2="5_part5" solimp="1 1 0.5" solref="0.01 0.3" />
    <weld active="false" body1="10_part10" body2="1_part1" solimp="1 1 0.5" solref="0.01 0.3" />
    <weld active="false" body1="10_part10" body2="4_part4" solimp="1 1 0.5" solref="0.01 0.3" />
    <weld active="false" body1="10_part10" body2="3_part3" solimp="1 1 0.5" solref="0.01 0.3" />
    <weld active="false" body1="10_part10" body2="2_part2" solimp="1 1 0.5" solref="0.01 0.3" />
    <weld active="false" body1="10_part10" body2="7_part7" solimp="1 1 0.5" solref="0.01 0.3" />
    <weld active="false" body1="10_part10" body2="8_part8" solimp="1 1 0.5" solref="0.01 0.3" />
    <weld active="false" body1="10_part10" body2="6_part6" solimp="1 1 0.5" solref="0.01 0.3" />
    <weld active="false" body1="5_part5" body2="4_part4" solimp="1 1 0.5" solref="0.01 0.3" />
    <weld active="false" body1="5_part5" body2="1_part1" solimp="1 1 0.5" solref="0.01 0.3" />
    <weld active="false" body1="5_part5" body2="3_part3" solimp="1 1 0.5" solref="0.01 0.3" />
  </equality>
  <worldbody>
    <body name="0_part0" pos="4e-10 0.0 0.0" quat="1 0 0 0">
      <geom conaffinity="0" contype="0" density="0" mesh="part0" name="0_part0_mesh" pos="0.0 0.0 0.0" rgba="0.82 0.71 0.55 1" type="mesh" />
      <site name="0_part0_horizontal_radius_site" pos="4e-10 0.0 0.0" quat="1 0 0 0" rgba="0 0 1 0" size="0.02" />
      <site name="0_part0_top_site" pos="4e-10 1e-10 0.2286000061" quat="1 0 0 0" rgba="0 0 1 0" size="0.02" />
      <site name="0_part0_bottom_site" pos="4e-10 1e-10 -0.2286000061" quat="1 0 0 0" rgba="0 0 1 0" size="0.02" />
      <site name="0_part0_corner_site8" pos="-0.0254000827 0.0254000454 0.2286000061" quat="1 0 0 0" rgba="0 0 1 0" size="0.02" />
      <site name="0_part0_corner_site7" pos="0.0254000835 0.0254000454 0.2286000061" quat="1 0 0 0" rgba="0 0 1 0" size="0.02" />
      <site name="0_part0_corner_site6" pos="0.0254000835 -0.0254000453 0.2286000061" quat="1 0 0 0" rgba="0 0 1 0" size="0.02" />
      <site name="0_part0_corner_site5" pos="-0.0254000827 -0.0254000453 0.2286000061" quat="1 0 0 0" rgba="0 0 1 0" size="0.02" />
      <site name="0_part0_corner_site4" pos="-0.0254000827 0.0254000454 -0.2286000061" quat="1 0 0 0" rgba="0 0 1 0" size="0.02" />
      <site name="0_part0_corner_site3" pos="0.0254000835 0.0254000454 -0.2286000061" quat="1 0 0 0" rgba="0 0 1 0" size="0.02" />
      <site name="0_part0_corner_site2" pos="0.0254000835 -0.0254000453 -0.2286000061" quat="1 0 0 0" rgba="0 0 1 0" size="0.02" />
      <site name="0_part0_corner_site1" pos="-0.0254000827 -0.0254000453 -0.2286000061" quat="1 0 0 0" rgba="0 0 1 0" size="0.02" />
      <site name="leg-topplane,0,90,180,270,conn_site0" pos="0.0009999996 0.035 0.227" quat="1 0 0 0" rgba="0.9843, 0.0626, 0.0626, 0.3" size="0.02" />
      <site name="leg-botplane,0,90,180,270,conn_site0" pos="-0.026000000000000002 -0.001 -0.0126" quat="1 0 0 0" rgba="0.9895, 0.5315, 0.0735, 0.3" size="0.02" />
    </body>
    <body name="10_part10" pos="-0.1651000459 -0.5588000684 0.23494999390000001" quat="1 0 0 0">
      <geom conaffinity="0" contype="0" density="0" mesh="part10" name="10_part10_mesh" pos="0.0 0.0 0.0" rgba="0.82 0.71 0.55 1" type="mesh" />
      <site name="10_part10_horizontal_radius_site" pos="2.9000000000000003e-09 -1.35e-08 0.0" quat="1 0 0 0" rgba="0 0 1 0" size="0.02" />
      <site name="10_part10_top_site" pos="3e-09 -1.35e-08 0.00635" quat="1 0 0 0" rgba="0 0 1 0" size="0.02" />
      <site name="10_part10_bottom_site" pos="3e-09 -1.35e-08 -0.00635" quat="1 0 0 0" rgba="0 0 1 0" size="0.02" />
      <site name="10_part10_corner_site8" pos="-0.2159000338 0.6096000096 0.00635" quat="1 0 0 0" rgba="0 0 1 0" size="0.02" />
      <site name="10_part10_corner_site7" pos="0.21590003970000002 0.6096000096 0.00635" quat="1 0 0 0" rgba="0 0 1 0" size="0.02" />
      <site name="10_part10_corner_site6" pos="0.21590003970000002 -0.6096000366 0.00635" quat="1 0 0 0" rgba="0 0 1 0" size="0.02" />
      <site name="10_part10_corner_site5" pos="-0.2159000338 -0.6096000366 0.00635" quat="1 0 0 0" rgba="0 0 1 0" size="0.02" />
      <site name="10_part10_corner_site4" pos="-0.2159000338 0.6096000096 -0.00635" quat="1 0 0 0" rgba="0 0 1 0" size="0.02" />
      <site name="10_part10_corner_site3" pos="0.21590003970000002 0.6096000096 -0.00635" quat="1 0 0 0" rgba="0 0 1 0" size="0.02" />
      <site name="10_part10_corner_site2" pos="0.21590003970000002 -0.6096000366 -0.00635" quat="1 0 0 0" rgba="0 0 1 0" size="0.02" />
      <site name="10_part10_corner_site1" pos="-0.2159000338 -0.6096000366 -0.00635" quat="1 0 0 0" rgba="0 0 1 0" size="0.02" />
      <site name="topplane-leg,0,90,180,270,conn_site0" pos="0.1661001 0.5938 -0.007949997" quat="1 0 0 0" rgba="0.9843, 0.0626, 0.0626, 0.3" size="0.02" />
      <site name="topplane-leg,0,90,180,270,conn_site1" pos="-0.1666999 0.5852999999999999 -0.007149994000000001" quat="1 0 0 0" rgba="0.9651, 0.9651, 0.1176, 0.3" size="0.02" />
      <site name="topplane-leg,0,90,180,270,conn_site2" pos="0.1671001 -0.5822 -0.001949997" quat="1 0 0 0" rgba="0.5501, 0.9786, 0.1217, 0.3" size="0.02" />
      <site name="topplane-leg,0,90,180,270,conn_site3" pos="-0.1588999 -0.5762 -0.004949997" quat="1 0 0 0" rgba="0.1723, 0.975, 0.1723, 0.3" size="0.02" />
      <site name="topplane-2_part2,0,180,conn_site0" pos="0.2081001 -0.03319995 -0.003949997" quat="1 0 0 0" rgba="0.1954, 0.9639, 0.5797, 0.3" size="0.02" />
      <site name="topplane-shortside,0,180,conn_site0" pos="-0.011899950000000001 0.5418999999999999 -0.008949997" quat="1 0 0 0" rgba="0.0342, 0.9839, 0.9839, 0.3" size="0.02" />
      <site name="topplane-longside,0,180,conn_site0" pos="0.1621001 0.0 -0.001949997" quat="1 0 0 0" rgba="0.0688, 0.5294, 0.99, 0.3" size="0.02" />
      <site name="topplane-longside,0,180,conn_site1" pos="-0.1828999 0.0 -0.007949997" quat="1 0 0 0" rgba="0.0763, 0.0763, 0.9544, 0.3" size="0.02" />
    </body>
    <body name="9_part9" pos="-0.1651000827 -1.1176000453 0.1968499939" quat="1 0 0 0">
      <geom conaffinity="0" contype="0" density="0" mesh="part9" name="9_part9_mesh" pos="0.0 0.0 0.0" rgba="0.82 0.71 0.55 1" type="mesh" />
      <site name="9_part9_horizontal_radius_site" pos="-0.0 0.0 -0.0" quat="1 0 0 0" rgba="0 0 1 0" size="0.02" />
      <site name="9_part9_top_site" pos="0.0 0.0 0.03175" quat="1 0 0 0" rgba="0 0 1 0" size="0.02" />
      <site name="9_part9_bottom_site" pos="0.0 0.0 -0.03175" quat="1 0 0 0" rgba="0 0 1 0" size="0.02" />
      <site name="9_part9_corner_site8" pos="-0.1397 0.0127 0.03175" quat="1 0 0 0" rgba="0 0 1 0" size="0.02" />
      <site name="9_part9_corner_site7" pos="0.1397 0.0127 0.03175" quat="1 0 0 0" rgba="0 0 1 0" size="0.02" />
      <site name="9_part9_corner_site6" pos="0.1397 -0.0127 0.03175" quat="1 0 0 0" rgba="0 0 1 0" size="0.02" />
      <site name="9_part9_corner_site5" pos="-0.1397 -0.0127 0.03175" quat="1 0 0 0" rgba="0 0 1 0" size="0.02" />
      <site name="9_part9_corner_site4" pos="-0.1397 0.0127 -0.03175" quat="1 0 0 0" rgba="0 0 1 0" size="0.02" />
      <site name="9_part9_corner_site3" pos="0.1397 0.0127 -0.03175" quat="1 0 0 0" rgba="0 0 1 0" size="0.02" />
      <site name="9_part9_corner_site2" pos="0.1397 -0.0127 -0.03175" quat="1 0 0 0" rgba="0 0 1 0" size="0.02" />
      <site name="9_part9_corner_site1" pos="-0.1397 -0.0127 -0.03175" quat="1 0 0 0" rgba="0 0 1 0" size="0.02" />
    </body>
    <body name="8_part8" pos="-8.27e-08 -0.5588000452999999 0.1968499939" quat="1 0 0 0">
      <geom conaffinity="0" contype="0" density="0" mesh="part8" name="8_part8_mesh" pos="0.0 0.0 0.0" rgba="0.82 0.71 0.55 1" type="mesh" />
      <site name="8_part8_horizontal_radius_site" pos="-0.0 0.0 0.0" quat="1 0 0 0" rgba="0 0 1 0" size="0.02" />
      <site name="8_part8_top_site" pos="0.0 0.0 0.03175" quat="1 0 0 0" rgba="0 0 1 0" size="0.02" />
      <site name="8_part8_bottom_site" pos="0.0 0.0 -0.03175" quat="1 0 0 0" rgba="0 0 1 0" size="0.02" />
      <site name="8_part8_corner_site8" pos="-0.0127 0.5334 0.03175" quat="1 0 0 0" rgba="0 0 1 0" size="0.02" />
      <site name="8_part8_corner_site7" pos="0.0127 0.5334 0.03175" quat="1 0 0 0" rgba="0 0 1 0" size="0.02" />
      <site name="8_part8_corner_site6" pos="0.0127 -0.5334 0.03175" quat="1 0 0 0" rgba="0 0 1 0" size="0.02" />
      <site name="8_part8_corner_site5" pos="-0.0127 -0.5334 0.03175" quat="1 0 0 0" rgba="0 0 1 0" size="0.02" />
      <site name="8_part8_corner_site4" pos="-0.0127 0.5334 -0.03175" quat="1 0 0 0" rgba="0 0 1 0" size="0.02" />
      <site name="8_part8_corner_site3" pos="0.0127 0.5334 -0.03175" quat="1 0 0 0" rgba="0 0 1 0" size="0.02" />
      <site name="8_part8_corner_site2" pos="0.0127 -0.5334 -0.03175" quat="1 0 0 0" rgba="0 0 1 0" size="0.02" />
      <site name="8_part8_corner_site1" pos="-0.0127 -0.5334 -0.03175" quat="1 0 0 0" rgba="0 0 1 0" size="0.02" />
      <site name="longside-topplane,0,180,conn_site0" pos="-0.002999917 0.0 0.03615001" quat="1 0 0 0" rgba="0.0688, 0.5294, 0.99, 0.3" size="0.02" />
    </body>
    <body name="7_part7" pos="-0.1651000827 -4.53e-08 0.1968499939" quat="1 0 0 0">
      <geom conaffinity="0" contype="0" density="0" mesh="part7" name="7_part7_mesh" pos="0.0 0.0 0.0" rgba="0.82 0.71 0.55 1" type="mesh" />
      <site name="7_part7_horizontal_radius_site" pos="-0.0 -0.0 0.0" quat="1 0 0 0" rgba="0 0 1 0" size="0.02" />
      <site name="7_part7_top_site" pos="0.0 0.0 0.03175" quat="1 0 0 0" rgba="0 0 1 0" size="0.02" />
      <site name="7_part7_bottom_site" pos="0.0 0.0 -0.03175" quat="1 0 0 0" rgba="0 0 1 0" size="0.02" />
      <site name="7_part7_corner_site8" pos="-0.1397 0.0127 0.03175" quat="1 0 0 0" rgba="0 0 1 0" size="0.02" />
      <site name="7_part7_corner_site7" pos="0.1397 0.0127 0.03175" quat="1 0 0 0" rgba="0 0 1 0" size="0.02" />
      <site name="7_part7_corner_site6" pos="0.1397 -0.0127 0.03175" quat="1 0 0 0" rgba="0 0 1 0" size="0.02" />
      <site name="7_part7_corner_site5" pos="-0.1397 -0.0127 0.03175" quat="1 0 0 0" rgba="0 0 1 0" size="0.02" />
      <site name="7_part7_corner_site4" pos="-0.1397 0.0127 -0.03175" quat="1 0 0 0" rgba="0 0 1 0" size="0.02" />
      <site name="7_part7_corner_site3" pos="0.1397 0.0127 -0.03175" quat="1 0 0 0" rgba="0 0 1 0" size="0.02" />
      <site name="7_part7_corner_site2" pos="0.1397 -0.0127 -0.03175" quat="1 0 0 0" rgba="0 0 1 0" size="0.02" />
      <site name="7_part7_corner_site1" pos="-0.1397 -0.0127 -0.03175" quat="1 0 0 0" rgba="0 0 1 0" size="0.02" />
      <site name="shortside-topplane,0,180,conn_site0" pos="-0.01189992 -0.01689995 0.029150010000000004" quat="1 0 0 0" rgba="0.0342, 0.9839, 0.9839, 0.3" size="0.02" />
    </body>
    <body name="6_part6" pos="-0.3302000827 -0.5588000452999999 0.1968499939" quat="1 0 0 0">
      <geom conaffinity="0" contype="0" density="0" mesh="part6" name="6_part6_mesh" pos="0.0 0.0 0.0" rgba="0.82 0.71 0.55 1" type="mesh" />
      <site name="6_part6_horizontal_radius_site" pos="0.0 0.0 0.0" quat="1 0 0 0" rgba="0 0 1 0" size="0.02" />
      <site name="6_part6_top_site" pos="0.0 0.0 0.03175" quat="1 0 0 0" rgba="0 0 1 0" size="0.02" />
      <site name="6_part6_bottom_site" pos="0.0 0.0 -0.03175" quat="1 0 0 0" rgba="0 0 1 0" size="0.02" />
      <site name="6_part6_corner_site8" pos="-0.0127 0.5334 0.03175" quat="1 0 0 0" rgba="0 0 1 0" size="0.02" />
      <site name="6_part6_corner_site7" pos="0.0127 0.5334 0.03175" quat="1 0 0 0" rgba="0 0 1 0" size="0.02" />
      <site name="6_part6_corner_site6" pos="0.0127 -0.5334 0.03175" quat="1 0 0 0" rgba="0 0 1 0" size="0.02" />
      <site name="6_part6_corner_site5" pos="-0.0127 -0.5334 0.03175" quat="1 0 0 0" rgba="0 0 1 0" size="0.02" />
      <site name="6_part6_corner_site4" pos="-0.0127 0.5334 -0.03175" quat="1 0 0 0" rgba="0 0 1 0" size="0.02" />
      <site name="6_part6_corner_site3" pos="0.0127 0.5334 -0.03175" quat="1 0 0 0" rgba="0 0 1 0" size="0.02" />
      <site name="6_part6_corner_site2" pos="0.0127 -0.5334 -0.03175" quat="1 0 0 0" rgba="0 0 1 0" size="0.02" />
      <site name="6_part6_corner_site1" pos="-0.0127 -0.5334 -0.03175" quat="1 0 0 0" rgba="0 0 1 0" size="0.02" />
      <site name="longside-topplane,0,180,conn_site1" pos="-0.01779993 0.0 0.03015001" quat="1 0 0 0" rgba="0.0763, 0.0763, 0.9544, 0.3" size="0.02" />
    </body>
    <body name="5_part5" pos="-0.1651000246 -0.558799986 -0.0127000046" quat="1 0 0 0">
      <geom conaffinity="0" contype="0" density="0" mesh="part5" name="5_part5_mesh" pos="0.0 0.0 0.0" rgba="0.82 0.71 0.55 1" type="mesh" />
      <site name="5_part5_horizontal_radius_site" pos="-1e-10 1.4e-08 0.0" quat="1 0 0 0" rgba="0 0 1 0" size="0.02" />
      <site name="5_part5_top_site" pos="-1e-10 1.39e-08 0.0127000046" quat="1 0 0 0" rgba="0 0 1 0" size="0.02" />
      <site name="5_part5_bottom_site" pos="-1e-10 1.39e-08 -0.0127000046" quat="1 0 0 0" rgba="0 0 1 0" size="0.02" />
      <site name="5_part5_corner_site8" pos="-0.13970005829999999 0.5842000732 0.0127000046" quat="1 0 0 0" rgba="0 0 1 0" size="0.02" />
      <site name="5_part5_corner_site7" pos="0.13970005800000002 0.5842000732 0.0127000046" quat="1 0 0 0" rgba="0 0 1 0" size="0.02" />
      <site name="5_part5_corner_site6" pos="0.13970005800000002 -0.5842000453 0.0127000046" quat="1 0 0 0" rgba="0 0 1 0" size="0.02" />
      <site name="5_part5_corner_site5" pos="-0.13970005829999999 -0.5842000453 0.0127000046" quat="1 0 0 0" rgba="0 0 1 0" size="0.02" />
      <site name="5_part5_corner_site4" pos="-0.13970005829999999 0.5842000732 -0.0127000046" quat="1 0 0 0" rgba="0 0 1 0" size="0.02" />
      <site name="5_part5_corner_site3" pos="0.13970005800000002 0.5842000732 -0.0127000046" quat="1 0 0 0" rgba="0 0 1 0" size="0.02" />
      <site name="5_part5_corner_site2" pos="0.13970005800000002 -0.5842000453 -0.0127000046" quat="1 0 0 0" rgba="0 0 1 0" size="0.02" />
      <site name="5_part5_corner_site1" pos="-0.13970005829999999 -0.5842000453 -0.0127000046" quat="1 0 0 0" rgba="0 0 1 0" size="0.02" />
      <site name="botplane-leg,0,90,180,270,conn_site0" pos="0.1391 0.5578 0.0001000042" quat="1 0 0 0" rgba="0.9895, 0.5315, 0.0735, 0.3" size="0.02" />
      <site name="botplane-leg,0,90,180,270,conn_site1" pos="0.1394 -0.5562 0.0018000050000000001" quat="1 0 0 0" rgba="0.5885, 0.2102, 0.9667, 0.3" size="0.02" />
      <site name="botplane-leg,0,90,180,270,conn_site2" pos="-0.1406 0.5578 -0.00029999540000000003" quat="1 0 0 0" rgba="0.9858, 0.132, 0.9858, 0.3" size="0.02" />
      <site name="botplane-leg,0,90,180,270,conn_site3" pos="-0.1377 -0.5603 -0.003199995" quat="1 0 0 0" rgba="0.998, 0.0114, 0.5047, 0.3" size="0.02" />
    </body>
    <body name="4_part4" pos="4e-10 -1.1176000453 0.0" quat="1 0 0 0">
      <geom conaffinity="0" contype="0" density="0" mesh="part4" name="4_part4_mesh" pos="0.0 0.0 0.0" rgba="0.82 0.71 0.55 1" type="mesh" />
      <site name="4_part4_horizontal_radius_site" pos="4e-10 -0.0 0.0" quat="1 0 0 0" rgba="0 0 1 0" size="0.02" />
      <site name="4_part4_top_site" pos="4e-10 0.0 0.2286000061" quat="1 0 0 0" rgba="0 0 1 0" size="0.02" />
      <site name="4_part4_bottom_site" pos="4e-10 0.0 -0.2286000061" quat="1 0 0 0" rgba="0 0 1 0" size="0.02" />
      <site name="4_part4_corner_site8" pos="-0.0254000827 0.0254 0.2286000061" quat="1 0 0 0" rgba="0 0 1 0" size="0.02" />
      <site name="4_part4_corner_site7" pos="0.0254000835 0.0254 0.2286000061" quat="1 0 0 0" rgba="0 0 1 0" size="0.02" />
      <site name="4_part4_corner_site6" pos="0.0254000835 -0.0254 0.2286000061" quat="1 0 0 0" rgba="0 0 1 0" size="0.02" />
      <site name="4_part4_corner_site5" pos="-0.0254000827 -0.0254 0.2286000061" quat="1 0 0 0" rgba="0 0 1 0" size="0.02" />
      <site name="4_part4_corner_site4" pos="-0.0254000827 0.0254 -0.2286000061" quat="1 0 0 0" rgba="0 0 1 0" size="0.02" />
      <site name="4_part4_corner_site3" pos="0.0254000835 0.0254 -0.2286000061" quat="1 0 0 0" rgba="0 0 1 0" size="0.02" />
      <site name="4_part4_corner_site2" pos="0.0254000835 -0.0254 -0.2286000061" quat="1 0 0 0" rgba="0 0 1 0" size="0.02" />
      <site name="4_part4_corner_site1" pos="-0.0254000827 -0.0254 -0.2286000061" quat="1 0 0 0" rgba="0 0 1 0" size="0.02" />
      <site name="leg-topplane,0,90,180,270,conn_site" pos="0.002 -0.023399899999999998 0.233" quat="1 0 0 0" rgba="0.5501, 0.9786, 0.1217, 0.3" size="0.02" />
      <site name="leg-botplane,0,90,180,270,conn_site" pos="-0.0257 0.002600098 -0.0109" quat="1 0 0 0" rgba="0.5885, 0.2102, 0.9667, 0.3" size="0.02" />
    </body>
    <body name="3_part3" pos="-0.3302000369 -1.1176000453 0.0" quat="1 0 0 0">
      <geom conaffinity="0" contype="0" density="0" mesh="part3" name="3_part3_mesh" pos="0.0 0.0 0.0" rgba="0.82 0.71 0.55 1" type="mesh" />
      <site name="3_part3_horizontal_radius_site" pos="-3e-10 0.0 0.0" quat="1 0 0 0" rgba="0 0 1 0" size="0.02" />
      <site name="3_part3_top_site" pos="-4e-10 0.0 0.2286000061" quat="1 0 0 0" rgba="0 0 1 0" size="0.02" />
      <site name="3_part3_bottom_site" pos="-4e-10 0.0 -0.2286000061" quat="1 0 0 0" rgba="0 0 1 0" size="0.02" />
      <site name="3_part3_corner_site8" pos="-0.0254000461 0.0254 0.2286000061" quat="1 0 0 0" rgba="0 0 1 0" size="0.02" />
      <site name="3_part3_corner_site7" pos="0.0254000454 0.0254 0.2286000061" quat="1 0 0 0" rgba="0 0 1 0" size="0.02" />
      <site name="3_part3_corner_site6" pos="0.0254000454 -0.0254 0.2286000061" quat="1 0 0 0" rgba="0 0 1 0" size="0.02" />
      <site name="3_part3_corner_site5" pos="-0.0254000461 -0.0254 0.2286000061" quat="1 0 0 0" rgba="0 0 1 0" size="0.02" />
      <site name="3_part3_corner_site4" pos="-0.0254000461 0.0254 -0.2286000061" quat="1 0 0 0" rgba="0 0 1 0" size="0.02" />
      <site name="3_part3_corner_site3" pos="0.0254000454 0.0254 -0.2286000061" quat="1 0 0 0" rgba="0 0 1 0" size="0.02" />
      <site name="3_part3_corner_site2" pos="0.0254000454 -0.0254 -0.2286000061" quat="1 0 0 0" rgba="0 0 1 0" size="0.02" />
      <site name="3_part3_corner_site1" pos="-0.0254000461 -0.0254 -0.2286000061" quat="1 0 0 0" rgba="0 0 1 0" size="0.02" />
      <site name="leg-topplane,0,90,180,270,conn_site1" pos="0.006200043 -0.0173999 0.23" quat="1 0 0 0" rgba="0.1723, 0.975, 0.1723, 0.3" size="0.02" />
      <site name="leg-botplane,0,90,180,270,conn_site1" pos="0.027400050000000002 -0.001499878 -0.0159" quat="1 0 0 0" rgba="0.998, 0.0114, 0.5047, 0.3" size="0.02" />
    </body>
    <body name="2_part2" pos="0.0571499173 -0.5588000452999999 0.2539999939" quat="1 0 0 0">
      <geom conaffinity="0" contype="0" density="0" mesh="part2" name="2_part2_mesh" pos="0.0 0.0 0.0" rgba="0.82 0.71 0.55 1" type="mesh" />
      <site name="2_part2_horizontal_radius_site" pos="0.0 0.0 -0.0" quat="1 0 0 0" rgba="0 0 1 0" size="0.02" />
      <site name="2_part2_top_site" pos="0.0 0.0 0.0254" quat="1 0 0 0" rgba="0 0 1 0" size="0.02" />
      <site name="2_part2_bottom_site" pos="0.0 0.0 -0.0254" quat="1 0 0 0" rgba="0 0 1 0" size="0.02" />
      <site name="2_part2_corner_site8" pos="-0.00635 0.6096 0.0254" quat="1 0 0 0" rgba="0 0 1 0" size="0.02" />
      <site name="2_part2_corner_site7" pos="0.00635 0.6096 0.0254" quat="1 0 0 0" rgba="0 0 1 0" size="0.02" />
      <site name="2_part2_corner_site6" pos="0.00635 -0.6096 0.0254" quat="1 0 0 0" rgba="0 0 1 0" size="0.02" />
      <site name="2_part2_corner_site5" pos="-0.00635 -0.6096 0.0254" quat="1 0 0 0" rgba="0 0 1 0" size="0.02" />
      <site name="2_part2_corner_site4" pos="-0.00635 0.6096 -0.0254" quat="1 0 0 0" rgba="0 0 1 0" size="0.02" />
      <site name="2_part2_corner_site3" pos="0.00635 0.6096 -0.0254" quat="1 0 0 0" rgba="0 0 1 0" size="0.02" />
      <site name="2_part2_corner_site2" pos="0.00635 -0.6096 -0.0254" quat="1 0 0 0" rgba="0 0 1 0" size="0.02" />
      <site name="2_part2_corner_site1" pos="-0.00635 -0.6096 -0.0254" quat="1 0 0 0" rgba="0 0 1 0" size="0.02" />
      <site name="2_part2-topplane,0,180,conn_site0" pos="-0.01414992 -0.03319995 -0.023" quat="1 0 0 0" rgba="0.1954, 0.9639, 0.5797, 0.3" size="0.02" />
    </body>
    <body name="1_part1" pos="-0.3302000369 0.0 0.0" quat="1 0 0 0">
      <geom conaffinity="0" contype="0" density="0" mesh="part1" name="1_part1_mesh" pos="0.0 0.0 0.0" rgba="0.82 0.71 0.55 1" type="mesh" />
      <site name="1_part1_horizontal_radius_site" pos="-3e-10 0.0 0.0" quat="1 0 0 0" rgba="0 0 1 0" size="0.02" />
      <site name="1_part1_top_site" pos="-4e-10 1e-10 0.2286000061" quat="1 0 0 0" rgba="0 0 1 0" size="0.02" />
      <site name="1_part1_bottom_site" pos="-4e-10 1e-10 -0.2286000061" quat="1 0 0 0" rgba="0 0 1 0" size="0.02" />
      <site name="1_part1_corner_site8" pos="-0.0254000461 0.0254000454 0.2286000061" quat="1 0 0 0" rgba="0 0 1 0" size="0.02" />
      <site name="1_part1_corner_site7" pos="0.0254000454 0.0254000454 0.2286000061" quat="1 0 0 0" rgba="0 0 1 0" size="0.02" />
      <site name="1_part1_corner_site6" pos="0.0254000454 -0.0254000453 0.2286000061" quat="1 0 0 0" rgba="0 0 1 0" size="0.02" />
      <site name="1_part1_corner_site5" pos="-0.0254000461 -0.0254000453 0.2286000061" quat="1 0 0 0" rgba="0 0 1 0" size="0.02" />
      <site name="1_part1_corner_site4" pos="-0.0254000461 0.0254000454 -0.2286000061" quat="1 0 0 0" rgba="0 0 1 0" size="0.02" />
      <site name="1_part1_corner_site3" pos="0.0254000454 0.0254000454 -0.2286000061" quat="1 0 0 0" rgba="0 0 1 0" size="0.02" />
      <site name="1_part1_corner_site2" pos="0.0254000454 -0.0254000453 -0.2286000061" quat="1 0 0 0" rgba="0 0 1 0" size="0.02" />
      <site name="1_part1_corner_site1" pos="-0.0254000461 -0.0254000453 -0.2286000061" quat="1 0 0 0" rgba="0 0 1 0" size="0.02" />
      <site name="leg-topplane,0,90,180,270,conn_site2" pos="-0.001599945 0.0265 0.2278" quat="1 0 0 0" rgba="0.9651, 0.9651, 0.1176, 0.3" size="0.02" />
      <site name="leg-botplane,0,90,180,270,conn_site2" pos="0.02450003 -0.001 -0.013000000000000001" quat="1 0 0 0" rgba="0.9858, 0.132, 0.9858, 0.3" size="0.02" />
    </body>
  </worldbody>
</mujoco>