<mujoco model="bookcase_hensvik_0565">
  <asset>
    <mesh file="0.stl" name="part0" scale="1 1 1" />
    <mesh file="9.stl" name="part9" scale="1 1 1" />
    <mesh file="8.stl" name="part8" scale="1 1 1" />
    <mesh file="7.stl" name="part7" scale="1 1 1" />
    <mesh file="6.stl" name="part6" scale="1 1 1" />
    <mesh file="5.stl" name="part5" scale="1 1 1" />
    <mesh file="4.stl" name="part4" scale="1 1 1" />
    <mesh file="3.stl" name="part3" scale="1 1 1" />
    <mesh file="2.stl" name="part2" scale="1 1 1" />
    <mesh file="1.stl" name="part1" scale="1 1 1" />
  </asset>
  <equality>
    </equality>
  <worldbody>
    <body name="0_part0" pos="0.0 0.0 -0.0" quat="1 0 0 0">
      <geom conaffinity="0" contype="0" density="0" mesh="part0" name="0_part0_mesh" pos="0 0 0" rgba="0.82 0.71 0.55 1" type="mesh" />
      <site name="0_part0_horizontal_radius_site" pos="0.0 0.0 -0.0" quat="1 0 0 0" rgba="0 0 1 0.3" size="1" />
      <site name="0_part0_top_site" pos="0.0 0.0 61.6277871" quat="1 0 0 0" rgba="0 0 1 0.3" size="1" />
      <site name="0_part0_bottom_site" pos="0.0 0.0 -61.6277871" quat="1 0 0 0" rgba="0 0 1 0.3" size="1" />
      <site name="0_part0_corner_site8" pos="-10.16 469.9 61.6277871" quat="1 0 0 0" rgba="0 0 1 0.3" size="20" />
      <site name="0_part0_corner_site7" pos="10.16 469.9 61.6277871" quat="1 0 0 0" rgba="0 0 1 0.3" size="20" />
      <site name="0_part0_corner_site6" pos="10.16 -469.9 61.6277871" quat="1 0 0 0" rgba="0 0 1 0.3" size="20" />
      <site name="0_part0_corner_site5" pos="-10.16 -469.9 61.6277871" quat="1 0 0 0" rgba="0 0 1 0.3" size="20" />
      <site name="0_part0_corner_site4" pos="-10.16 469.9 -61.6277871" quat="1 0 0 0" rgba="0 0 1 0.3" size="20" />
      <site name="0_part0_corner_site3" pos="10.16 469.9 -61.6277871" quat="1 0 0 0" rgba="0 0 1 0.3" size="20" />
      <site name="0_part0_corner_site2" pos="10.16 -469.9 -61.6277871" quat="1 0 0 0" rgba="0 0 1 0.3" size="20" />
      <site name="0_part0_corner_site1" pos="-10.16 -469.9 -61.6277871" quat="1 0 0 0" rgba="0 0 1 0.3" size="20" />
    </body>
    <body name="9_part9" pos="665.4800063 1.84e-05 -1215.3399158" quat="1 0 0 0">
      <geom conaffinity="0" contype="0" density="0" mesh="part9" name="9_part9_mesh" pos="0 0 0" rgba="0.82 0.71 0.55 1" type="mesh" />
      <site name="9_part9_horizontal_radius_site" pos="2e-07 -1e-07 0.0" quat="1 0 0 0" rgba="0 0 1 0.3" size="1" />
      <site name="9_part9_top_site" pos="1e-07 -1e-07 38.1" quat="1 0 0 0" rgba="0 0 1 0.3" size="1" />
      <site name="9_part9_bottom_site" pos="1e-07 -1e-07 -38.1" quat="1 0 0 0" rgba="0 0 1 0.3" size="1" />
      <site name="9_part9_corner_site8" pos="-10.1600062 304.8000183 38.1" quat="1 0 0 0" rgba="0 0 1 0.3" size="20" />
      <site name="9_part9_corner_site7" pos="10.1600065 304.8000183 38.1" quat="1 0 0 0" rgba="0 0 1 0.3" size="20" />
      <site name="9_part9_corner_site6" pos="10.1600065 -304.8000184 38.1" quat="1 0 0 0" rgba="0 0 1 0.3" size="20" />
      <site name="9_part9_corner_site5" pos="-10.1600062 -304.8000184 38.1" quat="1 0 0 0" rgba="0 0 1 0.3" size="20" />
      <site name="9_part9_corner_site4" pos="-10.1600062 304.8000183 -38.1" quat="1 0 0 0" rgba="0 0 1 0.3" size="20" />
      <site name="9_part9_corner_site3" pos="10.1600065 304.8000183 -38.1" quat="1 0 0 0" rgba="0 0 1 0.3" size="20" />
      <site name="9_part9_corner_site2" pos="10.1600065 -304.8000184 -38.1" quat="1 0 0 0" rgba="0 0 1 0.3" size="20" />
      <site name="9_part9_corner_site1" pos="-10.1600062 -304.8000184 -38.1" quat="1 0 0 0" rgba="0 0 1 0.3" size="20" />
    </body>
    <body name="8_part8" pos="332.7400032 3.3e-06 -71.7877529" quat="1 0 0 0">
      <geom conaffinity="0" contype="0" density="0" mesh="part8" name="8_part8_mesh" pos="0 0 0" rgba="0.82 0.71 0.55 1" type="mesh" />
      <site name="8_part8_horizontal_radius_site" pos="0.0 0.0 -0.0" quat="1 0 0 0" rgba="0 0 1 0.3" size="1" />
      <site name="8_part8_top_site" pos="0.0 0.0 10.1600342" quat="1 0 0 0" rgba="0 0 1 0.3" size="1" />
      <site name="8_part8_bottom_site" pos="0.0 0.0 -10.1600342" quat="1 0 0 0" rgba="0 0 1 0.3" size="1" />
      <site name="8_part8_corner_site8" pos="-342.9000244 469.9000244 10.1600342" quat="1 0 0 0" rgba="0 0 1 0.3" size="20" />
      <site name="8_part8_corner_site7" pos="342.9000244 469.9000244 10.1600342" quat="1 0 0 0" rgba="0 0 1 0.3" size="20" />
      <site name="8_part8_corner_site6" pos="342.9000244 -469.9000244 10.1600342" quat="1 0 0 0" rgba="0 0 1 0.3" size="20" />
      <site name="8_part8_corner_site5" pos="-342.9000244 -469.9000244 10.1600342" quat="1 0 0 0" rgba="0 0 1 0.3" size="20" />
      <site name="8_part8_corner_site4" pos="-342.9000244 469.9000244 -10.1600342" quat="1 0 0 0" rgba="0 0 1 0.3" size="20" />
      <site name="8_part8_corner_site3" pos="342.9000244 469.9000244 -10.1600342" quat="1 0 0 0" rgba="0 0 1 0.3" size="20" />
      <site name="8_part8_corner_site2" pos="342.9000244 -469.9000244 -10.1600342" quat="1 0 0 0" rgba="0 0 1 0.3" size="20" />
      <site name="8_part8_corner_site1" pos="-342.9000244 -469.9000244 -10.1600342" quat="1 0 0 0" rgba="0 0 1 0.3" size="20" />
    </body>
    <body name="7_part7" pos="665.4800063 -387.3500028 -716.9477871" quat="1 0 0 0">
      <geom conaffinity="0" contype="0" density="0" mesh="part7" name="7_part7_mesh" pos="0 0 0" rgba="0.82 0.71 0.55 1" type="mesh" />
      <site name="7_part7_horizontal_radius_site" pos="2e-07 0.0 -0.0" quat="1 0 0 0" rgba="0 0 1 0.3" size="1" />
      <site name="7_part7_top_site" pos="1e-07 0.0 635.0" quat="1 0 0 0" rgba="0 0 1 0.3" size="1" />
      <site name="7_part7_bottom_site" pos="1e-07 0.0 -635.0" quat="1 0 0 0" rgba="0 0 1 0.3" size="1" />
      <site name="7_part7_corner_site8" pos="-10.1600062 82.5500031 635.0" quat="1 0 0 0" rgba="0 0 1 0.3" size="20" />
      <site name="7_part7_corner_site7" pos="10.1600065 82.5500031 635.0" quat="1 0 0 0" rgba="0 0 1 0.3" size="20" />
      <site name="7_part7_corner_site6" pos="10.1600065 -82.5500031 635.0" quat="1 0 0 0" rgba="0 0 1 0.3" size="20" />
      <site name="7_part7_corner_site5" pos="-10.1600062 -82.5500031 635.0" quat="1 0 0 0" rgba="0 0 1 0.3" size="20" />
      <site name="7_part7_corner_site4" pos="-10.1600062 82.5500031 -635.0" quat="1 0 0 0" rgba="0 0 1 0.3" size="20" />
      <site name="7_part7_corner_site3" pos="10.1600065 82.5500031 -635.0" quat="1 0 0 0" rgba="0 0 1 0.3" size="20" />
      <site name="7_part7_corner_site2" pos="10.1600065 -82.5500031 -635.0" quat="1 0 0 0" rgba="0 0 1 0.3" size="20" />
      <site name="7_part7_corner_site1" pos="-10.1600062 -82.5500031 -635.0" quat="1 0 0 0" rgba="0 0 1 0.3" size="20" />
    </body>
    <body name="6_part6" pos="665.4800063 387.3500046 -716.9477871" quat="1 0 0 0">
      <geom conaffinity="0" contype="0" density="0" mesh="part6" name="6_part6_mesh" pos="0 0 0" rgba="0.82 0.71 0.55 1" type="mesh" />
      <site name="6_part6_horizontal_radius_site" pos="2e-07 -1.6e-06 -0.0" quat="1 0 0 0" rgba="0 0 1 0.3" size="1" />
      <site name="6_part6_top_site" pos="1e-07 -1.6e-06 635.0" quat="1 0 0 0" rgba="0 0 1 0.3" size="1" />
      <site name="6_part6_bottom_site" pos="1e-07 -1.6e-06 -635.0" quat="1 0 0 0" rgba="0 0 1 0.3" size="1" />
      <site name="6_part6_corner_site8" pos="-10.1600062 82.5500031 635.0" quat="1 0 0 0" rgba="0 0 1 0.3" size="20" />
      <site name="6_part6_corner_site7" pos="10.1600065 82.5500031 635.0" quat="1 0 0 0" rgba="0 0 1 0.3" size="20" />
      <site name="6_part6_corner_site6" pos="10.1600065 -82.5500062 635.0" quat="1 0 0 0" rgba="0 0 1 0.3" size="20" />
      <site name="6_part6_corner_site5" pos="-10.1600062 -82.5500062 635.0" quat="1 0 0 0" rgba="0 0 1 0.3" size="20" />
      <site name="6_part6_corner_site4" pos="-10.1600062 82.5500031 -635.0" quat="1 0 0 0" rgba="0 0 1 0.3" size="20" />
      <site name="6_part6_corner_site3" pos="10.1600065 82.5500031 -635.0" quat="1 0 0 0" rgba="0 0 1 0.3" size="20" />
      <site name="6_part6_corner_site2" pos="10.1600065 -82.5500062 -635.0" quat="1 0 0 0" rgba="0 0 1 0.3" size="20" />
      <site name="6_part6_corner_site1" pos="-10.1600062 -82.5500062 -635.0" quat="1 0 0 0" rgba="0 0 1 0.3" size="20" />
    </body>
    <body name="5_part5" pos="-2.3e-06 3.3e-06 -716.9477871" quat="1 0 0 0">
      <geom conaffinity="0" contype="0" density="0" mesh="part5" name="5_part5_mesh" pos="0 0 0" rgba="0.82 0.71 0.55 1" type="mesh" />
      <site name="5_part5_horizontal_radius_site" pos="0.0 0.0 -0.0" quat="1 0 0 0" rgba="0 0 1 0.3" size="1" />
      <site name="5_part5_top_site" pos="0.0 0.0 635.0" quat="1 0 0 0" rgba="0 0 1 0.3" size="1" />
      <site name="5_part5_bottom_site" pos="0.0 0.0 -635.0" quat="1 0 0 0" rgba="0 0 1 0.3" size="1" />
      <site name="5_part5_corner_site8" pos="-10.1600037 469.9000244 635.0" quat="1 0 0 0" rgba="0 0 1 0.3" size="20" />
      <site name="5_part5_corner_site7" pos="10.1600037 469.9000244 635.0" quat="1 0 0 0" rgba="0 0 1 0.3" size="20" />
      <site name="5_part5_corner_site6" pos="10.1600037 -469.9000244 635.0" quat="1 0 0 0" rgba="0 0 1 0.3" size="20" />
      <site name="5_part5_corner_site5" pos="-10.1600037 -469.9000244 635.0" quat="1 0 0 0" rgba="0 0 1 0.3" size="20" />
      <site name="5_part5_corner_site4" pos="-10.1600037 469.9000244 -635.0" quat="1 0 0 0" rgba="0 0 1 0.3" size="20" />
      <site name="5_part5_corner_site3" pos="10.1600037 469.9000244 -635.0" quat="1 0 0 0" rgba="0 0 1 0.3" size="20" />
      <site name="5_part5_corner_site2" pos="10.1600037 -469.9000244 -635.0" quat="1 0 0 0" rgba="0 0 1 0.3" size="20" />
      <site name="5_part5_corner_site1" pos="-10.1600037 -469.9000244 -635.0" quat="1 0 0 0" rgba="0 0 1 0.3" size="20" />
    </body>
    <body name="4_part4" pos="332.7400098 0.0 -1243.2799149" quat="1 0 0 0">
      <geom conaffinity="0" contype="0" density="0" mesh="part4" name="4_part4_mesh" pos="0 0 0" rgba="0.82 0.71 0.55 1" type="mesh" />
      <site name="4_part4_horizontal_radius_site" pos="7.3e-06 0.0 -1e-07" quat="1 0 0 0" rgba="0 0 1 0.3" size="1" />
      <site name="4_part4_top_site" pos="7.3e-06 0.0 10.1600008" quat="1 0 0 0" rgba="0 0 1 0.3" size="1" />
      <site name="4_part4_bottom_site" pos="7.3e-06 0.0 -10.1600009" quat="1 0 0 0" rgba="0 0 1 0.3" size="1" />
      <site name="4_part4_corner_site8" pos="-322.5800025 449.58 10.1600008" quat="1 0 0 0" rgba="0 0 1 0.3" size="20" />
      <site name="4_part4_corner_site7" pos="322.5800171 449.58 10.1600008" quat="1 0 0 0" rgba="0 0 1 0.3" size="20" />
      <site name="4_part4_corner_site6" pos="322.5800171 -449.58 10.1600008" quat="1 0 0 0" rgba="0 0 1 0.3" size="20" />
      <site name="4_part4_corner_site5" pos="-322.5800025 -449.58 10.1600008" quat="1 0 0 0" rgba="0 0 1 0.3" size="20" />
      <site name="4_part4_corner_site4" pos="-322.5800025 449.58 -10.1600009" quat="1 0 0 0" rgba="0 0 1 0.3" size="20" />
      <site name="4_part4_corner_site3" pos="322.5800171 449.58 -10.1600009" quat="1 0 0 0" rgba="0 0 1 0.3" size="20" />
      <site name="4_part4_corner_site2" pos="322.5800171 -449.58 -10.1600009" quat="1 0 0 0" rgba="0 0 1 0.3" size="20" />
      <site name="4_part4_corner_site1" pos="-322.5800025 -449.58 -10.1600009" quat="1 0 0 0" rgba="0 0 1 0.3" size="20" />
    </body>
    <body name="3_part3" pos="332.7400098 0.0 -716.9477878" quat="1 0 0 0">
      <geom conaffinity="0" contype="0" density="0" mesh="part3" name="3_part3_mesh" pos="0 0 0" rgba="0.82 0.71 0.55 1" type="mesh" />
      <site name="3_part3_horizontal_radius_site" pos="7.3e-06 0.0 0.0" quat="1 0 0 0" rgba="0 0 1 0.3" size="1" />
      <site name="3_part3_top_site" pos="7.3e-06 0.0 10.16" quat="1 0 0 0" rgba="0 0 1 0.3" size="1" />
      <site name="3_part3_bottom_site" pos="7.3e-06 0.0 -10.16" quat="1 0 0 0" rgba="0 0 1 0.3" size="1" />
      <site name="3_part3_corner_site8" pos="-322.5800025 449.58 10.16" quat="1 0 0 0" rgba="0 0 1 0.3" size="20" />
      <site name="3_part3_corner_site7" pos="322.5800171 449.58 10.16" quat="1 0 0 0" rgba="0 0 1 0.3" size="20" />
      <site name="3_part3_corner_site6" pos="322.5800171 -449.58 10.16" quat="1 0 0 0" rgba="0 0 1 0.3" size="20" />
      <site name="3_part3_corner_site5" pos="-322.5800025 -449.58 10.16" quat="1 0 0 0" rgba="0 0 1 0.3" size="20" />
      <site name="3_part3_corner_site4" pos="-322.5800025 449.58 -10.16" quat="1 0 0 0" rgba="0 0 1 0.3" size="20" />
      <site name="3_part3_corner_site3" pos="322.5800171 449.58 -10.16" quat="1 0 0 0" rgba="0 0 1 0.3" size="20" />
      <site name="3_part3_corner_site2" pos="322.5800171 -449.58 -10.16" quat="1 0 0 0" rgba="0 0 1 0.3" size="20" />
      <site name="3_part3_corner_site1" pos="-322.5800025 -449.58 -10.16" quat="1 0 0 0" rgba="0 0 1 0.3" size="20" />
    </body>
    <body name="2_part2" pos="332.7400098 -459.7400022 -716.9477871" quat="1 0 0 0">
      <geom conaffinity="0" contype="0" density="0" mesh="part2" name="2_part2_mesh" pos="0 0 0" rgba="0.82 0.71 0.55 1" type="mesh" />
      <site name="2_part2_horizontal_radius_site" pos="7.3e-06 0.0 -0.0" quat="1 0 0 0" rgba="0 0 1 0.3" size="1" />
      <site name="2_part2_top_site" pos="7.3e-06 0.0 635.0" quat="1 0 0 0" rgba="0 0 1 0.3" size="1" />
      <site name="2_part2_bottom_site" pos="7.3e-06 0.0 -635.0" quat="1 0 0 0" rgba="0 0 1 0.3" size="1" />
      <site name="2_part2_corner_site8" pos="-322.5800025 10.1600037 635.0" quat="1 0 0 0" rgba="0 0 1 0.3" size="20" />
      <site name="2_part2_corner_site7" pos="322.5800171 10.1600037 635.0" quat="1 0 0 0" rgba="0 0 1 0.3" size="20" />
      <site name="2_part2_corner_site6" pos="322.5800171 -10.1600037 635.0" quat="1 0 0 0" rgba="0 0 1 0.3" size="20" />
      <site name="2_part2_corner_site5" pos="-322.5800025 -10.1600037 635.0" quat="1 0 0 0" rgba="0 0 1 0.3" size="20" />
      <site name="2_part2_corner_site4" pos="-322.5800025 10.1600037 -635.0" quat="1 0 0 0" rgba="0 0 1 0.3" size="20" />
      <site name="2_part2_corner_site3" pos="322.5800171 10.1600037 -635.0" quat="1 0 0 0" rgba="0 0 1 0.3" size="20" />
      <site name="2_part2_corner_site2" pos="322.5800171 -10.1600037 -635.0" quat="1 0 0 0" rgba="0 0 1 0.3" size="20" />
      <site name="2_part2_corner_site1" pos="-322.5800025 -10.1600037 -635.0" quat="1 0 0 0" rgba="0 0 1 0.3" size="20" />
    </body>
    <body name="1_part1" pos="332.7400098 459.7399783 -716.9477871" quat="1 0 0 0">
      <geom conaffinity="0" contype="0" density="0" mesh="part1" name="1_part1_mesh" pos="0 0 0" rgba="0.82 0.71 0.55 1" type="mesh" />
      <site name="1_part1_horizontal_radius_site" pos="7.3e-06 0.0 -0.0" quat="1 0 0 0" rgba="0 0 1 0.3" size="1" />
      <site name="1_part1_top_site" pos="7.3e-06 0.0 635.0" quat="1 0 0 0" rgba="0 0 1 0.3" size="1" />
      <site name="1_part1_bottom_site" pos="7.3e-06 0.0 -635.0" quat="1 0 0 0" rgba="0 0 1 0.3" size="1" />
      <site name="1_part1_corner_site8" pos="-322.5800025 10.1600342 635.0" quat="1 0 0 0" rgba="0 0 1 0.3" size="20" />
      <site name="1_part1_corner_site7" pos="322.5800171 10.1600342 635.0" quat="1 0 0 0" rgba="0 0 1 0.3" size="20" />
      <site name="1_part1_corner_site6" pos="322.5800171 -10.1600342 635.0" quat="1 0 0 0" rgba="0 0 1 0.3" size="20" />
      <site name="1_part1_corner_site5" pos="-322.5800025 -10.1600342 635.0" quat="1 0 0 0" rgba="0 0 1 0.3" size="20" />
      <site name="1_part1_corner_site4" pos="-322.5800025 10.1600342 -635.0" quat="1 0 0 0" rgba="0 0 1 0.3" size="20" />
      <site name="1_part1_corner_site3" pos="322.5800171 10.1600342 -635.0" quat="1 0 0 0" rgba="0 0 1 0.3" size="20" />
      <site name="1_part1_corner_site2" pos="322.5800171 -10.1600342 -635.0" quat="1 0 0 0" rgba="0 0 1 0.3" size="20" />
      <site name="1_part1_corner_site1" pos="-322.5800025 -10.1600342 -635.0" quat="1 0 0 0" rgba="0 0 1 0.3" size="20" />
    </body>
  </worldbody>
</mujoco>
