<mujoco model="bookcase_expedit_0385">
  <asset>
    <mesh file="0.stl" name="part0" scale="0.001 0.001 0.001" />
    <mesh file="7.stl" name="part7" scale="0.001 0.001 0.001" />
    <mesh file="6.stl" name="part6" scale="0.001 0.001 0.001" />
    <mesh file="5.stl" name="part5" scale="0.001 0.001 0.001" />
    <mesh file="4.stl" name="part4" scale="0.001 0.001 0.001" />
    <mesh file="3.stl" name="part3" scale="0.001 0.001 0.001" />
    <mesh file="2.stl" name="part2" scale="0.001 0.001 0.001" />
    <mesh file="1.stl" name="part1" scale="0.001 0.001 0.001" />
  </asset>
  <equality>
    <weld active="false" body1="0_part0" body2="6_part6" solimp="1 1 0.5" solref="0.01 0.3" />
    <weld active="false" body1="0_part0" body2="7_part7" solimp="1 1 0.5" solref="0.01 0.3" />
    <weld active="false" body1="6_part6" body2="5_part5" solimp="1 1 0.5" solref="0.01 0.3" />
    <weld active="false" body1="7_part7" body2="5_part5" solimp="1 1 0.5" solref="0.01 0.3" />
    <weld active="false" body1="6_part6" body2="1_part1" solimp="1 1 0.5" solref="0.01 0.3" />
    <weld active="false" body1="6_part6" body2="2_part2" solimp="1 1 0.5" solref="0.01 0.3" />
    <weld active="false" body1="6_part6" body2="3_part3" solimp="1 1 0.5" solref="0.01 0.3" />
    <weld active="false" body1="6_part6" body2="4_part4" solimp="1 1 0.5" solref="0.01 0.3" />
    <weld active="false" body1="7_part7" body2="1_part1" solimp="1 1 0.5" solref="0.01 0.3" />
    <weld active="false" body1="7_part7" body2="2_part2" solimp="1 1 0.5" solref="0.01 0.3" />
    <weld active="false" body1="7_part7" body2="3_part3" solimp="1 1 0.5" solref="0.01 0.3" />
    <weld active="false" body1="7_part7" body2="4_part4" solimp="1 1 0.5" solref="0.01 0.3" />
  </equality>
  <worldbody>
    <body name="0_part0" pos="0.0 -1.8e-09 1e-10" quat="1 0 0 0">
      <geom conaffinity="0" contype="0" density="0" mesh="part0" name="0_part0_mesh" pos="0.0 0.0 0.0" rgba="0.82 0.71 0.55 1" type="mesh" />
      <site name="0_part0_horizontal_radius_site" pos="0.0 -1.8e-09 1e-10" quat="1 0 0 0" rgba="0 0 1 0.3" size="0.001" />
      <site name="0_part0_top_site" pos="0.0 -1.8e-09 0.012700024600000002" quat="1 0 0 0" rgba="0 0 1 0.3" size="0.001" />
      <site name="0_part0_bottom_site" pos="0.0 -1.8e-09 -0.0127000244" quat="1 0 0 0" rgba="0 0 1 0.3" size="0.001" />
      <site name="0_part0_corner_site8" pos="-0.1905 0.127000004 0.012700024600000002" quat="1 0 0 0" rgba="0 0 1 0.3" size="0.02" />
      <site name="0_part0_corner_site7" pos="0.1905 0.127000004 0.012700024600000002" quat="1 0 0 0" rgba="0 0 1 0.3" size="0.02" />
      <site name="0_part0_corner_site6" pos="0.1905 -0.12700000760000002 0.012700024600000002" quat="1 0 0 0" rgba="0 0 1 0.3" size="0.02" />
      <site name="0_part0_corner_site5" pos="-0.1905 -0.12700000760000002 0.012700024600000002" quat="1 0 0 0" rgba="0 0 1 0.3" size="0.02" />
      <site name="0_part0_corner_site4" pos="-0.1905 0.127000004 -0.0127000244" quat="1 0 0 0" rgba="0 0 1 0.3" size="0.02" />
      <site name="0_part0_corner_site3" pos="0.1905 0.127000004 -0.0127000244" quat="1 0 0 0" rgba="0 0 1 0.3" size="0.02" />
      <site name="0_part0_corner_site2" pos="0.1905 -0.12700000760000002 -0.0127000244" quat="1 0 0 0" rgba="0 0 1 0.3" size="0.02" />
      <site name="0_part0_corner_site1" pos="-0.1905 -0.12700000760000002 -0.0127000244" quat="1 0 0 0" rgba="0 0 1 0.3" size="0.02" />
      <site name="toppane-sidepane,0,180,conn_site2" pos="0.1805 0.0 -0.012700020000000001" quat="1 0 0 0" rgba="0.9547, 0.1059, 0.1059, 0.3" size="0.001" />
      <site name="toppane-sidepane,0,180,conn_site1" pos="-0.17880000000000001 0.0 -0.012700020000000001" quat="1 0 0 0" rgba="0.9547, 0.1059, 0.1059, 0.3" size="0.001" />
      <geom density="50" name="noviz_collision_0_part0_0" pos="0.0 1e-08 -7.925e-05" quat="1 0 0 0" rgba="1 0 0 1" size="0.1905 0.127 0.01262077" solref="0.001 1" type="box" />
    </body>
    <body name="7_part7" pos="0.1777999993 -1.8e-09 -0.6477000184" quat="1 0 0 0">
      <geom conaffinity="0" contype="0" density="0" mesh="part7" name="7_part7_mesh" pos="0.0 0.0 0.0" rgba="0.82 0.71 0.55 1" type="mesh" />
      <site name="7_part7_horizontal_radius_site" pos="-1e-10 -1.8e-09 -6e-09" quat="1 0 0 0" rgba="0 0 1 0.3" size="0.001" />
      <site name="7_part7_top_site" pos="-1e-10 -1.8e-09 0.635" quat="1 0 0 0" rgba="0 0 1 0.3" size="0.001" />
      <site name="7_part7_bottom_site" pos="-1e-10 -1.8e-09 -0.635000012" quat="1 0 0 0" rgba="0 0 1 0.3" size="0.001" />
      <site name="7_part7_corner_site8" pos="-0.0127000008 0.127000004 0.635" quat="1 0 0 0" rgba="0 0 1 0.3" size="0.02" />
      <site name="7_part7_corner_site7" pos="0.0127000005 0.127000004 0.635" quat="1 0 0 0" rgba="0 0 1 0.3" size="0.02" />
      <site name="7_part7_corner_site6" pos="0.0127000005 -0.12700000760000002 0.635" quat="1 0 0 0" rgba="0 0 1 0.3" size="0.02" />
      <site name="7_part7_corner_site5" pos="-0.0127000008 -0.12700000760000002 0.635" quat="1 0 0 0" rgba="0 0 1 0.3" size="0.02" />
      <site name="7_part7_corner_site4" pos="-0.0127000008 0.127000004 -0.635000012" quat="1 0 0 0" rgba="0 0 1 0.3" size="0.02" />
      <site name="7_part7_corner_site3" pos="0.0127000005 0.127000004 -0.635000012" quat="1 0 0 0" rgba="0 0 1 0.3" size="0.02" />
      <site name="7_part7_corner_site2" pos="0.0127000005 -0.12700000760000002 -0.635000012" quat="1 0 0 0" rgba="0 0 1 0.3" size="0.02" />
      <site name="7_part7_corner_site1" pos="-0.0127000008 -0.12700000760000002 -0.635000012" quat="1 0 0 0" rgba="0 0 1 0.3" size="0.02" />
      <site name="sidepane-horpane,0,180,conn_site8" pos="-0.011800000000000001 0.0 0.3797" quat="0.7071067 0 0.7071068 0" rgba="0.9908, 0.5949, 0.199, 0.3" size="0.001" />
      <site name="sidepane-horpane,0,180,conn_site7" pos="-0.0128 0.0 0.1267" quat="0.7071067 0 0.7071068 0" rgba="0.9908, 0.5949, 0.199, 0.3" size="0.001" />
      <site name="sidepane-horpane,0,180,conn_site6" pos="-0.0128 0.0 -0.1263" quat="0.7071067 0 0.7071068 0" rgba="0.9908, 0.5949, 0.199, 0.3" size="0.001" />
      <site name="sidepane-horpane,0,180,conn_site5" pos="-0.011800000000000001 0.0 -0.3803" quat="0.7071067 0 0.7071068 0" rgba="0.9908, 0.5949, 0.199, 0.3" size="0.001" />
      <site name="sidepane-botpane,0,180,conn_site2" pos="0.00239999 0.0 -0.6350001" quat="0 1 0 0" rgba="0.9672, 0.9672, 0.089, 0.3" size="0.001" />
      <site name="sidepane-toppane,0,180,conn_site2" pos="0.0027 0.0 0.635" quat="1 0 0 0" rgba="0.9547, 0.1059, 0.1059, 0.3" size="0.001" />
      <geom density="50" name="noviz_collision_7_part7_0" pos="-0.00015747 0.00033535 0.0" quat="1 0 0 0" rgba="1 0 0 1" size="0.01254253 0.12733540000000002 0.6350001" solref="0.001 1" type="box" />
    </body>
    <body name="6_part6" pos="-0.17779999910000002 -1.8e-09 -0.6477000184" quat="1 0 0 0">
      <geom conaffinity="0" contype="0" density="0" mesh="part6" name="6_part6_mesh" pos="0.0 0.0 0.0" rgba="0.82 0.71 0.55 1" type="mesh" />
      <site name="6_part6_horizontal_radius_site" pos="-1e-10 -1.8e-09 -6e-09" quat="1 0 0 0" rgba="0 0 1 0.3" size="0.001" />
      <site name="6_part6_top_site" pos="-1e-10 -1.8e-09 0.635" quat="1 0 0 0" rgba="0 0 1 0.3" size="0.001" />
      <site name="6_part6_bottom_site" pos="-1e-10 -1.8e-09 -0.635000012" quat="1 0 0 0" rgba="0 0 1 0.3" size="0.001" />
      <site name="6_part6_corner_site8" pos="-0.012700001 0.127000004 0.635" quat="1 0 0 0" rgba="0 0 1 0.3" size="0.02" />
      <site name="6_part6_corner_site7" pos="0.0127000008 0.127000004 0.635" quat="1 0 0 0" rgba="0 0 1 0.3" size="0.02" />
      <site name="6_part6_corner_site6" pos="0.0127000008 -0.12700000760000002 0.635" quat="1 0 0 0" rgba="0 0 1 0.3" size="0.02" />
      <site name="6_part6_corner_site5" pos="-0.012700001 -0.12700000760000002 0.635" quat="1 0 0 0" rgba="0 0 1 0.3" size="0.02" />
      <site name="6_part6_corner_site4" pos="-0.012700001 0.127000004 -0.635000012" quat="1 0 0 0" rgba="0 0 1 0.3" size="0.02" />
      <site name="6_part6_corner_site3" pos="0.0127000008 0.127000004 -0.635000012" quat="1 0 0 0" rgba="0 0 1 0.3" size="0.02" />
      <site name="6_part6_corner_site2" pos="0.0127000008 -0.12700000760000002 -0.635000012" quat="1 0 0 0" rgba="0 0 1 0.3" size="0.02" />
      <site name="6_part6_corner_site1" pos="-0.012700001 -0.12700000760000002 -0.635000012" quat="1 0 0 0" rgba="0 0 1 0.3" size="0.02" />
      <site name="sidepane-horpane,0,180,conn_site4" pos="0.013800000000000002 0.0 0.3807" quat="0.7071067 0 -0.7071068 0" rgba="0.9908, 0.5949, 0.199, 0.3" size="0.001" />
      <site name="sidepane-horpane,0,180,conn_site3" pos="0.0128 0.0 0.1227" quat="0.7071067 0 -0.7071068 0" rgba="0.9908, 0.5949, 0.199, 0.3" size="0.001" />
      <site name="sidepane-horpane,0,180,conn_site2" pos="0.0128 0.0 -0.12930000000000003" quat="0.7071067 0 -0.7071068 0" rgba="0.9908, 0.5949, 0.199, 0.3" size="0.001" />
      <site name="sidepane-horpane,0,180,conn_site1" pos="0.011800000000000001 0.0 -0.38230000000000003" quat="0.7071067 0 -0.7071068 0" rgba="0.9908, 0.5949, 0.199, 0.3" size="0.001" />
      <site name="sidepane-botpane,0,180,conn_site1" pos="-0.00439999 0.0 -0.6350001" quat="0 1 0 0" rgba="0.9672, 0.9672, 0.089, 0.3" size="0.001" />
      <site name="sidepane-toppane,0,180,conn_site1" pos="-0.001 0.0 0.635" quat="1 0 0 0" rgba="0.9547, 0.1059, 0.1059, 0.3" size="0.001" />
      <geom density="50" name="noviz_collision_6_part6_0" pos="0.00015747 0.00033535 0.0" quat="1 0 0 0" rgba="1 0 0 1" size="0.01285747 0.12733540000000002 0.6350001" solref="0.001 1" type="box" />
    </body>
    <body name="5_part5" pos="0.0 -1.8e-09 -1.2954000244" quat="1 0 0 0">
      <geom conaffinity="0" contype="0" density="0" mesh="part5" name="5_part5_mesh" pos="0.0 0.0 0.0" rgba="0.82 0.71 0.55 1" type="mesh" />
      <site name="5_part5_horizontal_radius_site" pos="0.0 -1.8e-09 0.0" quat="1 0 0 0" rgba="0 0 1 0.3" size="0.001" />
      <site name="5_part5_top_site" pos="0.0 -1.8e-09 0.0127" quat="1 0 0 0" rgba="0 0 1 0.3" size="0.001" />
      <site name="5_part5_bottom_site" pos="0.0 -1.8e-09 -0.0127" quat="1 0 0 0" rgba="0 0 1 0.3" size="0.001" />
      <site name="5_part5_corner_site8" pos="-0.1905 0.127000004 0.0127" quat="1 0 0 0" rgba="0 0 1 0.3" size="0.02" />
      <site name="5_part5_corner_site7" pos="0.1905 0.127000004 0.0127" quat="1 0 0 0" rgba="0 0 1 0.3" size="0.02" />
      <site name="5_part5_corner_site6" pos="0.1905 -0.12700000760000002 0.0127" quat="1 0 0 0" rgba="0 0 1 0.3" size="0.02" />
      <site name="5_part5_corner_site5" pos="-0.1905 -0.12700000760000002 0.0127" quat="1 0 0 0" rgba="0 0 1 0.3" size="0.02" />
      <site name="5_part5_corner_site4" pos="-0.1905 0.127000004 -0.0127" quat="1 0 0 0" rgba="0 0 1 0.3" size="0.02" />
      <site name="5_part5_corner_site3" pos="0.1905 0.127000004 -0.0127" quat="1 0 0 0" rgba="0 0 1 0.3" size="0.02" />
      <site name="5_part5_corner_site2" pos="0.1905 -0.12700000760000002 -0.0127" quat="1 0 0 0" rgba="0 0 1 0.3" size="0.02" />
      <site name="5_part5_corner_site1" pos="-0.1905 -0.12700000760000002 -0.0127" quat="1 0 0 0" rgba="0 0 1 0.3" size="0.02" />
      <site name="botpane-sidepane,0,180,conn_site2" pos="0.1802 0.0 0.01269995" quat="0 1 0 0" rgba="0.9672, 0.9672, 0.089, 0.3" size="0.001" />
      <site name="botpane-sidepane,0,180,conn_site1" pos="-0.1822 0.0 0.01269995" quat="0 1 0 0" rgba="0.9672, 0.9672, 0.089, 0.3" size="0.001" />
      <geom density="50" name="noviz_collision_5_part5_0" pos="0.0 1e-08 7.922e-05" quat="1 0 0 0" rgba="1 0 0 1" size="0.1905 0.127 0.012779170000000001" solref="0.001 1" type="box" />
    </body>
    <body name="4_part4" pos="3.1e-09 -1.8e-09 -1.0287000244000002" quat="1 0 0 0">
      <geom conaffinity="0" contype="0" density="0" mesh="part4" name="4_part4_mesh" pos="0.0 0.0 0.0" rgba="0.82 0.71 0.55 1" type="mesh" />
      <site name="4_part4_horizontal_radius_site" pos="3.1e-09 -1.8e-09 0.0" quat="1 0 0 0" rgba="0 0 1 0.3" size="0.001" />
      <site name="4_part4_top_site" pos="3.1e-09 -1.8e-09 0.009525" quat="1 0 0 0" rgba="0 0 1 0.3" size="0.001" />
      <site name="4_part4_bottom_site" pos="3.1e-09 -1.8e-09 -0.009525" quat="1 0 0 0" rgba="0 0 1 0.3" size="0.001" />
      <site name="4_part4_corner_site8" pos="-0.1651 0.127000004 0.009525" quat="1 0 0 0" rgba="0 0 1 0.3" size="0.02" />
      <site name="4_part4_corner_site7" pos="0.1651000061 0.127000004 0.009525" quat="1 0 0 0" rgba="0 0 1 0.3" size="0.02" />
      <site name="4_part4_corner_site6" pos="0.1651000061 -0.12700000760000002 0.009525" quat="1 0 0 0" rgba="0 0 1 0.3" size="0.02" />
      <site name="4_part4_corner_site5" pos="-0.1651 -0.12700000760000002 0.009525" quat="1 0 0 0" rgba="0 0 1 0.3" size="0.02" />
      <site name="4_part4_corner_site4" pos="-0.1651 0.127000004 -0.009525" quat="1 0 0 0" rgba="0 0 1 0.3" size="0.02" />
      <site name="4_part4_corner_site3" pos="0.1651000061 0.127000004 -0.009525" quat="1 0 0 0" rgba="0 0 1 0.3" size="0.02" />
      <site name="4_part4_corner_site2" pos="0.1651000061 -0.12700000760000002 -0.009525" quat="1 0 0 0" rgba="0 0 1 0.3" size="0.02" />
      <site name="4_part4_corner_site1" pos="-0.1651 -0.12700000760000002 -0.009525" quat="1 0 0 0" rgba="0 0 1 0.3" size="0.02" />
      <site name="horpane-sidepane,0,180,conn_site5" pos="0.166 0.0 0.00070007" quat="0.7071067 0 0.7071068 0" rgba="0.9908, 0.5949, 0.199, 0.3" size="0.001" />
      <site name="horpane-sidepane,0,180,conn_site1" pos="-0.166 0.0 -0.0012999300000000001" quat="0.7071067 0 -0.7071068 0" rgba="0.9908, 0.5949, 0.199, 0.3" size="0.001" />
      <geom density="50" name="noviz_collision_4_part4_0" pos="0.0 1e-08 0.0" quat="1 0 0 0" rgba="1 0 0 1" size="0.1651 0.127 0.009524900000000001" solref="0.001 1" type="box" />
    </body>
    <body name="3_part3" pos="3.1e-09 -1.8e-09 -0.7747000244" quat="1 0 0 0">
      <geom conaffinity="0" contype="0" density="0" mesh="part3" name="3_part3_mesh" pos="0.0 0.0 0.0" rgba="0.82 0.71 0.55 1" type="mesh" />
      <site name="3_part3_horizontal_radius_site" pos="3.1e-09 -1.8e-09 0.0" quat="1 0 0 0" rgba="0 0 1 0.3" size="0.001" />
      <site name="3_part3_top_site" pos="3.1e-09 -1.8e-09 0.009525" quat="1 0 0 0" rgba="0 0 1 0.3" size="0.001" />
      <site name="3_part3_bottom_site" pos="3.1e-09 -1.8e-09 -0.009525" quat="1 0 0 0" rgba="0 0 1 0.3" size="0.001" />
      <site name="3_part3_corner_site8" pos="-0.1651 0.127000004 0.009525" quat="1 0 0 0" rgba="0 0 1 0.3" size="0.02" />
      <site name="3_part3_corner_site7" pos="0.1651000061 0.127000004 0.009525" quat="1 0 0 0" rgba="0 0 1 0.3" size="0.02" />
      <site name="3_part3_corner_site6" pos="0.1651000061 -0.12700000760000002 0.009525" quat="1 0 0 0" rgba="0 0 1 0.3" size="0.02" />
      <site name="3_part3_corner_site5" pos="-0.1651 -0.12700000760000002 0.009525" quat="1 0 0 0" rgba="0 0 1 0.3" size="0.02" />
      <site name="3_part3_corner_site4" pos="-0.1651 0.127000004 -0.009525" quat="1 0 0 0" rgba="0 0 1 0.3" size="0.02" />
      <site name="3_part3_corner_site3" pos="0.1651000061 0.127000004 -0.009525" quat="1 0 0 0" rgba="0 0 1 0.3" size="0.02" />
      <site name="3_part3_corner_site2" pos="0.1651000061 -0.12700000760000002 -0.009525" quat="1 0 0 0" rgba="0 0 1 0.3" size="0.02" />
      <site name="3_part3_corner_site1" pos="-0.1651 -0.12700000760000002 -0.009525" quat="1 0 0 0" rgba="0 0 1 0.3" size="0.02" />
      <site name="horpane-sidepane,0,180,conn_site6" pos="0.165 0.0 0.00070001" quat="0.7071067 0 0.7071068 0" rgba="0.9908, 0.5949, 0.199, 0.3" size="0.001" />
      <site name="horpane-sidepane,0,180,conn_site2" pos="-0.165 0.0 -0.0022999900000000005" quat="0.7071067 0 -0.7071068 0" rgba="0.9908, 0.5949, 0.199, 0.3" size="0.001" />
      <geom density="50" name="noviz_collision_3_part3_0" pos="0.0 1e-08 0.0" quat="1 0 0 0" rgba="1 0 0 1" size="0.1651 0.127 0.00952502" solref="0.001 1" type="box" />
    </body>
    <body name="2_part2" pos="3.1e-09 -1.8e-09 -0.5207000244" quat="1 0 0 0">
      <geom conaffinity="0" contype="0" density="0" mesh="part2" name="2_part2_mesh" pos="0.0 0.0 0.0" rgba="0.82 0.71 0.55 1" type="mesh" />
      <site name="2_part2_horizontal_radius_site" pos="3.1e-09 -1.8e-09 0.0" quat="1 0 0 0" rgba="0 0 1 0.3" size="0.001" />
      <site name="2_part2_top_site" pos="3.1e-09 -1.8e-09 0.009525" quat="1 0 0 0" rgba="0 0 1 0.3" size="0.001" />
      <site name="2_part2_bottom_site" pos="3.1e-09 -1.8e-09 -0.009525" quat="1 0 0 0" rgba="0 0 1 0.3" size="0.001" />
      <site name="2_part2_corner_site8" pos="-0.1651 0.127000004 0.009525" quat="1 0 0 0" rgba="0 0 1 0.3" size="0.02" />
      <site name="2_part2_corner_site7" pos="0.1651000061 0.127000004 0.009525" quat="1 0 0 0" rgba="0 0 1 0.3" size="0.02" />
      <site name="2_part2_corner_site6" pos="0.1651000061 -0.12700000760000002 0.009525" quat="1 0 0 0" rgba="0 0 1 0.3" size="0.02" />
      <site name="2_part2_corner_site5" pos="-0.1651 -0.12700000760000002 0.009525" quat="1 0 0 0" rgba="0 0 1 0.3" size="0.02" />
      <site name="2_part2_corner_site4" pos="-0.1651 0.127000004 -0.009525" quat="1 0 0 0" rgba="0 0 1 0.3" size="0.02" />
      <site name="2_part2_corner_site3" pos="0.1651000061 0.127000004 -0.009525" quat="1 0 0 0" rgba="0 0 1 0.3" size="0.02" />
      <site name="2_part2_corner_site2" pos="0.1651000061 -0.12700000760000002 -0.009525" quat="1 0 0 0" rgba="0 0 1 0.3" size="0.02" />
      <site name="2_part2_corner_site1" pos="-0.1651 -0.12700000760000002 -0.009525" quat="1 0 0 0" rgba="0 0 1 0.3" size="0.02" />
      <site name="horpane-sidepane,0,180,conn_site7" pos="0.165 0.0 -0.00029999" quat="0.7071067 0 0.7071068 0" rgba="0.9908, 0.5949, 0.199, 0.3" size="0.001" />
      <site name="horpane-sidepane,0,180,conn_site3" pos="-0.165 0.0 -0.00429999" quat="0.7071067 0 -0.7071068 0" rgba="0.9908, 0.5949, 0.199, 0.3" size="0.001" />
      <geom density="50" name="noviz_collision_2_part2_0" pos="0.0 1e-08 0.0" quat="1 0 0 0" rgba="1 0 0 1" size="0.1651 0.127 0.00952502" solref="0.001 1" type="box" />
    </body>
    <body name="1_part1" pos="3.1e-09 -1.8e-09 -0.2667" quat="1 0 0 0">
      <geom conaffinity="0" contype="0" density="0" mesh="part1" name="1_part1_mesh" pos="0.0 0.0 0.0" rgba="0.82 0.71 0.55 1" type="mesh" />
      <site name="1_part1_horizontal_radius_site" pos="3.1e-09 -1.8e-09 0.0" quat="1 0 0 0" rgba="0 0 1 0.3" size="0.001" />
      <site name="1_part1_top_site" pos="3.1e-09 -1.8e-09 0.0095250244" quat="1 0 0 0" rgba="0 0 1 0.3" size="0.001" />
      <site name="1_part1_bottom_site" pos="3.1e-09 -1.8e-09 -0.0095250244" quat="1 0 0 0" rgba="0 0 1 0.3" size="0.001" />
      <site name="1_part1_corner_site8" pos="-0.1651 0.127000004 0.0095250244" quat="1 0 0 0" rgba="0 0 1 0.3" size="0.02" />
      <site name="1_part1_corner_site7" pos="0.1651000061 0.127000004 0.0095250244" quat="1 0 0 0" rgba="0 0 1 0.3" size="0.02" />
      <site name="1_part1_corner_site6" pos="0.1651000061 -0.12700000760000002 0.0095250244" quat="1 0 0 0" rgba="0 0 1 0.3" size="0.02" />
      <site name="1_part1_corner_site5" pos="-0.1651 -0.12700000760000002 0.0095250244" quat="1 0 0 0" rgba="0 0 1 0.3" size="0.02" />
      <site name="1_part1_corner_site4" pos="-0.1651 0.127000004 -0.0095250244" quat="1 0 0 0" rgba="0 0 1 0.3" size="0.02" />
      <site name="1_part1_corner_site3" pos="0.1651000061 0.127000004 -0.0095250244" quat="1 0 0 0" rgba="0 0 1 0.3" size="0.02" />
      <site name="1_part1_corner_site2" pos="0.1651000061 -0.12700000760000002 -0.0095250244" quat="1 0 0 0" rgba="0 0 1 0.3" size="0.02" />
      <site name="1_part1_corner_site1" pos="-0.1651 -0.12700000760000002 -0.0095250244" quat="1 0 0 0" rgba="0 0 1 0.3" size="0.02" />
      <site name="horpane-sidepane,0,180,conn_site8" pos="0.166 0.0 -0.00129999" quat="0.7071067 0 0.7071068 0" rgba="0.9908, 0.5949, 0.199, 0.3" size="0.001" />
      <site name="horpane-sidepane,0,180,conn_site4" pos="-0.164 0.0 -0.00029999" quat="0.7071067 0 -0.7071068 0" rgba="0.9908, 0.5949, 0.199, 0.3" size="0.001" />
      <geom density="50" name="noviz_collision_1_part1_0" pos="0.0 1e-08 0.0" quat="1 0 0 0" rgba="1 0 0 1" size="0.1651 0.127 0.00952502" solref="0.001 1" type="box" />
    </body>
  </worldbody>
</mujoco>