<mujoco model="bookcase_besta_0172">
  <asset>
    <mesh file="0.stl" name="part0" scale="0.001 0.001 0.001" />
    <mesh file="5.stl" name="part5" scale="0.001 0.001 0.001" />
    <mesh file="4.stl" name="part4" scale="0.001 0.001 0.001" />
    <mesh file="3.stl" name="part3" scale="0.001 0.001 0.001" />
    <mesh file="2.stl" name="part2" scale="0.001 0.001 0.001" />
    <mesh file="1.stl" name="part1" scale="0.001 0.001 0.001" />
  </asset>
  <equality>
    <weld active="false" body1="0_part0" body2="2_part2" solimp="1 1 0.5" solref="0.01 0.3" />
    <weld active="false" body1="0_part0" body2="4_part4" solimp="1 1 0.5" solref="0.01 0.3" />
    <weld active="false" body1="0_part0" body2="5_part5" solimp="1 1 0.5" solref="0.01 0.3" />
    <weld active="false" body1="5_part5" body2="1_part1" solimp="1 1 0.5" solref="0.01 0.3" />
    <weld active="false" body1="5_part5" body2="3_part3" solimp="1 1 0.5" solref="0.01 0.3" />
    <weld active="false" body1="4_part4" body2="1_part1" solimp="1 1 0.5" solref="0.01 0.3" />
    <weld active="false" body1="4_part4" body2="3_part3" solimp="1 1 0.5" solref="0.01 0.3" />
    <weld active="false" body1="3_part3" body2="2_part2" solimp="1 1 0.5" solref="0.01 0.3" />
    <weld active="false" body1="2_part2" body2="1_part1" solimp="1 1 0.5" solref="0.01 0.3" />
  </equality>
  <worldbody>
    <body name="0_part0" pos="5e-10 0.0 4e-10" quat="1 0 0 0">
      <geom conaffinity="0" contype="0" density="0" mesh="part0" name="0_part0_mesh" pos="0.0 0.0 0.0" rgba="0.82 0.71 0.55 1" type="mesh" />
      <site name="0_part0_horizontal_radius_site" pos="5e-10 0.0 4e-10" quat="1 0 0 0" rgba="0 0 1 0" size="0.02" />
      <site name="0_part0_top_site" pos="5e-10 0.0 0.1079500004" quat="1 0 0 0" rgba="0 0 1 0" size="0.02" />
      <site name="0_part0_bottom_site" pos="5e-10 0.0 -0.1079499996" quat="1 0 0 0" rgba="0 0 1 0" size="0.02" />
      <site name="0_part0_corner_site8" pos="-0.18414999950000002 0.0015875244 0.1079500004" quat="1 0 0 0" rgba="0 0 1 0" size="0.02" />
      <site name="0_part0_corner_site7" pos="0.18415000050000002 0.0015875244 0.1079500004" quat="1 0 0 0" rgba="0 0 1 0" size="0.02" />
      <site name="0_part0_corner_site6" pos="0.18415000050000002 -0.0015875244 0.1079500004" quat="1 0 0 0" rgba="0 0 1 0" size="0.02" />
      <site name="0_part0_corner_site5" pos="-0.18414999950000002 -0.0015875244 0.1079500004" quat="1 0 0 0" rgba="0 0 1 0" size="0.02" />
      <site name="0_part0_corner_site4" pos="-0.18414999950000002 0.0015875244 -0.1079499996" quat="1 0 0 0" rgba="0 0 1 0" size="0.02" />
      <site name="0_part0_corner_site3" pos="0.18415000050000002 0.0015875244 -0.1079499996" quat="1 0 0 0" rgba="0 0 1 0" size="0.02" />
      <site name="0_part0_corner_site2" pos="0.18415000050000002 -0.0015875244 -0.1079499996" quat="1 0 0 0" rgba="0 0 1 0" size="0.02" />
      <site name="0_part0_corner_site1" pos="-0.18414999950000002 -0.0015875244 -0.1079499996" quat="1 0 0 0" rgba="0 0 1 0" size="0.02" />
      <site name="0_part0-2_part2,0,180,conn_site" pos="2.5e-10 -0.0044 0.10477500000000001" quat="1 0 0 0" rgba="0.9929, 0.1082, 0.1082, 0.3" size="0.02" />
      <site name="0_part0-4_part4,0,180,conn_site" pos="2.5e-10 -0.0035 0.006199999" quat="1 0 0 0" rgba="0.9735, 0.7092, 0.1805, 0.3" size="0.02" />
      <site name="0_part0-5_part5,0,180,conn_site" pos="5e-10 -0.0035 -0.1009" quat="1 0 0 0" rgba="0.6644, 0.9661, 0.0609, 0.3" size="0.02" />
    </body>
    <body name="5_part5" pos="1e-09 -0.1190625 -0.120015" quat="1 0 0 0">
      <geom conaffinity="0" contype="0" density="0" mesh="part5" name="5_part5_mesh" pos="0.0 0.0 0.0" rgba="0.82 0.71 0.55 1" type="mesh" />
      <site name="5_part5_horizontal_radius_site" pos="0.0 0.0 0.0" quat="1 0 0 0" rgba="0 0 1 0" size="0.02" />
      <site name="5_part5_top_site" pos="0.0 0.0 0.018415" quat="1 0 0 0" rgba="0 0 1 0" size="0.02" />
      <site name="5_part5_bottom_site" pos="0.0 0.0 -0.018415" quat="1 0 0 0" rgba="0 0 1 0" size="0.02" />
      <site name="5_part5_corner_site8" pos="-0.1968499985 0.127 0.018415" quat="1 0 0 0" rgba="0 0 1 0" size="0.02" />
      <site name="5_part5_corner_site7" pos="0.1968499985 0.127 0.018415" quat="1 0 0 0" rgba="0 0 1 0" size="0.02" />
      <site name="5_part5_corner_site6" pos="0.1968499985 -0.127 0.018415" quat="1 0 0 0" rgba="0 0 1 0" size="0.02" />
      <site name="5_part5_corner_site5" pos="-0.1968499985 -0.127 0.018415" quat="1 0 0 0" rgba="0 0 1 0" size="0.02" />
      <site name="5_part5_corner_site4" pos="-0.1968499985 0.127 -0.018415" quat="1 0 0 0" rgba="0 0 1 0" size="0.02" />
      <site name="5_part5_corner_site3" pos="0.1968499985 0.127 -0.018415" quat="1 0 0 0" rgba="0 0 1 0" size="0.02" />
      <site name="5_part5_corner_site2" pos="0.1968499985 -0.127 -0.018415" quat="1 0 0 0" rgba="0 0 1 0" size="0.02" />
      <site name="5_part5_corner_site1" pos="-0.1968499985 -0.127 -0.018415" quat="1 0 0 0" rgba="0 0 1 0" size="0.02" />
      <site name="5_part5-1_part1,0,180,conn_site" pos="-0.1846 0.0 0.018715" quat="1 0 0 0" rgba="0.0261, 0.9782, 0.0261, 0.3" size="0.02" />
      <site name="5_part5-3_part3,0,180,conn_site" pos="0.185 0.0 0.019015" quat="1 0 0 0" rgba="0.1414, 0.9899, 0.7071, 0.3" size="0.02" />
      <site name="5_part5-0_part0,0,180,conn_site" pos="0.0 0.1155625 0.019115" quat="1 0 0 0" rgba="0.6644, 0.9661, 0.0609, 0.3" size="0.02" />
    </body>
    <body name="4_part4" pos="5e-10 -0.1238249943 0.0075675245000000006" quat="1 0 0 0">
      <geom conaffinity="0" contype="0" density="0" mesh="part4" name="4_part4_mesh" pos="0.0 0.0 0.0" rgba="0.82 0.71 0.55 1" type="mesh" />
      <site name="4_part4_horizontal_radius_site" pos="0.0 0.0 0.0" quat="1 0 0 0" rgba="0 0 1 0" size="0.02" />
      <site name="4_part4_top_site" pos="0.0 0.0 0.00635" quat="1 0 0 0" rgba="0 0 1 0" size="0.02" />
      <site name="4_part4_bottom_site" pos="0.0 0.0 -0.00635" quat="1 0 0 0" rgba="0 0 1 0" size="0.02" />
      <site name="4_part4_corner_site8" pos="-0.1778 0.1222375 0.00635" quat="1 0 0 0" rgba="0 0 1 0" size="0.02" />
      <site name="4_part4_corner_site7" pos="0.1778 0.1222375 0.00635" quat="1 0 0 0" rgba="0 0 1 0" size="0.02" />
      <site name="4_part4_corner_site6" pos="0.1778 -0.1222375 0.00635" quat="1 0 0 0" rgba="0 0 1 0" size="0.02" />
      <site name="4_part4_corner_site5" pos="-0.1778 -0.1222375 0.00635" quat="1 0 0 0" rgba="0 0 1 0" size="0.02" />
      <site name="4_part4_corner_site4" pos="-0.1778 0.1222375 -0.00635" quat="1 0 0 0" rgba="0 0 1 0" size="0.02" />
      <site name="4_part4_corner_site3" pos="0.1778 0.1222375 -0.00635" quat="1 0 0 0" rgba="0 0 1 0" size="0.02" />
      <site name="4_part4_corner_site2" pos="0.1778 -0.1222375 -0.00635" quat="1 0 0 0" rgba="0 0 1 0" size="0.02" />
      <site name="4_part4_corner_site1" pos="-0.1778 -0.1222375 -0.00635" quat="1 0 0 0" rgba="0 0 1 0" size="0.02" />
      <site name="4_part4-1_part1,0,180,conn_site" pos="-0.1776 0.002381256 0.001632475" quat="1 0 0 0" rgba="0.0234, 0.6616, 0.9807, 0.3" size="0.02" />
      <site name="4_part4-3_part3,0,180,conn_site" pos="0.1779 0.002381256 0.0008324752" quat="1 0 0 0" rgba="0.1569, 0.1569, 0.9673, 0.3" size="0.02" />
      <site name="4_part4-0_part0,0,180,conn_site" pos="2.5e-10 0.120325 -0.001367525" quat="1 0 0 0" rgba="0.9735, 0.7092, 0.1805, 0.3" size="0.02" />
    </body>
    <body name="3_part3" pos="0.1841499907 -0.1190624957 3.2e-09" quat="1 0 0 0">
      <geom conaffinity="0" contype="0" density="0" mesh="part3" name="3_part3_mesh" pos="0.0 0.0 0.0" rgba="0.82 0.71 0.55 1" type="mesh" />
      <site name="3_part3_horizontal_radius_site" pos="-1e-10 1.4e-09 0.0" quat="1 0 0 0" rgba="0 0 1 0" size="0.02" />
      <site name="3_part3_top_site" pos="-1e-10 1.4e-09 0.1016000061" quat="1 0 0 0" rgba="0 0 1 0" size="0.02" />
      <site name="3_part3_bottom_site" pos="-1e-10 1.4e-09 -0.1016000061" quat="1 0 0 0" rgba="0 0 1 0" size="0.02" />
      <site name="3_part3_corner_site8" pos="-0.0063500099 0.1270000029 0.1016000061" quat="1 0 0 0" rgba="0 0 1 0" size="0.02" />
      <site name="3_part3_corner_site7" pos="0.0063500097 0.1270000029 0.1016000061" quat="1 0 0 0" rgba="0 0 1 0" size="0.02" />
      <site name="3_part3_corner_site6" pos="0.0063500097 -0.127 0.1016000061" quat="1 0 0 0" rgba="0 0 1 0" size="0.02" />
      <site name="3_part3_corner_site5" pos="-0.0063500099 -0.127 0.1016000061" quat="1 0 0 0" rgba="0 0 1 0" size="0.02" />
      <site name="3_part3_corner_site4" pos="-0.0063500099 0.1270000029 -0.1016000061" quat="1 0 0 0" rgba="0 0 1 0" size="0.02" />
      <site name="3_part3_corner_site3" pos="0.0063500097 0.1270000029 -0.1016000061" quat="1 0 0 0" rgba="0 0 1 0" size="0.02" />
      <site name="3_part3_corner_site2" pos="0.0063500097 -0.127 -0.1016000061" quat="1 0 0 0" rgba="0 0 1 0" size="0.02" />
      <site name="3_part3_corner_site1" pos="-0.0063500099 -0.127 -0.1016000061" quat="1 0 0 0" rgba="0 0 1 0" size="0.02" />
      <site name="3_part3-2_part2,0,180,conn_site" pos="0.0018500060000000002 0.0 0.1016" quat="1 0 0 0" rgba="0.6851, 0.078, 0.9886, 0.3" size="0.02" />
      <site name="3_part3-4_part4,0,180,conn_site" pos="-0.00625 -0.002381248 0.008399997000000001" quat="1 0 0 0" rgba="0.1569, 0.1569, 0.9673, 0.3" size="0.02" />
      <site name="3_part3-5_part5,0,180,conn_site" pos="0.0008500061 -7.629395e-09 -0.101" quat="1 0 0 0" rgba="0.1414, 0.9899, 0.7071, 0.3" size="0.02" />
    </body>
    <body name="2_part2" pos="5e-10 -0.1190624945 0.1143000004" quat="1 0 0 0">
      <geom conaffinity="0" contype="0" density="0" mesh="part2" name="2_part2_mesh" pos="0.0 0.0 0.0" rgba="0.82 0.71 0.55 1" type="mesh" />
      <site name="2_part2_horizontal_radius_site" pos="0.0 1.8e-09 -0.0" quat="1 0 0 0" rgba="0 0 1 0" size="0.02" />
      <site name="2_part2_top_site" pos="0.0 1.8e-09 0.0127" quat="1 0 0 0" rgba="0 0 1 0" size="0.02" />
      <site name="2_part2_bottom_site" pos="0.0 1.8e-09 -0.0127" quat="1 0 0 0" rgba="0 0 1 0" size="0.02" />
      <site name="2_part2_corner_site8" pos="-0.1905 0.1270000037 0.0127" quat="1 0 0 0" rgba="0 0 1 0" size="0.02" />
      <site name="2_part2_corner_site7" pos="0.1905 0.1270000037 0.0127" quat="1 0 0 0" rgba="0 0 1 0" size="0.02" />
      <site name="2_part2_corner_site6" pos="0.1905 -0.127 0.0127" quat="1 0 0 0" rgba="0 0 1 0" size="0.02" />
      <site name="2_part2_corner_site5" pos="-0.1905 -0.127 0.0127" quat="1 0 0 0" rgba="0 0 1 0" size="0.02" />
      <site name="2_part2_corner_site4" pos="-0.1905 0.1270000037 -0.0127" quat="1 0 0 0" rgba="0 0 1 0" size="0.02" />
      <site name="2_part2_corner_site3" pos="0.1905 0.1270000037 -0.0127" quat="1 0 0 0" rgba="0 0 1 0" size="0.02" />
      <site name="2_part2_corner_site2" pos="0.1905 -0.127 -0.0127" quat="1 0 0 0" rgba="0 0 1 0" size="0.02" />
      <site name="2_part2_corner_site1" pos="-0.1905 -0.127 -0.0127" quat="1 0 0 0" rgba="0 0 1 0" size="0.02" />
      <site name="2_part2-1_part1,0,180,conn_site" pos="-0.1866 0.0 -0.0127" quat="1 0 0 0" rgba="0.9532, 0.0535, 0.6533, 0.3" size="0.02" />
      <site name="2_part2-3_part3,0,180,conn_site" pos="0.186 0.0 -0.0127" quat="1 0 0 0" rgba="0.6851, 0.078, 0.9886, 0.3" size="0.02" />
      <site name="2_part2-0_part0,0,180,conn_site" pos="2.5e-10 0.1146625 -0.009525002000000001" quat="1 0 0 0" rgba="0.9929, 0.1082, 0.1082, 0.3" size="0.02" />
    </body>
    <body name="1_part1" pos="-0.18414999950000002 -0.1190624957 3.2e-09" quat="1 0 0 0">
      <geom conaffinity="0" contype="0" density="0" mesh="part1" name="1_part1_mesh" pos="0.0 0.0 0.0" rgba="0.82 0.71 0.55 1" type="mesh" />
      <site name="1_part1_horizontal_radius_site" pos="0.0 1.4e-09 0.0" quat="1 0 0 0" rgba="0 0 1 0" size="0.02" />
      <site name="1_part1_top_site" pos="0.0 1.4e-09 0.1016000061" quat="1 0 0 0" rgba="0 0 1 0" size="0.02" />
      <site name="1_part1_bottom_site" pos="0.0 1.4e-09 -0.1016000061" quat="1 0 0 0" rgba="0 0 1 0" size="0.02" />
      <site name="1_part1_corner_site8" pos="-0.00635 0.1270000029 0.1016000061" quat="1 0 0 0" rgba="0 0 1 0" size="0.02" />
      <site name="1_part1_corner_site7" pos="0.00635 0.1270000029 0.1016000061" quat="1 0 0 0" rgba="0 0 1 0" size="0.02" />
      <site name="1_part1_corner_site6" pos="0.00635 -0.127 0.1016000061" quat="1 0 0 0" rgba="0 0 1 0" size="0.02" />
      <site name="1_part1_corner_site5" pos="-0.00635 -0.127 0.1016000061" quat="1 0 0 0" rgba="0 0 1 0" size="0.02" />
      <site name="1_part1_corner_site4" pos="-0.00635 0.1270000029 -0.1016000061" quat="1 0 0 0" rgba="0 0 1 0" size="0.02" />
      <site name="1_part1_corner_site3" pos="0.00635 0.1270000029 -0.1016000061" quat="1 0 0 0" rgba="0 0 1 0" size="0.02" />
      <site name="1_part1_corner_site2" pos="0.00635 -0.127 -0.1016000061" quat="1 0 0 0" rgba="0 0 1 0" size="0.02" />
      <site name="1_part1_corner_site1" pos="-0.00635 -0.127 -0.1016000061" quat="1 0 0 0" rgba="0 0 1 0" size="0.02" />
      <site name="1_part1-2_part2,0,180,conn_site" pos="-0.002450012 0.0 0.1016" quat="1 0 0 0" rgba="0.9532, 0.0535, 0.6533, 0.3" size="0.02" />
      <site name="1_part1-4_part4,0,180,conn_site" pos="0.006549988 -0.002381248 0.009199997" quat="1 0 0 0" rgba="0.0234, 0.6616, 0.9807, 0.3" size="0.02" />
      <site name="1_part1-5_part5,0,180,conn_site" pos="-0.0004500122 -7.629395e-09 -0.1013" quat="1 0 0 0" rgba="0.0261, 0.9782, 0.0261, 0.3" size="0.02" />
    </body>
  </worldbody>
</mujoco>