<mujoco model="bookcase_billy_0191">
  <asset>
    <mesh file="bookcase_billy_0191/0.stl" name="part0" scale="0.0005 0.0005 0.0005" />
    <mesh file="bookcase_billy_0191/9.stl" name="part9" scale="0.0005 0.0005 0.0005" />
    <mesh file="bookcase_billy_0191/8.stl" name="part8" scale="0.0005 0.0005 0.0005" />
    <mesh file="bookcase_billy_0191/7.stl" name="part7" scale="0.0005 0.0005 0.0005" />
    <mesh file="bookcase_billy_0191/6.stl" name="part6" scale="0.0005 0.0005 0.0005" />
    <mesh file="bookcase_billy_0191/5.stl" name="part5" scale="0.0005 0.0005 0.0005" />
    <mesh file="bookcase_billy_0191/4.stl" name="part4" scale="0.0005 0.0005 0.0005" />
    <mesh file="bookcase_billy_0191/3.stl" name="part3" scale="0.0005 0.0005 0.0005" />
    <mesh file="bookcase_billy_0191/2.stl" name="part2" scale="0.0005 0.0005 0.0005" />
    <mesh file="bookcase_billy_0191/10.stl" name="part10" scale="0.0005 0.0005 0.0005" />
    <mesh file="bookcase_billy_0191/1.stl" name="part1" scale="0.0005 0.0005 0.0005" />
  </asset>
  <equality>
    <weld active="false" body1="0_part0" body2="4_part4" solimp="1 1 0.5" solref="0.01 0.3" />
    <weld active="false" body1="0_part0" body2="6_part6" solimp="1 1 0.5" solref="0.01 0.3" />
    <weld active="false" body1="0_part0" body2="3_part3" solimp="1 1 0.5" solref="0.01 0.3" />
    <weld active="false" body1="0_part0" body2="1_part1" solimp="1 1 0.5" solref="0.01 0.3" />
    <weld active="false" body1="10_part10" body2="3_part3" solimp="1 1 0.5" solref="0.01 0.3" />
    <weld active="false" body1="10_part10" body2="1_part1" solimp="1 1 0.5" solref="0.01 0.3" />
    <weld active="false" body1="9_part9" body2="3_part3" solimp="1 1 0.5" solref="0.01 0.3" />
    <weld active="false" body1="9_part9" body2="1_part1" solimp="1 1 0.5" solref="0.01 0.3" />
    <weld active="false" body1="8_part8" body2="3_part3" solimp="1 1 0.5" solref="0.01 0.3" />
    <weld active="false" body1="8_part8" body2="1_part1" solimp="1 1 0.5" solref="0.01 0.3" />
    <weld active="false" body1="7_part7" body2="3_part3" solimp="1 1 0.5" solref="0.01 0.3" />
    <weld active="false" body1="7_part7" body2="1_part1" solimp="1 1 0.5" solref="0.01 0.3" />
    <weld active="false" body1="6_part6" body2="3_part3" solimp="1 1 0.5" solref="0.01 0.3" />
    <weld active="false" body1="6_part6" body2="1_part1" solimp="1 1 0.5" solref="0.01 0.3" />
    <weld active="false" body1="5_part5" body2="3_part3" solimp="1 1 0.5" solref="0.01 0.3" />
    <weld active="false" body1="5_part5" body2="1_part1" solimp="1 1 0.5" solref="0.01 0.3" />
    <weld active="false" body1="4_part4" body2="3_part3" solimp="1 1 0.5" solref="0.01 0.3" />
    <weld active="false" body1="4_part4" body2="1_part1" solimp="1 1 0.5" solref="0.01 0.3" />
    <weld active="false" body1="4_part4" body2="2_part2" solimp="1 1 0.5" solref="0.01 0.3" />
    <weld active="false" body1="5_part5" body2="1_part1" solimp="1 1 0.5" solref="0.01 0.3" />
    <weld active="false" body1="5_part5" body2="3_part3" solimp="1 1 0.5" solref="0.01 0.3" />
    <weld active="false" body1="10_part10" body2="1_part1" solimp="1 1 0.5" solref="0.01 0.3" />
    <weld active="false" body1="10_part10" body2="3_part3" solimp="1 1 0.5" solref="0.01 0.3" />
    <weld active="false" body1="4_part4" body2="1_part1" solimp="1 1 0.5" solref="0.01 0.3" />
    <weld active="false" body1="4_part4" body2="3_part3" solimp="1 1 0.5" solref="0.01 0.3" />
    <weld active="false" body1="9_part9" body2="1_part1" solimp="1 1 0.5" solref="0.01 0.3" />
    <weld active="false" body1="9_part9" body2="3_part3" solimp="1 1 0.5" solref="0.01 0.3" />
    <weld active="false" body1="8_part8" body2="1_part1" solimp="1 1 0.5" solref="0.01 0.3" />
    <weld active="false" body1="8_part8" body2="3_part3" solimp="1 1 0.5" solref="0.01 0.3" />
    <weld active="false" body1="7_part7" body2="1_part1" solimp="1 1 0.5" solref="0.01 0.3" />
    <weld active="false" body1="7_part7" body2="3_part3" solimp="1 1 0.5" solref="0.01 0.3" />
    <weld active="false" body1="6_part6" body2="1_part1" solimp="1 1 0.5" solref="0.01 0.3" />
    <weld active="false" body1="6_part6" body2="3_part3" solimp="1 1 0.5" solref="0.01 0.3" />
    <weld active="false" body1="1_part1" body2="2_part2" solimp="1 1 0.5" solref="0.01 0.3" />
    <weld active="false" body1="3_part3" body2="2_part2" solimp="1 1 0.5" solref="0.01 0.3" />
    <weld active="false" body1="0_part0" body2="1_part1" solimp="1 1 0.5" solref="0.01 0.3" />
    <weld active="false" body1="0_part0" body2="3_part3" solimp="1 1 0.5" solref="0.01 0.3" />
  </equality>
  <worldbody>
    <body name="0_part0" pos="-0.0 0.0 -0.0" quat="1 0 0 0">
      <geom conaffinity="0" contype="0" density="0" mesh="part0" name="0_part0_mesh" pos="0.0 0.0 0.0" rgba="0.82 0.71 0.55 1" type="mesh" />
      <site name="0_part0_horizontal_radius_site" pos="-0.0 0.0 -0.0" quat="1 0 0 0" rgba="0 0 0 0" size="0.0005" />
      <site name="0_part0_top_site" pos="0.0 0.0 0.43497500000000006" quat="1 0 0 0" rgba="0 0 0 0" size="0.0005" />
      <site name="0_part0_bottom_site" pos="0.0 0.0 -0.43497500000000006" quat="1 0 0 0" rgba="0 0 0 0" size="0.0005" />
      <site name="0_part0_corner_site8" pos="-0.19208750000000002 0.0017216291 0.43497500000000006" quat="1 0 0 0" rgba="0 0 0 0" size="0.01" />
      <site name="0_part0_corner_site7" pos="0.19208750000000002 0.0017216291 0.43497500000000006" quat="1 0 0 0" rgba="0 0 0 0" size="0.01" />
      <site name="0_part0_corner_site6" pos="0.19208750000000002 -0.0017216291 0.43497500000000006" quat="1 0 0 0" rgba="0 0 0 0" size="0.01" />
      <site name="0_part0_corner_site5" pos="-0.19208750000000002 -0.0017216291 0.43497500000000006" quat="1 0 0 0" rgba="0 0 0 0" size="0.01" />
      <site name="0_part0_corner_site4" pos="-0.19208750000000002 0.0017216291 -0.43497500000000006" quat="1 0 0 0" rgba="0 0 0 0" size="0.01" />
      <site name="0_part0_corner_site3" pos="0.19208750000000002 0.0017216291 -0.43497500000000006" quat="1 0 0 0" rgba="0 0 0 0" size="0.01" />
      <site name="0_part0_corner_site2" pos="0.19208750000000002 -0.0017216291 -0.43497500000000006" quat="1 0 0 0" rgba="0 0 0 0" size="0.01" />
      <site name="0_part0_corner_site1" pos="-0.19208750000000002 -0.0017216291 -0.43497500000000006" quat="1 0 0 0" rgba="0 0 0 0" size="0.01" />
      <site name="back-wall,0,180,conn_site1" pos="-0.1935 -0.002 -0.02222499" quat="0.707 0.707 0 0" rgba="0.9019 0.0980 0.2941 0.3" size="0.01" />
      <site name="back-wall,0,180,conn_site3" pos="0.1955 0.0015 -0.02222499" quat="0.707 0.707 0 0" rgba="0.9019 0.0980 0.2941 0.3" size="0.01" />
      <geom density="50" name="noviz_collision_0_part0_0" pos="0.0 0.0 0.0" quat="1 0 0 0" rgba="0 0 0 0" size="0.19209 0.00172 0.434975" solref="0.001 1" type="box" />
    </body>
    <body name="10_part10" pos="1.5e-09 -0.09372957270000001 -0.2831041687" quat="1 0 0 0">
      <geom conaffinity="0" contype="0" density="0" mesh="part9" name="10_part10_mesh" pos="0.0 0.0 0.0" rgba="0.82 0.71 0.55 1" type="mesh" />
      <site name="10_part10_horizontal_radius_site" pos="-1.5e-09 1.4e-09 0.0" quat="1 0 0 0" rgba="0 0 0 0" size="0.0005" />
      <site name="10_part10_top_site" pos="-1.5e-09 1.4500000000000002e-09 0.00317500305" quat="1 0 0 0" rgba="0 0 0 0" size="0.0005" />
      <site name="10_part10_bottom_site" pos="-1.5e-09 1.4500000000000002e-09 -0.00317500305" quat="1 0 0 0" rgba="0 0 0 0" size="0.0005" />
      <site name="10_part10_corner_site8" pos="-0.190500003 0.09200794505000001 0.00317500305" quat="1 0 0 0" rgba="0 0 0 0" size="0.01" />
      <site name="10_part10_corner_site7" pos="0.1905 0.09200794505000001 0.00317500305" quat="1 0 0 0" rgba="0 0 0 0" size="0.01" />
      <site name="10_part10_corner_site6" pos="0.1905 -0.0920079422 0.00317500305" quat="1 0 0 0" rgba="0 0 0 0" size="0.01" />
      <site name="10_part10_corner_site5" pos="-0.190500003 -0.0920079422 0.00317500305" quat="1 0 0 0" rgba="0 0 0 0" size="0.01" />
      <site name="10_part10_corner_site4" pos="-0.190500003 0.09200794505000001 -0.00317500305" quat="1 0 0 0" rgba="0 0 0 0" size="0.01" />
      <site name="10_part10_corner_site3" pos="0.1905 0.09200794505000001 -0.00317500305" quat="1 0 0 0" rgba="0 0 0 0" size="0.01" />
      <site name="10_part10_corner_site2" pos="0.1905 -0.0920079422 -0.00317500305" quat="1 0 0 0" rgba="0 0 0 0" size="0.01" />
      <site name="10_part10_corner_site1" pos="-0.190500003 -0.0920079422 -0.00317500305" quat="1 0 0 0" rgba="0 0 0 0" size="0.01" />
      <site name="flat-wall,0,180,conn_site10l" pos="-0.1908 0.001621 0.0" quat="0.707 0 -0.707 0" rgba="0.2352 0.7058 0.2941 0.3" size="0.01" />
      <site name="flat-wall,0,180,conn_site10r" pos="0.18695 0.001621 0.0" quat="0.707 0 0.707 0" rgba="0.2352 0.7058 0.2941 0.3" size="0.01" />
      <geom density="50" name="noviz_collision_10_part10_0" pos="0.0 0.0 0.0" quat="1 0 0 0" rgba="0 0 0 0" size="0.1905 0.09201 0.003175" solref="0.001 1" type="box" />
    </body>
    <body name="9_part9" pos="1.5e-09 -0.09372957270000001 -0.13917083435000002" quat="1 0 0 0">
      <geom conaffinity="0" contype="0" density="0" mesh="part9" name="9_part9_mesh" pos="0.0 0.0 0.0" rgba="0.82 0.71 0.55 1" type="mesh" />
      <site name="9_part9_horizontal_radius_site" pos="-1.5e-09 1.4e-09 0.0" quat="1 0 0 0" rgba="0 0 0 0" size="0.0005" />
      <site name="9_part9_top_site" pos="-1.5e-09 1.4500000000000002e-09 0.00317500305" quat="1 0 0 0" rgba="0 0 0 0" size="0.0005" />
      <site name="9_part9_bottom_site" pos="-1.5e-09 1.4500000000000002e-09 -0.00317500305" quat="1 0 0 0" rgba="0 0 0 0" size="0.0005" />
      <site name="9_part9_corner_site8" pos="-0.190500003 0.09200794505000001 0.00317500305" quat="1 0 0 0" rgba="0 0 0 0" size="0.01" />
      <site name="9_part9_corner_site7" pos="0.1905 0.09200794505000001 0.00317500305" quat="1 0 0 0" rgba="0 0 0 0" size="0.01" />
      <site name="9_part9_corner_site6" pos="0.1905 -0.0920079422 0.00317500305" quat="1 0 0 0" rgba="0 0 0 0" size="0.01" />
      <site name="9_part9_corner_site5" pos="-0.190500003 -0.0920079422 0.00317500305" quat="1 0 0 0" rgba="0 0 0 0" size="0.01" />
      <site name="9_part9_corner_site4" pos="-0.190500003 0.09200794505000001 -0.00317500305" quat="1 0 0 0" rgba="0 0 0 0" size="0.01" />
      <site name="9_part9_corner_site3" pos="0.1905 0.09200794505000001 -0.00317500305" quat="1 0 0 0" rgba="0 0 0 0" size="0.01" />
      <site name="9_part9_corner_site2" pos="0.1905 -0.0920079422 -0.00317500305" quat="1 0 0 0" rgba="0 0 0 0" size="0.01" />
      <site name="9_part9_corner_site1" pos="-0.190500003 -0.0920079422 -0.00317500305" quat="1 0 0 0" rgba="0 0 0 0" size="0.01" />
      <site name="flat-wall,0,180,conn_site9l" pos="-0.1908 0.001621 0.0" quat="0.707 0 -0.707 0" rgba="0.2352 0.7058 0.2941 0.3" size="0.01" />
      <site name="flat-wall,0,180,conn_site9r" pos="0.18695 0.001621 0.0" quat="0.707 0 0.707 0" rgba="0.2352 0.7058 0.2941 0.3" size="0.01" />
      <geom density="50" name="noviz_collision_9_part9_0" pos="0.0 0.0 0.0" quat="1 0 0 0" rgba="0 0 0 0" size="0.1905 0.09201 0.003175" solref="0.001 1" type="box" />
    </body>
    <body name="8_part8" pos="1.5e-09 -0.09372957270000001 0.29262917685" quat="1 0 0 0">
      <geom conaffinity="0" contype="0" density="0" mesh="part8" name="8_part8_mesh" pos="0.0 0.0 0.0" rgba="0.82 0.71 0.55 1" type="mesh" />
      <site name="8_part8_horizontal_radius_site" pos="-1.5e-09 1.4e-09 0.0" quat="1 0 0 0" rgba="0 0 0 0" size="0.0005" />
      <site name="8_part8_top_site" pos="-1.5e-09 1.4500000000000002e-09 0.0031750102" quat="1 0 0 0" rgba="0 0 0 0" size="0.0005" />
      <site name="8_part8_bottom_site" pos="-1.5e-09 1.4500000000000002e-09 -0.00317501015" quat="1 0 0 0" rgba="0 0 0 0" size="0.0005" />
      <site name="8_part8_corner_site8" pos="-0.190500003 0.09200794505000001 0.0031750102" quat="1 0 0 0" rgba="0 0 0 0" size="0.01" />
      <site name="8_part8_corner_site7" pos="0.1905 0.09200794505000001 0.0031750102" quat="1 0 0 0" rgba="0 0 0 0" size="0.01" />
      <site name="8_part8_corner_site6" pos="0.1905 -0.0920079422 0.0031750102" quat="1 0 0 0" rgba="0 0 0 0" size="0.01" />
      <site name="8_part8_corner_site5" pos="-0.190500003 -0.0920079422 0.0031750102" quat="1 0 0 0" rgba="0 0 0 0" size="0.01" />
      <site name="8_part8_corner_site4" pos="-0.190500003 0.09200794505000001 -0.00317501015" quat="1 0 0 0" rgba="0 0 0 0" size="0.01" />
      <site name="8_part8_corner_site3" pos="0.1905 0.09200794505000001 -0.00317501015" quat="1 0 0 0" rgba="0 0 0 0" size="0.01" />
      <site name="8_part8_corner_site2" pos="0.1905 -0.0920079422 -0.00317501015" quat="1 0 0 0" rgba="0 0 0 0" size="0.01" />
      <site name="8_part8_corner_site1" pos="-0.190500003 -0.0920079422 -0.00317501015" quat="1 0 0 0" rgba="0 0 0 0" size="0.01" />
      <site name="flat-wall,0,180,conn_site8l" pos="-0.1908 0.001621 0.0" quat="0.707 0 -0.707 0" rgba="0.2352 0.7058 0.2941 0.3" size="0.01" />
      <site name="flat-wall,0,180,conn_site8r" pos="0.18695 0.001621 0.0" quat="0.707 0 0.707 0" rgba="0.2352 0.7058 0.2941 0.3" size="0.01" />
      <geom density="50" name="noviz_collision_8_part8_0" pos="0.0 0.0 0.0" quat="1 0 0 0" rgba="0 0 0 0" size="0.1905 0.09201 0.003175" solref="0.001 1" type="box" />
    </body>
    <body name="7_part7" pos="1.5e-09 -0.09372957270000001 0.1486958191" quat="1 0 0 0">
      <geom conaffinity="0" contype="0" density="0" mesh="part7" name="7_part7_mesh" pos="0.0 0.0 0.0" rgba="0.82 0.71 0.55 1" type="mesh" />
      <site name="7_part7_horizontal_radius_site" pos="-1.5e-09 1.4e-09 0.0" quat="1 0 0 0" rgba="0 0 0 0" size="0.0005" />
      <site name="7_part7_top_site" pos="-1.5e-09 1.4500000000000002e-09 0.0031750183" quat="1 0 0 0" rgba="0 0 0 0" size="0.0005" />
      <site name="7_part7_bottom_site" pos="-1.5e-09 1.4500000000000002e-09 -0.0031750183" quat="1 0 0 0" rgba="0 0 0 0" size="0.0005" />
      <site name="7_part7_corner_site8" pos="-0.190500003 0.09200794505000001 0.0031750183" quat="1 0 0 0" rgba="0 0 0 0" size="0.01" />
      <site name="7_part7_corner_site7" pos="0.1905 0.09200794505000001 0.0031750183" quat="1 0 0 0" rgba="0 0 0 0" size="0.01" />
      <site name="7_part7_corner_site6" pos="0.1905 -0.0920079422 0.0031750183" quat="1 0 0 0" rgba="0 0 0 0" size="0.01" />
      <site name="7_part7_corner_site5" pos="-0.190500003 -0.0920079422 0.0031750183" quat="1 0 0 0" rgba="0 0 0 0" size="0.01" />
      <site name="7_part7_corner_site4" pos="-0.190500003 0.09200794505000001 -0.0031750183" quat="1 0 0 0" rgba="0 0 0 0" size="0.01" />
      <site name="7_part7_corner_site3" pos="0.1905 0.09200794505000001 -0.0031750183" quat="1 0 0 0" rgba="0 0 0 0" size="0.01" />
      <site name="7_part7_corner_site2" pos="0.1905 -0.0920079422 -0.0031750183" quat="1 0 0 0" rgba="0 0 0 0" size="0.01" />
      <site name="7_part7_corner_site1" pos="-0.190500003 -0.0920079422 -0.0031750183" quat="1 0 0 0" rgba="0 0 0 0" size="0.01" />
      <site name="flat-wall,0,180,conn_site7l" pos="-0.1908 0.001621 0.0" quat="0.707 0 -0.707 0" rgba="0.2352 0.7058 0.2941 0.3" size="0.01" />
      <site name="flat-wall,0,180,conn_site7r" pos="0.18695 0.001621 0.0" quat="0.707 0 0.707 0" rgba="0.2352 0.7058 0.2941 0.3" size="0.01" />
      <geom density="50" name="noviz_collision_7_part7_0" pos="0.0 0.0 0.0" quat="1 0 0 0" rgba="0 0 0 0" size="0.1905 0.09201 0.003175" solref="0.001 1" type="box" />
    </body>
    <body name="6_part6" pos="1.5e-09 -0.09372957270000001 0.4318000061" quat="1 0 0 0">
      <geom conaffinity="0" contype="0" density="0" mesh="part6" name="6_part6_mesh" pos="0.0 0.0 0.0" rgba="0.82 0.71 0.55 1" type="mesh" />
      <site name="6_part6_horizontal_radius_site" pos="-1.5e-09 1.4e-09 0.0" quat="1 0 0 0" rgba="0 0 0 0" size="0.0005" />
      <site name="6_part6_top_site" pos="-1.5e-09 1.4500000000000002e-09 0.0031750183" quat="1 0 0 0" rgba="0 0 0 0" size="0.0005" />
      <site name="6_part6_bottom_site" pos="-1.5e-09 1.4500000000000002e-09 -0.0031750183" quat="1 0 0 0" rgba="0 0 0 0" size="0.0005" />
      <site name="6_part6_corner_site8" pos="-0.190500003 0.09200794505000001 0.0031750183" quat="1 0 0 0" rgba="0 0 0 0" size="0.01" />
      <site name="6_part6_corner_site7" pos="0.1905 0.09200794505000001 0.0031750183" quat="1 0 0 0" rgba="0 0 0 0" size="0.01" />
      <site name="6_part6_corner_site6" pos="0.1905 -0.0920079422 0.0031750183" quat="1 0 0 0" rgba="0 0 0 0" size="0.01" />
      <site name="6_part6_corner_site5" pos="-0.190500003 -0.0920079422 0.0031750183" quat="1 0 0 0" rgba="0 0 0 0" size="0.01" />
      <site name="6_part6_corner_site4" pos="-0.190500003 0.09200794505000001 -0.0031750183" quat="1 0 0 0" rgba="0 0 0 0" size="0.01" />
      <site name="6_part6_corner_site3" pos="0.1905 0.09200794505000001 -0.0031750183" quat="1 0 0 0" rgba="0 0 0 0" size="0.01" />
      <site name="6_part6_corner_site2" pos="0.1905 -0.0920079422 -0.0031750183" quat="1 0 0 0" rgba="0 0 0 0" size="0.01" />
      <site name="6_part6_corner_site1" pos="-0.190500003 -0.0920079422 -0.0031750183" quat="1 0 0 0" rgba="0 0 0 0" size="0.01" />
      <site name="flat-wall,0,180,conn_site6l" pos="-0.1908 0.001621 0.0" quat="0.707 0 -0.707 0" rgba="0.2352 0.7058 0.2941 0.3" size="0.01" />
      <site name="flat-wall,0,180,conn_site6r" pos="0.18695 0.001621 0.0" quat="0.707 0 0.707 0" rgba="0.2352 0.7058 0.2941 0.3" size="0.01" />
      <geom density="50" name="noviz_collision_6_part6_0" pos="0.0 0.0 0.0" quat="1 0 0 0" rgba="0 0 0 0" size="0.1905 0.09201 0.003175" solref="0.001 1" type="box" />
    </body>
    <body name="5_part5" pos="1.5e-09 -0.09372957270000001 3.05e-09" quat="1 0 0 0">
      <geom conaffinity="0" contype="0" density="0" mesh="part4" name="5_part5_mesh" pos="0.0 0.0 0.0" rgba="0.82 0.71 0.55 1" type="mesh" />
      <site name="5_part5_horizontal_radius_site" pos="-1.5e-09 1.4e-09 -0.0" quat="1 0 0 0" rgba="0 0 0 0" size="0.0005" />
      <site name="5_part5_top_site" pos="-1.5e-09 1.4500000000000002e-09 0.00317500305" quat="1 0 0 0" rgba="0 0 0 0" size="0.0005" />
      <site name="5_part5_bottom_site" pos="-1.5e-09 1.4500000000000002e-09 -0.00317500305" quat="1 0 0 0" rgba="0 0 0 0" size="0.0005" />
      <site name="5_part5_corner_site8" pos="-0.190500003 0.09200794505000001 0.00317500305" quat="1 0 0 0" rgba="0 0 0 0" size="0.01" />
      <site name="5_part5_corner_site7" pos="0.1905 0.09200794505000001 0.00317500305" quat="1 0 0 0" rgba="0 0 0 0" size="0.01" />
      <site name="5_part5_corner_site6" pos="0.1905 -0.0920079422 0.00317500305" quat="1 0 0 0" rgba="0 0 0 0" size="0.01" />
      <site name="5_part5_corner_site5" pos="-0.190500003 -0.0920079422 0.00317500305" quat="1 0 0 0" rgba="0 0 0 0" size="0.01" />
      <site name="5_part5_corner_site4" pos="-0.190500003 0.09200794505000001 -0.00317500305" quat="1 0 0 0" rgba="0 0 0 0" size="0.01" />
      <site name="5_part5_corner_site3" pos="0.1905 0.09200794505000001 -0.00317500305" quat="1 0 0 0" rgba="0 0 0 0" size="0.01" />
      <site name="5_part5_corner_site2" pos="0.1905 -0.0920079422 -0.00317500305" quat="1 0 0 0" rgba="0 0 0 0" size="0.01" />
      <site name="5_part5_corner_site1" pos="-0.190500003 -0.0920079422 -0.00317500305" quat="1 0 0 0" rgba="0 0 0 0" size="0.01" />
      <site name="flat-wall,0,180,conn_site5l" pos="-0.1908 0.001621 0.0" quat="0.707 0 -0.707 0" rgba="0.2352 0.7058 0.2941 0.3" size="0.01" />
      <site name="flat-wall,0,180,conn_site5r" pos="0.18695 0.001621 0.0" quat="0.707 0 0.707 0" rgba="0.2352 0.7058 0.2941 0.3" size="0.01" />
      <geom density="50" name="noviz_collision_5_part5_0" pos="0.00079 0.0 -2.5e-05" quat="1 0 0 0" rgba="0 0 0 0" size="0.19129 0.092005 0.00315" solref="0.001 1" type="box" />
    </body>
    <body name="4_part4" pos="1.5e-09 -0.09372957270000001 -0.4318" quat="1 0 0 0">
      <geom conaffinity="0" contype="0" density="0" mesh="part3" name="4_part4_mesh" pos="0.0 0.0 0.0" rgba="0.82 0.71 0.55 1" type="mesh" />
      <site name="4_part4_horizontal_radius_site" pos="-1.5e-09 1.4e-09 -0.0" quat="1 0 0 0" rgba="0 0 0 0" size="0.0005" />
      <site name="4_part4_top_site" pos="-1.5e-09 1.4500000000000002e-09 0.003175" quat="1 0 0 0" rgba="0 0 0 0" size="0.0005" />
      <site name="4_part4_bottom_site" pos="-1.5e-09 1.4500000000000002e-09 -0.003175" quat="1 0 0 0" rgba="0 0 0 0" size="0.0005" />
      <site name="4_part4_corner_site8" pos="-0.190500003 0.09200794505000001 0.003175" quat="1 0 0 0" rgba="0 0 0 0" size="0.01" />
      <site name="4_part4_corner_site7" pos="0.1905 0.09200794505000001 0.003175" quat="1 0 0 0" rgba="0 0 0 0" size="0.01" />
      <site name="4_part4_corner_site6" pos="0.1905 -0.0920079422 0.003175" quat="1 0 0 0" rgba="0 0 0 0" size="0.01" />
      <site name="4_part4_corner_site5" pos="-0.190500003 -0.0920079422 0.003175" quat="1 0 0 0" rgba="0 0 0 0" size="0.01" />
      <site name="4_part4_corner_site4" pos="-0.190500003 0.09200794505000001 -0.003175" quat="1 0 0 0" rgba="0 0 0 0" size="0.01" />
      <site name="4_part4_corner_site3" pos="0.1905 0.09200794505000001 -0.003175" quat="1 0 0 0" rgba="0 0 0 0" size="0.01" />
      <site name="4_part4_corner_site2" pos="0.1905 -0.0920079422 -0.003175" quat="1 0 0 0" rgba="0 0 0 0" size="0.01" />
      <site name="4_part4_corner_site1" pos="-0.190500003 -0.0920079422 -0.003175" quat="1 0 0 0" rgba="0 0 0 0" size="0.01" />
      <site name="flat-wall,0,180,conn_site4l" pos="-0.1908 0.001621 0.0" quat="0.707 0 -0.707 0" rgba="0.2352 0.7058 0.2941 0.3" size="0.01" />
      <site name="flat-wall,0,180,conn_site4r" pos="0.18695 0.001621 0.0" quat="0.707 0 0.707 0" rgba="0.2352 0.7058 0.2941 0.3" size="0.01" />
      <geom density="50" name="noviz_collision_4_part4_0" pos="0.00079 0.0 -2.5e-05" quat="1 0 0 0" rgba="0 0 0 0" size="0.19129 0.092005 0.00315" solref="0.001 1" type="box" />
    </body>
    <body name="3_part3" pos="-0.193675 -0.0904875086 -0.022224987800000002" quat="1 0 0 0">
      <geom conaffinity="0" contype="0" density="0" mesh="part2" name="3_part3_mesh" pos="0.0 0.0 0.0" rgba="0.82 0.71 0.55 1" type="mesh" />
      <site name="3_part3_horizontal_radius_site" pos="-0.0 1e-09 -0.0" quat="1 0 0 0" rgba="0 0 0 0" size="0.0005" />
      <site name="3_part3_top_site" pos="0.0 0.095 0.457" quat="1 0 0 0" rgba="0 0 0 0" size="0.0005" />
      <site name="3_part3_bottom_site" pos="0.0 0.095 -0.457" quat="1 0 0 0" rgba="0 0 0 0" size="0.0005" />
      <site name="3_part3_corner_site8" pos="-0.003175 0.095 0.457" quat="1 0 0 0" rgba="0 0 0 0" size="0.01" />
      <site name="3_part3_corner_site7" pos="0.003175 0.095 0.457" quat="1 0 0 0" rgba="0 0 0 0" size="0.01" />
      <site name="3_part3_corner_site6" pos="0.003175 -0.095 0.457" quat="1 0 0 0" rgba="0 0 0 0" size="0.01" />
      <site name="3_part3_corner_site5" pos="-0.003175 -0.095 0.457" quat="1 0 0 0" rgba="0 0 0 0" size="0.01" />
      <site name="3_part3_corner_site4" pos="-0.003175 0.095 -0.457" quat="1 0 0 0" rgba="0 0 0 0" size="0.01" />
      <site name="3_part3_corner_site3" pos="0.003175 0.095 -0.457" quat="1 0 0 0" rgba="0 0 0 0" size="0.01" />
      <site name="3_part3_corner_site2" pos="0.003175 -0.095 -0.457" quat="1 0 0 0" rgba="0 0 0 0" size="0.01" />
      <site name="3_part3_corner_site1" pos="-0.003175 -0.095 -0.457" quat="1 0 0 0" rgba="0 0 0 0" size="0.01" />
      <site name="wall-back,0,180,conn_site3" pos="0.0 0.0884875 0.0" quat="0.707 0.707 0 0" rgba="0.9019 0.0980 0.2941 0.3" size="0.01" />
      <site name="wall-flat,0,180,conn_site4l" pos="0.002875 -0.001621025 -0.41092500000000004" quat="0.707 0 -0.707 0" rgba="0.2352 0.7058 0.2941 0.3" size="0.01" />
      <site name="wall-flat,0,180,conn_site5l" pos="0.0025 -0.001621025 0.019725" quat="0.707 0 -0.707 0" rgba="0.2352 0.7058 0.2941 0.3" size="0.01" />
      <site name="wall-flat,0,180,conn_site6l" pos="0.0025 -0.001621025 0.454025" quat="0.707 0 -0.707 0" rgba="0.2352 0.7058 0.2941 0.3" size="0.01" />
      <site name="wall-flat,0,180,conn_site7l" pos="0.0025 -0.001621025 0.171625" quat="0.707 -0 0.707 0" rgba="0.2352 0.7058 0.2941 0.3" size="0.01" />
      <site name="wall-flat,0,180,conn_site8l" pos="0.0025 -0.001621025 0.314175" quat="0.707 0 -0.707 0" rgba="0.2352 0.7058 0.2941 0.3" size="0.01" />
      <site name="wall-flat,0,180,conn_site9l" pos="0.0025 -0.001621025 -0.117325" quat="0.707 0 -0.707 0" rgba="0.2352 0.7058 0.2941 0.3" size="0.01" />
      <site name="wall-flat,0,180,conn_site10l" pos="0.0025 -0.001621025 -0.263075" quat="0.707 0 -0.707 0" rgba="0.2352 0.7058 0.2941 0.3" size="0.01" />
      <site name="wall-front,0,180,conn_sitel" pos="0.0025 -0.07 -0.434975" quat="0.707 0 -0.707 0" rgba="1.0 0.8823 0.0980 0.3" size="0.01" />
      <geom density="50" name="noviz_collision_3_part3_0" pos="0.000215 0.0036 0.00272" quat="1 0 0 0" rgba="0 0 0 0" size="0.00339 0.0986 0.45972" solref="0.001 1" type="box" />
    </body>
    <body name="2_part2" pos="1.5e-09 -0.16069047585000001 -0.4571999996" quat="1 0 0 0">
      <geom conaffinity="0" contype="0" density="0" mesh="part10" name="2_part2_mesh" pos="0.0 0.0 0.0" rgba="0.82 0.71 0.55 1" type="mesh" />
      <site name="2_part2_horizontal_radius_site" pos="-1.5e-09 -0.0 -0.0" quat="1 0 0 0" rgba="0 0 0 0" size="0.0005" />
      <site name="2_part2_top_site" pos="-1.5e-09 -5e-11 0.0222250004" quat="1 0 0 0" rgba="0 0 0 0" size="0.0005" />
      <site name="2_part2_bottom_site" pos="-1.5e-09 -5e-11 -0.0222250004" quat="1 0 0 0" rgba="0 0 0 0" size="0.0005" />
      <site name="2_part2_corner_site8" pos="-0.19 0.00317500255 0.0222250004" quat="1 0 0 0" rgba="0 0 0 0" size="0.01" />
      <site name="2_part2_corner_site7" pos="0.19 0.00317500255 0.0222250004" quat="1 0 0 0" rgba="0 0 0 0" size="0.01" />
      <site name="2_part2_corner_site6" pos="0.19 -0.0031750026 0.0222250004" quat="1 0 0 0" rgba="0 0 0 0" size="0.01" />
      <site name="2_part2_corner_site5" pos="-0.19 -0.0031750026 0.0222250004" quat="1 0 0 0" rgba="0 0 0 0" size="0.01" />
      <site name="2_part2_corner_site4" pos="-0.19 0.00317500255 -0.0222250004" quat="1 0 0 0" rgba="0 0 0 0" size="0.01" />
      <site name="2_part2_corner_site3" pos="0.19 0.00317500255 -0.0222250004" quat="1 0 0 0" rgba="0 0 0 0" size="0.01" />
      <site name="2_part2_corner_site2" pos="0.19 -0.0031750026 -0.0222250004" quat="1 0 0 0" rgba="0 0 0 0" size="0.01" />
      <site name="2_part2_corner_site1" pos="-0.19 -0.0031750026 -0.0222250004" quat="1 0 0 0" rgba="0 0 0 0" size="0.01" />
      <site name="front-wall,0,180,conn_siter" pos="0.19 0.0 0.0" quat="0.707 0 0.707 0" rgba="1.0 0.8823 0.0980 0.3" size="0.01" />
      <site name="front-wall,0,180,conn_sitel" pos="-0.19 0.0 0.0" quat="0.707 0 -0.707 0" rgba="1.0 0.8823 0.0980 0.3" size="0.01" />
      <geom density="50" name="noviz_collision_2_part2_0" pos="0.0 0.0 -3.5e-05" quat="1 0 0 0" rgba="0 0 0 0" size="0.19 0.003175 0.02219" solref="0.001 1" type="box" />
    </body>
    <body name="1_part1" pos="0.19367500615 -0.0904875086 -0.022224987800000002" quat="1 0 0 0">
      <geom conaffinity="0" contype="0" density="0" mesh="part1" name="1_part1_mesh" pos="0.0 0.0 0.0" rgba="0.82 0.71 0.55 1" type="mesh" />
      <site name="1_part1_horizontal_radius_site" pos="0.0 1e-09 -0.0" quat="1 0 0 0" rgba="0 0 0 0" size="0.0005" />
      <site name="1_part1_top_site" pos="0.0 9.5e-10 0.457" quat="1 0 0 0" rgba="0 0 0 0" size="0.0005" />
      <site name="1_part1_bottom_site" pos="0.0 0.095 -0.457" quat="1 0 0 0" rgba="0 0 0 0" size="0.0005" />
      <site name="1_part1_corner_site8" pos="-0.003175 0.095 0.457" quat="1 0 0 0" rgba="0 0 0 0" size="0.01" />
      <site name="1_part1_corner_site7" pos="0.003175 0.095 0.457" quat="1 0 0 0" rgba="0 0 0 0" size="0.01" />
      <site name="1_part1_corner_site6" pos="0.003175 -0.095 0.457" quat="1 0 0 0" rgba="0 0 0 0" size="0.01" />
      <site name="1_part1_corner_site5" pos="-0.003175 -0.095 0.457" quat="1 0 0 0" rgba="0 0 0 0" size="0.01" />
      <site name="1_part1_corner_site4" pos="-0.003175 0.095 -0.457" quat="1 0 0 0" rgba="0 0 0 0" size="0.01" />
      <site name="1_part1_corner_site3" pos="0.003175 0.095 -0.457" quat="1 0 0 0" rgba="0 0 0 0" size="0.01" />
      <site name="1_part1_corner_site2" pos="0.003175 -0.095 -0.457" quat="1 0 0 0" rgba="0 0 0 0" size="0.01" />
      <site name="1_part1_corner_site1" pos="-0.003175 -0.095 -0.457" quat="1 0 0 0" rgba="0 0 0 0" size="0.01" />
      <site name="wall-back,0,180,conn_site1" pos="0.0 0.0884875 0.0" quat="0.707 0.707 0 0" rgba="0.9019 0.0980 0.2941 0.3" size="0.01" />
      <site name="wall-flat,0,180,conn_site4r" pos="-0.006725005000000001 -0.001621025 -0.41457499999999997" quat="0.707 0 0.707 0" rgba="0.2352 0.7058 0.2941 0.3" size="0.01" />
      <site name="wall-flat,0,180,conn_site5r" pos="-0.0025 -0.001621025 0.019724985" quat="0.707 0 0.707 0" rgba="0.2352 0.7058 0.2941 0.3" size="0.01" />
      <site name="wall-flat,0,180,conn_site6r" pos="-0.0025 -0.001621025 0.454025" quat="0.707 0 0.707 0" rgba="0.2352 0.7058 0.2941 0.3" size="0.01" />
      <site name="wall-flat,0,180,conn_site7r" pos="-0.0025 -0.001621025 0.171625" quat="0.707 0 0.707 0" rgba="0.2352 0.7058 0.2941 0.3" size="0.01" />
      <site name="wall-flat,0,180,conn_site8r" pos="-0.0025 -0.001621025 0.31417500000000004" quat="0.707 0 0.707 0" rgba="0.2352 0.7058 0.2941 0.3" size="0.01" />
      <site name="wall-flat,0,180,conn_site9r" pos="-0.0025 -0.001621025 -0.117325" quat="0.707 0 0.707 0" rgba="0.2352 0.7058 0.2941 0.3" size="0.01" />
      <site name="wall-flat,0,180,conn_site10r" pos="-0.0025 -0.001621025 -0.263075" quat="0.707 0 0.707 0" rgba="0.2352 0.7058 0.2941 0.3" size="0.01" />
      <site name="wall-front,0,180,conn_siter" pos="-0.0025 -0.07 -0.434975" quat="0.707 0 0.707 0" rgba="1.0 0.8823 0.0980 0.3" size="0.01" />
      <geom density="50" name="noviz_collision_1_part1_0" pos="-0.000215 0.0036 0.00272" quat="1 0 0 0" rgba="0 0 0 0" size="0.00296 0.0986 0.45972" solref="0.001 1" type="box" />
    </body>
  </worldbody>
<actuator /><sensor /><contact /><default /></mujoco>