<mujoco model="bookcase_agerum_0006">
  <custom>
    <numeric data="0.424249 0.27183 0.01267 0.707107 0.0 -0.707107 -0.0" name="0_part0_initpos" />
    <numeric data="0.065642 -0.058725 0.00626 0.0 1.0 0.0 0.0" name="9_part9_initpos" />
    <numeric data="-0.443256 0.052999 0.0063 0.707107 0.0 0.707107 0.0" name="8_part8_initpos" />
    <numeric data="0.521462 -0.055008 0.00632 -0.707107 -0.0 0.707107 -0.0" name="7_part7_initpos" />
    <numeric data="-0.430766 0.333003 0.00632 1.0 0.0 0.0 0.0" name="6_part6_initpos" />
    <numeric data="-0.454857 -0.310557 0.00156 0.0 0.0 -0.707107 -0.707107" name="5_part5_initpos" />
    <numeric data="0.058187 0.242598 0.0063 0.0 1.0 0.0 0.0" name="4_part4_initpos" />
    <numeric data="0.427126 0.340304 0.01267 -0.707107 0.0 0.707107 0.0" name="3_part3_initpos" />
    <numeric data="0.424231 0.179422 0.01267 0.707107 -0.0 -0.707107 0.0" name="2_part2_initpos" />
    <numeric data="0.424084 0.41124 0.01267 0.492237 -0.492237 -0.507644 0.507645" name="1_part1_initpos" />
  </custom>
  <asset>
    <mesh file="bookcase_agerum_0006/0.stl" name="part0" scale="0.0005 0.0005 0.0005" />
    <mesh file="bookcase_agerum_0006/9.stl" name="part9" scale="0.0005 0.0005 0.0005" />
    <mesh file="bookcase_agerum_0006/8.stl" name="part8" scale="0.0005 0.0005 0.0005" />
    <mesh file="bookcase_agerum_0006/7.stl" name="part7" scale="0.0005 0.0005 0.0005" />
    <mesh file="bookcase_agerum_0006/6.stl" name="part6" scale="0.0005 0.0005 0.0005" />
    <mesh file="bookcase_agerum_0006/5.stl" name="part5" scale="0.0005 0.0005 0.0005" />
    <mesh file="bookcase_agerum_0006/4.stl" name="part4" scale="0.0005 0.0005 0.0005" />
    <mesh file="bookcase_agerum_0006/3.stl" name="part3" scale="0.0005 0.0005 0.0005" />
    <mesh file="bookcase_agerum_0006/2.stl" name="part2" scale="0.0005 0.0005 0.0005" />
    <mesh file="bookcase_agerum_0006/1.stl" name="part1" scale="0.0005 0.0005 0.0005" />
  </asset>
  <equality>
    <weld active="false" body1="0_part0" body2="4_part4" solimp="1 1 0.5" solref="0.01 0.3" />
    <weld active="false" body1="9_part9" body2="8_part8" solimp="1 1 0.5" solref="0.01 0.3" />
    <weld active="false" body1="9_part9" body2="7_part7" solimp="1 1 0.5" solref="0.01 0.3" />
    <weld active="false" body1="9_part9" body2="5_part5" solimp="1 1 0.5" solref="0.01 0.3" />
    <weld active="false" body1="8_part8" body2="9_part9" solimp="1 1 0.5" solref="0.01 0.3" />
    <weld active="false" body1="8_part8" body2="6_part6" solimp="1 1 0.5" solref="0.01 0.3" />
    <weld active="false" body1="8_part8" body2="4_part4" solimp="1 1 0.5" solref="0.01 0.3" />
    <weld active="false" body1="7_part7" body2="6_part6" solimp="1 1 0.5" solref="0.01 0.3" />
    <weld active="false" body1="7_part7" body2="4_part4" solimp="1 1 0.5" solref="0.01 0.3" />
    <weld active="false" body1="6_part6" body2="5_part5" solimp="1 1 0.5" solref="0.01 0.3" />
    <weld active="false" body1="5_part5" body2="4_part4" solimp="1 1 0.5" solref="0.01 0.3" />
    <weld active="false" body1="4_part4" body2="3_part3" solimp="1 1 0.5" solref="0.01 0.3" />
    <weld active="false" body1="4_part4" body2="2_part2" solimp="1 1 0.5" solref="0.01 0.3" />
    <weld active="false" body1="4_part4" body2="1_part1" solimp="1 1 0.5" solref="0.01 0.3" />
  </equality>
  <worldbody>
    <body name="0_part0" pos="0.0 -5e-11 0.0" quat="1 0 0 0">
      <geom conaffinity="0" contype="0" density="0" mesh="part0" name="0_part0_mesh" pos="0.0 0.0 0.0" rgba="0.82 0.71 0.55 1" type="mesh" />
      <site name="0_part0_horizontal_radius_site" pos="0.0 -5e-11 0.0" quat="1 0 0 0" rgba="0 0 0 0" size="0.01" />
      <site name="0_part0_top_site" pos="0.0 -5e-11 0.0635" quat="1 0 0 0" rgba="0 0 0 0" size="0.01" />
      <site name="0_part0_bottom_site" pos="0.0 -5e-11 -0.0635" quat="1 0 0 0" rgba="0 0 0 0" size="0.01" />
      <site name="0_part0_corner_site8" pos="-0.012700000749999999 0.01270000355 0.0635" quat="1 0 0 0" rgba="0 0 0 0" size="0.008" />
      <site name="0_part0_corner_site7" pos="0.012700000749999999 0.01270000355 0.0635" quat="1 0 0 0" rgba="0 0 0 0" size="0.008" />
      <site name="0_part0_corner_site6" pos="0.012700000749999999 -0.0127000036 0.0635" quat="1 0 0 0" rgba="0 0 0 0" size="0.008" />
      <site name="0_part0_corner_site5" pos="-0.012700000749999999 -0.0127000036 0.0635" quat="1 0 0 0" rgba="0 0 0 0" size="0.008" />
      <site name="0_part0_corner_site4" pos="-0.012700000749999999 0.01270000355 -0.0635" quat="1 0 0 0" rgba="0 0 0 0" size="0.008" />
      <site name="0_part0_corner_site3" pos="0.012700000749999999 0.01270000355 -0.0635" quat="1 0 0 0" rgba="0 0 0 0" size="0.008" />
      <site name="0_part0_corner_site2" pos="0.012700000749999999 -0.0127000036 -0.0635" quat="1 0 0 0" rgba="0 0 0 0" size="0.008" />
      <site name="0_part0_corner_site1" pos="-0.012700000749999999 -0.0127000036 -0.0635" quat="1 0 0 0" rgba="0 0 0 0" size="0.008" />
      <geom density="50" name="noviz_collision_0_part0_0" pos="2E-05 0 0.00013" quat="1 0 0 0" rgba="0 0 0 0" size="0.01272 0.0127 0.06363" solref="0.001 1" type="box" />
      <site name="leg-floor,0,90,180,270,conn_site4" pos="0.0025 -0.0005 0.06479" quat="1 0 0 0" rgba="0.9019 0.0980 0.2941 0.3" size="0.008" />
    </body>
    <body name="9_part9" pos="-0.21589999635 -0.09524999645 0.43814999390000003" quat="1 0 0 0">
      <geom conaffinity="0" contype="0" density="0" mesh="part9" name="9_part9_mesh" pos="0.0 0.0 0.0" rgba="0.82 0.71 0.55 1" type="mesh" />
      <site name="9_part9_horizontal_radius_site" pos="3e-09 0.0 0.0" quat="1 0 0 0" rgba="0 0 0 0" size="0.01" />
      <site name="9_part9_top_site" pos="3e-09 0.0 0.0063500061" quat="1 0 0 0" rgba="0 0 0 0" size="0.01" />
      <site name="9_part9_bottom_site" pos="3e-09 0.0 -0.0063500061" quat="1 0 0 0" rgba="0 0 0 0" size="0.01" />
      <site name="9_part9_corner_site8" pos="-0.2286000001 0.10795 0.0063500061" quat="1 0 0 0" rgba="0 0 0 0" size="0.008" />
      <site name="9_part9_corner_site7" pos="0.2286000061 0.10795 0.0063500061" quat="1 0 0 0" rgba="0 0 0 0" size="0.008" />
      <site name="9_part9_corner_site6" pos="0.2286000061 -0.10795 0.0063500061" quat="1 0 0 0" rgba="0 0 0 0" size="0.008" />
      <site name="9_part9_corner_site5" pos="-0.2286000001 -0.10795 0.0063500061" quat="1 0 0 0" rgba="0 0 0 0" size="0.008" />
      <site name="9_part9_corner_site4" pos="-0.2286000001 0.10795 -0.0063500061" quat="1 0 0 0" rgba="0 0 0 0" size="0.008" />
      <site name="9_part9_corner_site3" pos="0.2286000061 0.10795 -0.0063500061" quat="1 0 0 0" rgba="0 0 0 0" size="0.008" />
      <site name="9_part9_corner_site2" pos="0.2286000061 -0.10795 -0.0063500061" quat="1 0 0 0" rgba="0 0 0 0" size="0.008" />
      <site name="9_part9_corner_site1" pos="-0.2286000001 -0.10795 -0.0063500061" quat="1 0 0 0" rgba="0 0 0 0" size="0.008" />
      <geom density="50" name="noviz_collision_9_part9_0" pos="0 -0.00036 -3E-05" quat="1 0 0 0" rgba="0 0 0 0" size="0.2286 0.10759 0.00632" solref="0.001 1" type="box" />
      <site name="top-leftwall,0,conn_site1" pos="-0.2228 0 -0.0037" quat="1 0 0 0" rgba="0.2352 0.7058 0.2941 0.3" size="0.008" />
      <site name="top-back,0,conn_site1" pos="0 0.10669 -0.00315" quat="1 0 0 0" rgba="1.0 0.8823 0.0980 0.3" size="0.008" />
      <site name="top-rightwall,0,180,conn_site1" pos="0.2219 0 -0.00715" quat="1 0 0 0" rgba="0 0 1 0.3" size="0.01" />
    </body>
    <body name="8_part8" pos="0.00635000055 -0.09524999645 0.2539999977" quat="1 0 0 0">
      <geom conaffinity="0" contype="0" density="0" mesh="part8" name="8_part8_mesh" pos="0.0 0.0 0.0" rgba="0.82 0.71 0.55 1" type="mesh" />
      <site name="8_part8_horizontal_radius_site" pos="-1e-10 0.0 -7.5e-10" quat="1 0 0 0" rgba="0 0 0 0" size="0.01" />
      <site name="8_part8_top_site" pos="-1e-10 0.0 0.17780000155" quat="1 0 0 0" rgba="0 0 0 0" size="0.01" />
      <site name="8_part8_bottom_site" pos="-1e-10 0.0 -0.17780000305" quat="1 0 0 0" rgba="0 0 0 0" size="0.01" />
      <site name="8_part8_corner_site8" pos="-0.0063500001 0.10795 0.17780000155" quat="1 0 0 0" rgba="0 0 0 0" size="0.008" />
      <site name="8_part8_corner_site7" pos="0.0063499999 0.10795 0.17780000155" quat="1 0 0 0" rgba="0 0 0 0" size="0.008" />
      <site name="8_part8_corner_site6" pos="0.0063499999 -0.10795 0.17780000155" quat="1 0 0 0" rgba="0 0 0 0" size="0.008" />
      <site name="8_part8_corner_site5" pos="-0.0063500001 -0.10795 0.17780000155" quat="1 0 0 0" rgba="0 0 0 0" size="0.008" />
      <site name="8_part8_corner_site4" pos="-0.0063500001 0.10795 -0.17780000305" quat="1 0 0 0" rgba="0 0 0 0" size="0.008" />
      <site name="8_part8_corner_site3" pos="0.0063499999 0.10795 -0.17780000305" quat="1 0 0 0" rgba="0 0 0 0" size="0.008" />
      <site name="8_part8_corner_site2" pos="0.0063499999 -0.10795 -0.17780000305" quat="1 0 0 0" rgba="0 0 0 0" size="0.008" />
      <site name="8_part8_corner_site1" pos="-0.0063500001 -0.10795 -0.17780000305" quat="1 0 0 0" rgba="0 0 0 0" size="0.008" />
      <geom density="50" name="noviz_collision_8_part8_0" pos="-1E-05 1E-05 0.00126" quat="1 0 0 0" rgba="0 0 0 0" size="0.00634 0.10796 0.17906" solref="0.001 1" type="box" />
      <site name="rightwall-shelf,0,conn_site1" pos="-0.00637 -0.00079 0.00135" quat="0.7071067 0 0.7071068 0" rgba="0.2627 0.3882 0.8470 0.3" size="0.008" />
      <site name="rightwall-top,0,180,conn_site1" pos="-0.00035 0 0.177" quat="1 0 0 0" rgba="0 0 1 0.3" size="0.01" />
      <site name="rightwall-floor,0,180,conn_site1" pos="0.00065 0 -0.1778" quat="1 0 0 0" rgba="0 0 1 0.3" size="0.01" />
    </body>
    <body name="7_part7" pos="-0.4381499995 -0.09524999645 0.2539999977" quat="1 0 0 0">
      <geom conaffinity="0" contype="0" density="0" mesh="part7" name="7_part7_mesh" pos="0.0 0.0 0.0" rgba="0.82 0.71 0.55 1" type="mesh" />
      <site name="7_part7_horizontal_radius_site" pos="0.0 0.0 -7.5e-10" quat="1 0 0 0" rgba="0 0 0 0" size="0.01" />
      <site name="7_part7_top_site" pos="0.0 0.0 0.17780000155" quat="1 0 0 0" rgba="0 0 0 0" size="0.01" />
      <site name="7_part7_bottom_site" pos="0.0 0.0 -0.17780000305" quat="1 0 0 0" rgba="0 0 0 0" size="0.01" />
      <site name="7_part7_corner_site8" pos="-0.00635 0.10795 0.17780000155" quat="1 0 0 0" rgba="0 0 0 0" size="0.008" />
      <site name="7_part7_corner_site7" pos="0.00635 0.10795 0.17780000155" quat="1 0 0 0" rgba="0 0 0 0" size="0.008" />
      <site name="7_part7_corner_site6" pos="0.00635 -0.10795 0.17780000155" quat="1 0 0 0" rgba="0 0 0 0" size="0.008" />
      <site name="7_part7_corner_site5" pos="-0.00635 -0.10795 0.17780000155" quat="1 0 0 0" rgba="0 0 0 0" size="0.008" />
      <site name="7_part7_corner_site4" pos="-0.00635 0.10795 -0.17780000305" quat="1 0 0 0" rgba="0 0 0 0" size="0.008" />
      <site name="7_part7_corner_site3" pos="0.00635 0.10795 -0.17780000305" quat="1 0 0 0" rgba="0 0 0 0" size="0.008" />
      <site name="7_part7_corner_site2" pos="0.00635 -0.10795 -0.17780000305" quat="1 0 0 0" rgba="0 0 0 0" size="0.008" />
      <site name="7_part7_corner_site1" pos="-0.00635 -0.10795 -0.17780000305" quat="1 0 0 0" rgba="0 0 0 0" size="0.008" />
      <geom density="50" name="noviz_collision_7_part7_0" pos="1E-05 1E-05 0.00126" quat="1 0 0 0" rgba="0 0 0 0" size="0.00636 0.10796 0.17906" solref="0.001 1" type="box" />
      <site name="leftwall-floor,0,conn_site1" pos="0.00195 0 -0.1778" quat="1 0 0 0" rgba="0.9607 0.5098 0.1921 0.3" size="0.008" />
      <site name="leftwall-shelf,0,conn_site1" pos="0.00505 -0.00079 -0.0039" quat="0.7071067 0 -0.7071068 0" rgba="0.5686 0.1176 0.7058 0.3" size="0.008" />
      <site name="leftwall-top,0,conn_site1" pos="-0.00055 0 0.18045" quat="1 0 0 0" rgba="0.2352 0.7058 0.2941 0.3" size="0.008" />
    </body>
    <body name="6_part6" pos="-0.21590000155000003 -0.09683749645 0.254" quat="1 0 0 0">
      <geom conaffinity="0" contype="0" density="0" mesh="part6" name="6_part6_mesh" pos="0.0 0.0 0.0" rgba="0.82 0.71 0.55 1" type="mesh" />
      <site name="6_part6_horizontal_radius_site" pos="0.0 0.0 0.0" quat="1 0 0 0" rgba="0 0 0 0" size="0.01" />
      <site name="6_part6_top_site" pos="0.0 0.0 0.0063500061" quat="1 0 0 0" rgba="0 0 0 0" size="0.01" />
      <site name="6_part6_bottom_site" pos="0.0 0.0 -0.0063500061" quat="1 0 0 0" rgba="0 0 0 0" size="0.01" />
      <site name="6_part6_corner_site8" pos="-0.21590000915 0.1063625 0.0063500061" quat="1 0 0 0" rgba="0 0 0 0" size="0.008" />
      <site name="6_part6_corner_site7" pos="0.21590000915 0.1063625 0.0063500061" quat="1 0 0 0" rgba="0 0 0 0" size="0.008" />
      <site name="6_part6_corner_site6" pos="0.21590000915 -0.1063625 0.0063500061" quat="1 0 0 0" rgba="0 0 0 0" size="0.008" />
      <site name="6_part6_corner_site5" pos="-0.21590000915 -0.1063625 0.0063500061" quat="1 0 0 0" rgba="0 0 0 0" size="0.008" />
      <site name="6_part6_corner_site4" pos="-0.21590000915 0.1063625 -0.0063500061" quat="1 0 0 0" rgba="0 0 0 0" size="0.008" />
      <site name="6_part6_corner_site3" pos="0.21590000915 0.1063625 -0.0063500061" quat="1 0 0 0" rgba="0 0 0 0" size="0.008" />
      <site name="6_part6_corner_site2" pos="0.21590000915 -0.1063625 -0.0063500061" quat="1 0 0 0" rgba="0 0 0 0" size="0.008" />
      <site name="6_part6_corner_site1" pos="-0.21590000915 -0.1063625 -0.0063500061" quat="1 0 0 0" rgba="0 0 0 0" size="0.008" />
      <geom density="50" name="noviz_collision_6_part6_0" pos="0 6E-05 0" quat="1 0 0 0" rgba="0 0 0 0" size="0.2159 0.10642 0.00635" solref="0.001 1" type="box" />
      <site name="shelf-leftwall,0,conn_site1" pos="-0.2172 0.00079 -0.0039" quat="0.7071067 0 -0.7071068 0" rgba="0.5686 0.1176 0.7058 0.3" size="0.008" />
      <site name="shelf-rightwall,0,conn_site1" pos="0.21588 0.00079 0.00135" quat="0.7071067 0 0.7071068 0" rgba="0.2627 0.3882 0.8470 0.3" size="0.008" />
    </body>
    <body name="5_part5" pos="-0.21590000155000003 0.0111125031 0.254" quat="1 0 0 0">
      <geom conaffinity="0" contype="0" density="0" mesh="part5" name="5_part5_mesh" pos="0.0 0.0 0.0" rgba="0.82 0.71 0.55 1" type="mesh" />
      <site name="5_part5_horizontal_radius_site" pos="0.0 0.0 -0.0" quat="1 0 0 0" rgba="0 0 0 0" size="0.01" />
      <site name="5_part5_top_site" pos="0.0 0.0 0.18415" quat="1 0 0 0" rgba="0 0 0 0" size="0.01" />
      <site name="5_part5_bottom_site" pos="0.0 0.0 -0.18415" quat="1 0 0 0" rgba="0 0 0 0" size="0.01" />
      <site name="5_part5_corner_site8" pos="-0.21590000915 0.0015875005 0.18415" quat="1 0 0 0" rgba="0 0 0 0" size="0.008" />
      <site name="5_part5_corner_site7" pos="0.21590000915 0.0015875005 0.18415" quat="1 0 0 0" rgba="0 0 0 0" size="0.008" />
      <site name="5_part5_corner_site6" pos="0.21590000915 -0.00158750045 0.18415" quat="1 0 0 0" rgba="0 0 0 0" size="0.008" />
      <site name="5_part5_corner_site5" pos="-0.21590000915 -0.00158750045 0.18415" quat="1 0 0 0" rgba="0 0 0 0" size="0.008" />
      <site name="5_part5_corner_site4" pos="-0.21590000915 0.0015875005 -0.18415" quat="1 0 0 0" rgba="0 0 0 0" size="0.008" />
      <site name="5_part5_corner_site3" pos="0.21590000915 0.0015875005 -0.18415" quat="1 0 0 0" rgba="0 0 0 0" size="0.008" />
      <site name="5_part5_corner_site2" pos="0.21590000915 -0.00158750045 -0.18415" quat="1 0 0 0" rgba="0 0 0 0" size="0.008" />
      <site name="5_part5_corner_site1" pos="-0.21590000915 -0.00158750045 -0.18415" quat="1 0 0 0" rgba="0 0 0 0" size="0.008" />
      <geom density="50" name="noviz_collision_5_part5_0" pos="0 0 0" quat="1 0 0 0" rgba="0 0 0 0" size="0.2159 0.00159 0.18415" solref="0.001 1" type="box" />
      <site name="back-top,0,conn_site1" pos="0 0.00033 0.181" quat="1 0 0 0" rgba="1.0 0.8823 0.0980 0.3" size="0.008" />
    </body>
    <body name="4_part4" pos="-0.21589999635 -0.09524999645 0.06985" quat="1 0 0 0">
      <geom conaffinity="0" contype="0" density="0" mesh="part4" name="4_part4_mesh" pos="0.0 0.0 0.0" rgba="0.82 0.71 0.55 1" type="mesh" />
      <site name="4_part4_horizontal_radius_site" pos="3e-09 0.0 -0.0" quat="1 0 0 0" rgba="0 0 0 0" size="0.01" />
      <site name="4_part4_top_site" pos="3e-09 0.0 0.00635" quat="1 0 0 0" rgba="0 0 0 0" size="0.01" />
      <site name="4_part4_bottom_site" pos="3e-09 0.0 -0.00635" quat="1 0 0 0" rgba="0 0 0 0" size="0.01" />
      <site name="4_part4_corner_site8" pos="-0.2286000001 0.10795 0.00635" quat="1 0 0 0" rgba="0 0 0 0" size="0.008" />
      <site name="4_part4_corner_site7" pos="0.2286000061 0.10795 0.00635" quat="1 0 0 0" rgba="0 0 0 0" size="0.008" />
      <site name="4_part4_corner_site6" pos="0.2286000061 -0.10795 0.00635" quat="1 0 0 0" rgba="0 0 0 0" size="0.008" />
      <site name="4_part4_corner_site5" pos="-0.2286000001 -0.10795 0.00635" quat="1 0 0 0" rgba="0 0 0 0" size="0.008" />
      <site name="4_part4_corner_site4" pos="-0.2286000001 0.10795 -0.00635" quat="1 0 0 0" rgba="0 0 0 0" size="0.008" />
      <site name="4_part4_corner_site3" pos="0.2286000061 0.10795 -0.00635" quat="1 0 0 0" rgba="0 0 0 0" size="0.008" />
      <site name="4_part4_corner_site2" pos="0.2286000061 -0.10795 -0.00635" quat="1 0 0 0" rgba="0 0 0 0" size="0.008" />
      <site name="4_part4_corner_site1" pos="-0.2286000001 -0.10795 -0.00635" quat="1 0 0 0" rgba="0 0 0 0" size="0.008" />
      <geom density="50" name="noviz_collision_4_part4_0" pos="0 -0.00036 -1E-05" quat="1 0 0 0" rgba="0 0 0 0" size="0.2286 0.10759 0.00634" solref="0.001 1" type="box" />
      <site name="floor-leg,0,90,180,270,conn_site4" pos="-0.2181 -0.09465 -0.00506" quat="1 0 0 0" rgba="0.9019 0.0980 0.2941 0.3" size="0.01" />
      <site name="floor-leg,0,90,180,270,conn_site3" pos="0.2184 -0.09465 -0.00506" quat="1 0 0 0" rgba="0.9019 0.0980 0.2941 0.3" size="0.01" />
      <site name="floor-leg,0,90,180,270,conn_site2" pos="0.2184 0.09475 -0.00506" quat="1 0 0 0" rgba="0.9019 0.0980 0.2941 0.3" size="0.01" />
      <site name="floor-leg,0,90,180,270,conn_site1" pos="-0.2122 0.09596 -0.00506" quat="1 0 0 0" rgba="0.9019 0.0980 0.2941 0.3" size="0.01" />
      <site name="floor-leftwall,0,conn_site1" pos="-0.2203 0 0.00635" quat="1 0 0 0" rgba="0.9607 0.5098 0.1921 0.3" size="0.008" />
      <site name="floor-rightwall,0,180,conn_site1" pos="0.2229 0 0.00635" quat="1 0 0 0" rgba="0 0 1 0.3" size="0.01" />
    </body>
    <body name="3_part3" pos="-0.43179999695 -0.1904999879 0.0" quat="1 0 0 0">
      <geom conaffinity="0" contype="0" density="0" mesh="part3" name="3_part3_mesh" pos="0.0 0.0 0.0" rgba="0.82 0.71 0.55 1" type="mesh" />
      <site name="3_part3_horizontal_radius_site" pos="1.5e-10 -1.5e-10 0.0" quat="1 0 0 0" rgba="0 0 0 0" size="0.01" />
      <site name="3_part3_top_site" pos="1e-10 -1e-10 0.0635" quat="1 0 0 0" rgba="0 0 0 0" size="0.01" />
      <site name="3_part3_bottom_site" pos="1e-10 -1e-10 -0.0635" quat="1 0 0 0" rgba="0 0 0 0" size="0.01" />
      <site name="3_part3_corner_site8" pos="-0.0127000024 0.0127000084 0.0635" quat="1 0 0 0" rgba="0 0 0 0" size="0.008" />
      <site name="3_part3_corner_site7" pos="0.01270000265 0.0127000084 0.0635" quat="1 0 0 0" rgba="0 0 0 0" size="0.008" />
      <site name="3_part3_corner_site6" pos="0.01270000265 -0.012700008649999999 0.0635" quat="1 0 0 0" rgba="0 0 0 0" size="0.008" />
      <site name="3_part3_corner_site5" pos="-0.0127000024 -0.012700008649999999 0.0635" quat="1 0 0 0" rgba="0 0 0 0" size="0.008" />
      <site name="3_part3_corner_site4" pos="-0.0127000024 0.0127000084 -0.0635" quat="1 0 0 0" rgba="0 0 0 0" size="0.008" />
      <site name="3_part3_corner_site3" pos="0.01270000265 0.0127000084 -0.0635" quat="1 0 0 0" rgba="0 0 0 0" size="0.008" />
      <site name="3_part3_corner_site2" pos="0.01270000265 -0.012700008649999999 -0.0635" quat="1 0 0 0" rgba="0 0 0 0" size="0.008" />
      <site name="3_part3_corner_site1" pos="-0.0127000024 -0.012700008649999999 -0.0635" quat="1 0 0 0" rgba="0 0 0 0" size="0.008" />
      <geom density="50" name="noviz_collision_3_part3_0" pos="-2E-05 0 0.00013" quat="1 0 0 0" rgba="0 0 0 0" size="0.01268 0.0127 0.06363" solref="0.001 1" type="box" />
      <site name="leg-floor,0,90,180,270,conn_site6" pos="-0.0022 0.0006 0.06479" quat="1 0 0 0" rgba="0.9019 0.0980 0.2941 0.3" size="0.008" />
    </body>
    <body name="2_part2" pos="-0.43179999695 -5e-11 0.0" quat="1 0 0 0">
      <geom conaffinity="0" contype="0" density="0" mesh="part2" name="2_part2_mesh" pos="0.0 0.0 0.0" rgba="0.82 0.71 0.55 1" type="mesh" />
      <site name="2_part2_horizontal_radius_site" pos="1.5e-10 -5e-11 0.0" quat="1 0 0 0" rgba="0 0 0 0" size="0.01" />
      <site name="2_part2_top_site" pos="1e-10 -5e-11 0.0635" quat="1 0 0 0" rgba="0 0 0 0" size="0.01" />
      <site name="2_part2_bottom_site" pos="1e-10 -5e-11 -0.0635" quat="1 0 0 0" rgba="0 0 0 0" size="0.01" />
      <site name="2_part2_corner_site8" pos="-0.0127000024 0.01270000355 0.0635" quat="1 0 0 0" rgba="0 0 0 0" size="0.008" />
      <site name="2_part2_corner_site7" pos="0.01270000265 0.01270000355 0.0635" quat="1 0 0 0" rgba="0 0 0 0" size="0.008" />
      <site name="2_part2_corner_site6" pos="0.01270000265 -0.0127000036 0.0635" quat="1 0 0 0" rgba="0 0 0 0" size="0.008" />
      <site name="2_part2_corner_site5" pos="-0.0127000024 -0.0127000036 0.0635" quat="1 0 0 0" rgba="0 0 0 0" size="0.008" />
      <site name="2_part2_corner_site4" pos="-0.0127000024 0.01270000355 -0.0635" quat="1 0 0 0" rgba="0 0 0 0" size="0.008" />
      <site name="2_part2_corner_site3" pos="0.01270000265 0.01270000355 -0.0635" quat="1 0 0 0" rgba="0 0 0 0" size="0.008" />
      <site name="2_part2_corner_site2" pos="0.01270000265 -0.0127000036 -0.0635" quat="1 0 0 0" rgba="0 0 0 0" size="0.008" />
      <site name="2_part2_corner_site1" pos="-0.0127000024 -0.0127000036 -0.0635" quat="1 0 0 0" rgba="0 0 0 0" size="0.008" />
      <geom density="50" name="noviz_collision_2_part2_0" pos="-2E-05 0 0.00013" quat="1 0 0 0" rgba="0 0 0 0" size="0.01268 0.0127 0.06363" solref="0.001 1" type="box" />
      <site name="leg-floor,0,90,180,270,conn_site3" pos="0.0037 0.00071 0.06479" quat="1 0 0 0" rgba="0.9019 0.0980 0.2941 0.3" size="0.008" />
    </body>
    <body name="1_part1" pos="0.0 -0.1904999879 0.0" quat="1 0 0 0">
      <geom conaffinity="0" contype="0" density="0" mesh="part1" name="1_part1_mesh" pos="0.0 0.0 0.0" rgba="0.82 0.71 0.55 1" type="mesh" />
      <site name="1_part1_horizontal_radius_site" pos="0.0 -1.5e-10 0.0" quat="1 0 0 0" rgba="0 0 0 0" size="0.01" />
      <site name="1_part1_top_site" pos="0.0 -1e-10 0.0635" quat="1 0 0 0" rgba="0 0 0 0" size="0.01" />
      <site name="1_part1_bottom_site" pos="0.0 -1e-10 -0.0635" quat="1 0 0 0" rgba="0 0 0 0" size="0.01" />
      <site name="1_part1_corner_site8" pos="-0.012700000749999999 0.0127000084 0.0635" quat="1 0 0 0" rgba="0 0 0 0" size="0.008" />
      <site name="1_part1_corner_site7" pos="0.012700000749999999 0.0127000084 0.0635" quat="1 0 0 0" rgba="0 0 0 0" size="0.008" />
      <site name="1_part1_corner_site6" pos="0.012700000749999999 -0.012700008649999999 0.0635" quat="1 0 0 0" rgba="0 0 0 0" size="0.008" />
      <site name="1_part1_corner_site5" pos="-0.012700000749999999 -0.012700008649999999 0.0635" quat="1 0 0 0" rgba="0 0 0 0" size="0.008" />
      <site name="1_part1_corner_site4" pos="-0.012700000749999999 0.0127000084 -0.0635" quat="1 0 0 0" rgba="0 0 0 0" size="0.008" />
      <site name="1_part1_corner_site3" pos="0.012700000749999999 0.0127000084 -0.0635" quat="1 0 0 0" rgba="0 0 0 0" size="0.008" />
      <site name="1_part1_corner_site2" pos="0.012700000749999999 -0.012700008649999999 -0.0635" quat="1 0 0 0" rgba="0 0 0 0" size="0.008" />
      <site name="1_part1_corner_site1" pos="-0.012700000749999999 -0.012700008649999999 -0.0635" quat="1 0 0 0" rgba="0 0 0 0" size="0.008" />
      <geom density="50" name="noviz_collision_1_part1_0" pos="2E-05 0 0.00013" quat="1 0 0 0" rgba="0 0 0 0" size="0.01272 0.0127 0.06363" solref="0.001 1" type="box" />
      <site name="leg-floor,0,90,180,270,conn_site5" pos="0.0025 0.0006 0.06479" quat="1 0 0 0" rgba="0.9019 0.0980 0.2941 0.3" size="0.008" />
    </body>
  </worldbody>
<actuator /><sensor /><contact /><default /></mujoco>