<mujoco model="bookcase_grevback_0484">
  <asset>
    <mesh file="bookcase_grevback_0484/0.stl" name="part0" scale="0.0002664 0.0002664 0.0002664" />
    <mesh file="bookcase_grevback_0484/9.stl" name="part9" scale="0.0002664 0.0002664 0.0002664" />
    <mesh file="bookcase_grevback_0484/8.stl" name="part8" scale="0.0002664 0.0002664 0.0002664" />
    <mesh file="bookcase_grevback_0484/7.stl" name="part7" scale="0.0002664 0.0002664 0.0002664" />
    <mesh file="bookcase_grevback_0484/6.stl" name="part6" scale="0.0002664 0.0002664 0.0002664" />
    <mesh file="bookcase_grevback_0484/5.stl" name="part5" scale="0.0002664 0.0002664 0.0002664" />
    <mesh file="bookcase_grevback_0484/4.stl" name="part4" scale="0.0002664 0.0002664 0.0002664" />
    <mesh file="bookcase_grevback_0484/3.stl" name="part3" scale="0.0002664 0.0002664 0.0002664" />
    <mesh file="bookcase_grevback_0484/2.stl" name="part2" scale="0.0002664 0.0002664 0.0002664" />
    <mesh file="bookcase_grevback_0484/13.stl" name="part13" scale="0.0002664 0.0002664 0.0002664" />
    <mesh file="bookcase_grevback_0484/12.stl" name="part12" scale="0.0002664 0.0002664 0.0002664" />
    <mesh file="bookcase_grevback_0484/11.stl" name="part11" scale="0.0002664 0.0002664 0.0002664" />
    <mesh file="bookcase_grevback_0484/10.stl" name="part10" scale="0.0002664 0.0002664 0.0002664" />
    <mesh file="bookcase_grevback_0484/1.stl" name="part1" scale="0.0002664 0.0002664 0.0002664" />
  </asset>
  <equality>
    <weld active="false" body1="12_part12" body2="5_part5" solimp="1 1 0.5" solref="0.01 0.3" />
    <weld active="false" body1="11_part11" body2="4_part4" solimp="1 1 0.5" solref="0.01 0.3" />
    <weld active="false" body1="11_part11" body2="3_part3" solimp="1 1 0.5" solref="0.01 0.3" />
    <weld active="false" body1="12_part12" body2="4_part4" solimp="1 1 0.5" solref="0.01 0.3" />
    <weld active="false" body1="12_part12" body2="3_part3" solimp="1 1 0.5" solref="0.01 0.3" />
    <weld active="false" body1="9_part9" body2="5_part5" solimp="1 1 0.5" solref="0.01 0.3" />
    <weld active="false" body1="8_part8" body2="5_part5" solimp="1 1 0.5" solref="0.01 0.3" />
    <weld active="false" body1="6_part6" body2="11_part11" solimp="1 1 0.5" solref="0.01 0.3" />
    <weld active="false" body1="6_part6" body2="12_part12" solimp="1 1 0.5" solref="0.01 0.3" />
    <weld active="false" body1="7_part3" body2="11_part11" solimp="1 1 0.5" solref="0.01 0.3" />
    <weld active="false" body1="7_part3" body2="12_part12" solimp="1 1 0.5" solref="0.01 0.3" />
    <weld active="false" body1="10_part10" body2="11_part11" solimp="1 1 0.5" solref="0.01 0.3" />
    <weld active="false" body1="10_part10" body2="12_part12" solimp="1 1 0.5" solref="0.01 0.3" />
    <weld active="false" body1="0_part0" body2="11_part11" solimp="1 1 0.5" solref="0.01 0.3" />
    <weld active="false" body1="0_part0" body2="12_part12" solimp="1 1 0.5" solref="0.01 0.3" />
    <weld active="false" body1="1_part1" body2="11_part11" solimp="1 1 0.5" solref="0.01 0.3" />
    <weld active="false" body1="1_part1" body2="12_part12" solimp="1 1 0.5" solref="0.01 0.3" />
    <weld active="false" body1="2_part2" body2="9_part9" solimp="1 1 0.5" solref="0.01 0.3" />
    <weld active="false" body1="2_part2" body2="8_part8" solimp="1 1 0.5" solref="0.01 0.3" />
    <weld active="false" body1="13_part13" body2="9_part9" solimp="1 1 0.5" solref="0.01 0.3" />
    <weld active="false" body1="13_part13" body2="8_part8" solimp="1 1 0.5" solref="0.01 0.3" />
    <weld active="false" body1="11_part11" body2="5_part5" solimp="1 1 0.5" solref="0.01 0.3" />
  </equality>
  <worldbody>
    <body name="0_part0" pos="-0.0 0.0 5.328000000000001e-11" quat="1 0 0 0">
      <geom conaffinity="0" contype="0" density="0" mesh="part0" name="0_part0_mesh" pos="0.0 0.0 0.0" rgba="0.82 0.71 0.55 1" type="mesh" />
      <site name="0_part0_horizontal_radius_site" pos="-0.0 0.0 5.328000000000001e-11" quat="1 0 0 0" rgba="0 0 0 0" size="0.005328" />
      <site name="0_part0_top_site" pos="0.0 0.0 0.00338328527472" quat="1 0 0 0" rgba="0 0 0 0" size="0.005328" />
      <site name="0_part0_bottom_site" pos="0.0 0.0 -0.0033832851948000005" quat="1 0 0 0" rgba="0 0 0 0" size="0.005328" />
      <site name="0_part0_corner_site8" pos="-0.10674248400000003 0.22245066650016004 0.00338328527472" quat="1 0 0 0" rgba="0 0 0 0" size="0.005328" />
      <site name="0_part0_corner_site7" pos="0.10674248400000003 0.22245066650016004 0.00338328527472" quat="1 0 0 0" rgba="0 0 0 0" size="0.005328" />
      <site name="0_part0_corner_site6" pos="0.10674248400000003 -0.22245066650016004 0.00338328527472" quat="1 0 0 0" rgba="0 0 0 0" size="0.005328" />
      <site name="0_part0_corner_site5" pos="-0.10674248400000003 -0.22245066650016004 0.00338328527472" quat="1 0 0 0" rgba="0 0 0 0" size="0.005328" />
      <site name="0_part0_corner_site4" pos="-0.10674248400000003 0.22245066650016004 -0.0033832851948000005" quat="1 0 0 0" rgba="0 0 0 0" size="0.005328" />
      <site name="0_part0_corner_site3" pos="0.10674248400000003 0.22245066650016004 -0.0033832851948000005" quat="1 0 0 0" rgba="0 0 0 0" size="0.005328" />
      <site name="0_part0_corner_site2" pos="0.10674248400000003 -0.22245066650016004 -0.0033832851948000005" quat="1 0 0 0" rgba="0 0 0 0" size="0.005328" />
      <site name="0_part0_corner_site1" pos="-0.10674248400000003 -0.22245066650016004 -0.0033832851948000005" quat="1 0 0 0" rgba="0 0 0 0" size="0.005328" />
      <geom density="50" name="noviz_collision_0_part0_0" pos="0.0 -1.3320000000000003e-08 -5.328000000000001e-09" quat="1 0 0 0" rgba="0 0 0 0" size="0.10674248400000003 0.22245066000000002 0.0033832800000000007" solref="0.001 1" type="box" />
      <site name="shelf-wall,0,180,conn_site1" pos="0.0013533120000000002 -0.22276368000000005 -0.0013852800000000002" quat="0.7071067 0.7071068 0 0" rgba="0.9019 0.0980 0.2941 0.3" size="0.005328" />
      <site name="shelf-wall,0,180,conn_site2" pos="0.0013533120000000002 0.22239072000000004 -0.0002664" quat="0.7071067 -0.7071068 0 0" rgba="0.9019 0.0980 0.2941 0.3" size="0.005328" />
    </body>
    <body name="13_part13" pos="-0.11147907600000001 -0.21737574650016 0.17187061880520002" quat="1 0 0 0">
      <geom conaffinity="0" contype="0" density="0" mesh="part9" name="13_part13_mesh" pos="0.0 0.0 0.0" rgba="0.82 0.71 0.55 1" type="mesh" />
      <site name="13_part13_horizontal_radius_site" pos="0.0 3.996e-10 0.0" quat="1 0 0 0" rgba="0 0 0 0" size="0.005328" />
      <site name="13_part13_top_site" pos="0.0 3.996e-10 0.338328" quat="1 0 0 0" rgba="0 0 0 0" size="0.005328" />
      <site name="13_part13_bottom_site" pos="0.0 3.996e-10 -0.338328" quat="1 0 0 0" rgba="0 0 0 0" size="0.005328" />
      <site name="13_part13_corner_site8" pos="-0.0033832800000000007 0.018608040399600005 0.338328" quat="1 0 0 0" rgba="0 0 0 0" size="0.005328" />
      <site name="13_part13_corner_site7" pos="0.0033832800000000007 0.018608040399600005 0.338328" quat="1 0 0 0" rgba="0 0 0 0" size="0.005328" />
      <site name="13_part13_corner_site6" pos="0.0033832800000000007 -0.0186080396004 0.338328" quat="1 0 0 0" rgba="0 0 0 0" size="0.005328" />
      <site name="13_part13_corner_site5" pos="-0.0033832800000000007 -0.0186080396004 0.338328" quat="1 0 0 0" rgba="0 0 0 0" size="0.005328" />
      <site name="13_part13_corner_site4" pos="-0.0033832800000000007 0.018608040399600005 -0.338328" quat="1 0 0 0" rgba="0 0 0 0" size="0.005328" />
      <site name="13_part13_corner_site3" pos="0.0033832800000000007 0.018608040399600005 -0.338328" quat="1 0 0 0" rgba="0 0 0 0" size="0.005328" />
      <site name="13_part13_corner_site2" pos="0.0033832800000000007 -0.0186080396004 -0.338328" quat="1 0 0 0" rgba="0 0 0 0" size="0.005328" />
      <site name="13_part13_corner_site1" pos="-0.0033832800000000007 -0.0186080396004 -0.338328" quat="1 0 0 0" rgba="0 0 0 0" size="0.005328" />
      <geom density="50" name="noviz_collision_13_part13_0" pos="0.0 0.0 0.0" quat="1 0 0 0" rgba="0 0 0 0" size="0.003383282664000001 0.018608034672000003 0.338328" solref="0.001 1" type="box" />
      <site name="sideback-back,0,conn_site2" pos="0.0023349906720000002 0.00025975065600000003 1.5984000000000003e-08" quat="0.7071067 0 -0.7071068 0" rgba="0.2352 0.7058 0.2941 0.3" size="0.005328" />
    </body>
    <body name="12_part12" pos="0.0027066240000000004 -0.22583394671328005 0.17187061880520002" quat="1 0 0 0">
      <geom conaffinity="0" contype="0" density="0" mesh="part8" name="12_part12_mesh" pos="0.0 0.0 0.0" rgba="0.82 0.71 0.55 1" type="mesh" />
      <site name="12_part12_horizontal_radius_site" pos="5.328000000000001e-11 0.0 0.0" quat="1 0 0 0" rgba="0 0 0 0" size="0.005328" />
      <site name="12_part12_top_site" pos="5.328000000000001e-11 0.0 0.338328" quat="1 0 0 0" rgba="0 0 0 0" size="0.005328" />
      <site name="12_part12_bottom_site" pos="5.328000000000001e-11 0.0 -0.338328" quat="1 0 0 0" rgba="0 0 0 0" size="0.005328" />
      <site name="12_part12_corner_site8" pos="-0.11080241994672002 0.0033832802131200006 0.338328" quat="1 0 0 0" rgba="0 0 0 0" size="0.005328" />
      <site name="12_part12_corner_site7" pos="0.11080242005328 0.0033832802131200006 0.338328" quat="1 0 0 0" rgba="0 0 0 0" size="0.005328" />
      <site name="12_part12_corner_site6" pos="0.11080242005328 -0.0033832802131200006 0.338328" quat="1 0 0 0" rgba="0 0 0 0" size="0.005328" />
      <site name="12_part12_corner_site5" pos="-0.11080241994672002 -0.0033832802131200006 0.338328" quat="1 0 0 0" rgba="0 0 0 0" size="0.005328" />
      <site name="12_part12_corner_site4" pos="-0.11080241994672002 0.0033832802131200006 -0.338328" quat="1 0 0 0" rgba="0 0 0 0" size="0.005328" />
      <site name="12_part12_corner_site3" pos="0.11080242005328 0.0033832802131200006 -0.338328" quat="1 0 0 0" rgba="0 0 0 0" size="0.005328" />
      <site name="12_part12_corner_site2" pos="0.11080242005328 -0.0033832802131200006 -0.338328" quat="1 0 0 0" rgba="0 0 0 0" size="0.005328" />
      <site name="12_part12_corner_site1" pos="-0.11080241994672002 -0.0033832802131200006 -0.338328" quat="1 0 0 0" rgba="0 0 0 0" size="0.005328" />
      <geom density="50" name="noviz_collision_12_part12_0" pos="0.0 0.0 0.0" quat="1 0 0 0" rgba="0 0 0 0" size="0.11080242000000003 0.003383282664000001 0.338328" solref="0.001 1" type="box" />
      <site name="wallleft-topleft,0,conn_site1" pos="0.005074917336000001 -0.0021245346720000008 0.3384984960000001" quat="1 0 0 0" rgba="1.0 0.8823 0.0980 0.3" size="0.005328" />
      <site name="wall-shelf,0,180,conn_site5" pos="-0.0013533120000000002 0.0032833826640000004 0.20428617600000007" quat="0.7071067 0.7071068 0 0" rgba="0.9019 0.0980 0.2941 0.3" size="0.005328" />
      <site name="wall-shelf,0,180,conn_site4" pos="-0.0013533120000000002 0.003336665328 0.079610976" quat="0.7071067 0.7071068 0 0" rgba="0.9019 0.0980 0.2941 0.3" size="0.005328" />
      <site name="wall-shelf,0,180,conn_site3" pos="-0.0013533120000000002 0.0032833826640000004 -0.04639622400000001" quat="0.7071067 0.7071068 0 0" rgba="0.9019 0.0980 0.2941 0.3" size="0.005328" />
      <site name="wall-shelf,0,180,conn_site2" pos="-0.0013533120000000002 0.0030702653280000004 -0.17325590400000002" quat="0.7071067 0.7071068 0 0" rgba="0.9019 0.0980 0.2941 0.3" size="0.005328" />
      <site name="wall-shelf,0,180,conn_site1" pos="-0.0016916400000000003 0.0032833826640000004 -0.30147422400000007" quat="0.7071067 0.7071068 0 0" rgba="0.9019 0.0980 0.2941 0.3" size="0.005328" />
      <site name="wall-front,0,180,conn_site2" pos="0.11155233600000002 -0.0006060493440000001 -0.0033832506960000002" quat="0.7071067 0 0.7071068 0" rgba="0.2627 0.3882 0.8470 0.3" size="0.005328" />
    </body>
    <body name="11_part11" pos="0.0027066240000000004 0.22583393349984004 0.17187061880520002" quat="1 0 0 0">
      <geom conaffinity="0" contype="0" density="0" mesh="part7" name="11_part11_mesh" pos="0.0 0.0 0.0" rgba="0.82 0.71 0.55 1" type="mesh" />
      <site name="11_part11_horizontal_radius_site" pos="5.328000000000001e-11 -0.0 0.0" quat="1 0 0 0" rgba="0 0 0 0" size="0.005328" />
      <site name="11_part11_top_site" pos="5.328000000000001e-11 0.0 0.338328" quat="1 0 0 0" rgba="0 0 0 0" size="0.005328" />
      <site name="11_part11_bottom_site" pos="5.328000000000001e-11 0.0 -0.338328" quat="1 0 0 0" rgba="0 0 0 0" size="0.005328" />
      <site name="11_part11_corner_site8" pos="-0.11080241994672002 0.0033832800000000007 0.338328" quat="1 0 0 0" rgba="0 0 0 0" size="0.005328" />
      <site name="11_part11_corner_site7" pos="0.11080242005328 0.0033832800000000007 0.338328" quat="1 0 0 0" rgba="0 0 0 0" size="0.005328" />
      <site name="11_part11_corner_site6" pos="0.11080242005328 -0.0033832800000000007 0.338328" quat="1 0 0 0" rgba="0 0 0 0" size="0.005328" />
      <site name="11_part11_corner_site5" pos="-0.11080241994672002 -0.0033832800000000007 0.338328" quat="1 0 0 0" rgba="0 0 0 0" size="0.005328" />
      <site name="11_part11_corner_site4" pos="-0.11080241994672002 0.0033832800000000007 -0.338328" quat="1 0 0 0" rgba="0 0 0 0" size="0.005328" />
      <site name="11_part11_corner_site3" pos="0.11080242005328 0.0033832800000000007 -0.338328" quat="1 0 0 0" rgba="0 0 0 0" size="0.005328" />
      <site name="11_part11_corner_site2" pos="0.11080242005328 -0.0033832800000000007 -0.338328" quat="1 0 0 0" rgba="0 0 0 0" size="0.005328" />
      <site name="11_part11_corner_site1" pos="-0.11080241994672002 -0.0033832800000000007 -0.338328" quat="1 0 0 0" rgba="0 0 0 0" size="0.005328" />
      <geom density="50" name="noviz_collision_11_part11_0" pos="0.0 0.0 0.0" quat="1 0 0 0" rgba="0 0 0 0" size="0.11080242000000003 0.003383282664000001 0.338328" solref="0.001 1" type="box" />
      <site name="wallright-topright,0,conn_site1" pos="0.005074917336000001 0.00017983332000000003 0.3381788160000001" quat="1 0 0 0" rgba="0.9607 0.5098 0.1921 0.3" size="0.005328" />
      <site name="wall-shelf,0,180,conn_site9" pos="-0.0013533120000000002 -0.0028038493440000005 0.203273856" quat="0.7071067 -0.7071068 0 0" rgba="0.9019 0.0980 0.2941 0.3" size="0.005328" />
      <site name="wall-shelf,0,180,conn_site8" pos="-0.0013533120000000002 -0.00328336668 0.079877376" quat="0.7071067 -0.7071068 0 0" rgba="0.9019 0.0980 0.2941 0.3" size="0.005328" />
      <site name="wall-shelf,0,180,conn_site7" pos="-0.0013533120000000002 -0.003603049344000001 -0.04655606400000001" quat="0.7071067 -0.7071068 0 0" rgba="0.9019 0.0980 0.2941 0.3" size="0.005328" />
      <site name="wall-shelf,0,180,conn_site6" pos="-0.0013533120000000002 -0.003443217336 -0.172137024" quat="0.7071067 -0.7071068 0 0" rgba="0.9019 0.0980 0.2941 0.3" size="0.005328" />
      <site name="wall-shelf,0,180,conn_site10" pos="-0.0016916400000000003 -0.0026973000000000006 -0.30131438400000005" quat="0.7071067 -0.7071068 0 0" rgba="0.9019 0.0980 0.2941 0.3" size="0.005328" />
      <site name="wall-front,0,180,conn_site1" pos="0.11149905600000001 -0.000193134672 -0.0033832506960000002" quat="0.7071067 0 0.7071068 0" rgba="0.2627 0.3882 0.8470 0.3" size="0.005328" />
    </body>
    <body name="10_part10" pos="-0.00067665682584 0.0 -0.1292413011948" quat="1 0 0 0">
      <geom conaffinity="0" contype="0" density="0" mesh="part6" name="10_part10_mesh" pos="0.0 0.0 0.0" rgba="0.82 0.71 0.55 1" type="mesh" />
      <site name="10_part10_horizontal_radius_site" pos="-7.992e-10 0.0 0.0" quat="1 0 0 0" rgba="0 0 0 0" size="0.005328" />
      <site name="10_part10_top_site" pos="-7.725600000000001e-10 0.0 0.0033832800000000007" quat="1 0 0 0" rgba="0 0 0 0" size="0.005328" />
      <site name="10_part10_bottom_site" pos="-7.725600000000001e-10 0.0 -0.0033832800000000007" quat="1 0 0 0" rgba="0 0 0 0" size="0.005328" />
      <site name="10_part10_corner_site8" pos="-0.10741914162504002 0.22245066650016004 0.0033832800000000007" quat="1 0 0 0" rgba="0 0 0 0" size="0.005328" />
      <site name="10_part10_corner_site7" pos="0.10741914005328002 0.22245066650016004 0.0033832800000000007" quat="1 0 0 0" rgba="0 0 0 0" size="0.005328" />
      <site name="10_part10_corner_site6" pos="0.10741914005328002 -0.22245066650016004 0.0033832800000000007" quat="1 0 0 0" rgba="0 0 0 0" size="0.005328" />
      <site name="10_part10_corner_site5" pos="-0.10741914162504002 -0.22245066650016004 0.0033832800000000007" quat="1 0 0 0" rgba="0 0 0 0" size="0.005328" />
      <site name="10_part10_corner_site4" pos="-0.10741914162504002 0.22245066650016004 -0.0033832800000000007" quat="1 0 0 0" rgba="0 0 0 0" size="0.005328" />
      <site name="10_part10_corner_site3" pos="0.10741914005328002 0.22245066650016004 -0.0033832800000000007" quat="1 0 0 0" rgba="0 0 0 0" size="0.005328" />
      <site name="10_part10_corner_site2" pos="0.10741914005328002 -0.22245066650016004 -0.0033832800000000007" quat="1 0 0 0" rgba="0 0 0 0" size="0.005328" />
      <site name="10_part10_corner_site1" pos="-0.10741914162504002 -0.22245066650016004 -0.0033832800000000007" quat="1 0 0 0" rgba="0 0 0 0" size="0.005328" />
      <geom density="50" name="noviz_collision_10_part10_0" pos="0.0 -1.3320000000000003e-08 0.0" quat="1 0 0 0" rgba="0 0 0 0" size="0.10741914000000002 0.22245066000000002 0.003383282664000001" solref="0.001 1" type="box" />
      <site name="shelf-wall,0,180,conn_site3" pos="0.0016916400000000003 -0.22255056000000006 -0.0003623013360000001" quat="0.7071067 0.7071068 0 0" rgba="0.9019 0.0980 0.2941 0.3" size="0.005328" />
      <site name="shelf-wall,0,180,conn_site4" pos="0.0016916400000000003 0.22313664000000002 -0.00020245867200000003" quat="0.7071067 -0.7071068 0 0" rgba="0.9019 0.0980 0.2941 0.3" size="0.005328" />
    </body>
    <body name="9_part9" pos="-0.10741913986680002 -0.11139449986080002 0.19217029797936003" quat="1 0 0 0">
      <geom conaffinity="0" contype="0" density="0" mesh="part5" name="9_part9_mesh" pos="0.0 0.0 0.0" rgba="0.82 0.71 0.55 1" type="mesh" />
      <site name="9_part9_horizontal_radius_site" pos="0.0 0.0 0.0" quat="1 0 0 0" rgba="0 0 0 0" size="0.005328" />
      <site name="9_part9_top_site" pos="0.0 0.0 0.31802833300032" quat="1 0 0 0" rgba="0 0 0 0" size="0.005328" />
      <site name="9_part9_bottom_site" pos="0.0 0.0 -0.31802833300032" quat="1 0 0 0" rgba="0 0 0 0" size="0.005328" />
      <site name="9_part9_corner_site8" pos="-0.00067665623976 0.11105616663936002 0.31802833300032" quat="1 0 0 0" rgba="0 0 0 0" size="0.005328" />
      <site name="9_part9_corner_site7" pos="0.00067665623976 0.11105616663936002 0.31802833300032" quat="1 0 0 0" rgba="0 0 0 0" size="0.005328" />
      <site name="9_part9_corner_site6" pos="0.00067665623976 -0.11105616663936002 0.31802833300032" quat="1 0 0 0" rgba="0 0 0 0" size="0.005328" />
      <site name="9_part9_corner_site5" pos="-0.00067665623976 -0.11105616663936002 0.31802833300032" quat="1 0 0 0" rgba="0 0 0 0" size="0.005328" />
      <site name="9_part9_corner_site4" pos="-0.00067665623976 0.11105616663936002 -0.31802833300032" quat="1 0 0 0" rgba="0 0 0 0" size="0.005328" />
      <site name="9_part9_corner_site3" pos="0.00067665623976 0.11105616663936002 -0.31802833300032" quat="1 0 0 0" rgba="0 0 0 0" size="0.005328" />
      <site name="9_part9_corner_site2" pos="0.00067665623976 -0.11105616663936002 -0.31802833300032" quat="1 0 0 0" rgba="0 0 0 0" size="0.005328" />
      <site name="9_part9_corner_site1" pos="-0.00067665623976 -0.11105616663936002 -0.31802833300032" quat="1 0 0 0" rgba="0 0 0 0" size="0.005328" />
      <geom density="50" name="noviz_collision_9_part9_0" pos="0.0 0.0 0.0" quat="1 0 0 0" rgba="0 0 0 0" size="0.0006766586640000001 0.11105616600000001 0.31802832000000003" solref="0.001 1" type="box" />
      <site name="back-top,0,180,conn_site1" pos="0.0019247426640000003 0.016023299328000003 0.31425609600000004" quat="1 0 0 0" rgba="0.5686 0.1176 0.7058 0.3" size="0.005328" />
      <site name="back-sideback,0,conn_site2" pos="-0.0017249426640000003 -0.10572150600000002 -0.020299666680000005" quat="0.7071067 0 -0.7071068 0" rgba="0.2352 0.7058 0.2941 0.3" size="0.005328" />
    </body>
    <body name="8_part8" pos="-0.10741913986680002 0.11139449173560001 0.19217029797936003" quat="1 0 0 0">
      <geom conaffinity="0" contype="0" density="0" mesh="part4" name="8_part8_mesh" pos="0.0 0.0 0.0" rgba="0.82 0.71 0.55 1" type="mesh" />
      <site name="8_part8_horizontal_radius_site" pos="0.0 0.0 0.0" quat="1 0 0 0" rgba="0 0 0 0" size="0.005328" />
      <site name="8_part8_top_site" pos="0.0 0.0 0.31802833300032" quat="1 0 0 0" rgba="0 0 0 0" size="0.005328" />
      <site name="8_part8_bottom_site" pos="0.0 0.0 -0.31802833300032" quat="1 0 0 0" rgba="0 0 0 0" size="0.005328" />
      <site name="8_part8_corner_site8" pos="-0.00067665623976 0.1110561747912 0.31802833300032" quat="1 0 0 0" rgba="0 0 0 0" size="0.005328" />
      <site name="8_part8_corner_site7" pos="0.00067665623976 0.1110561747912 0.31802833300032" quat="1 0 0 0" rgba="0 0 0 0" size="0.005328" />
      <site name="8_part8_corner_site6" pos="0.00067665623976 -0.1110561747912 0.31802833300032" quat="1 0 0 0" rgba="0 0 0 0" size="0.005328" />
      <site name="8_part8_corner_site5" pos="-0.00067665623976 -0.1110561747912 0.31802833300032" quat="1 0 0 0" rgba="0 0 0 0" size="0.005328" />
      <site name="8_part8_corner_site4" pos="-0.00067665623976 0.1110561747912 -0.31802833300032" quat="1 0 0 0" rgba="0 0 0 0" size="0.005328" />
      <site name="8_part8_corner_site3" pos="0.00067665623976 0.1110561747912 -0.31802833300032" quat="1 0 0 0" rgba="0 0 0 0" size="0.005328" />
      <site name="8_part8_corner_site2" pos="0.00067665623976 -0.1110561747912 -0.31802833300032" quat="1 0 0 0" rgba="0 0 0 0" size="0.005328" />
      <site name="8_part8_corner_site1" pos="-0.00067665623976 -0.1110561747912 -0.31802833300032" quat="1 0 0 0" rgba="0 0 0 0" size="0.005328" />
      <geom density="50" name="noviz_collision_8_part8_0" pos="0.0 -7.992000000000001e-09 0.0" quat="1 0 0 0" rgba="0 0 0 0" size="0.0006766586640000001 0.11105616600000001 0.31802832000000003" solref="0.001 1" type="box" />
      <site name="back-top,0,180,conn_site2" pos="0.0008591426640000002 -0.005633691336000001 0.31532169600000004" quat="1 0 0 0" rgba="0.5686 0.1176 0.7058 0.3" size="0.005328" />
      <site name="back-sideback,0,conn_site1" pos="-0.0015384573360000002 0.10998390600000002 -0.016399584000000005" quat="0.7071067 0 -0.7071068 0" rgba="0.2352 0.7058 0.2941 0.3" size="0.005328" />
    </body>
    <body name="7_part3" pos="-0.0 0.0 0.37757405716416" quat="1 0 0 0">
      <geom conaffinity="0" contype="0" density="0" mesh="part3" name="7_part3_mesh" pos="0.0 0.0 0.0" rgba="0.82 0.71 0.55 1" type="mesh" />
      <site name="7_part3_horizontal_radius_site" pos="-0.0 0.0 5.328000000000001e-11" quat="1 0 0 0" rgba="0 0 0 0" size="0.005328" />
      <site name="7_part3_top_site" pos="0.0 0.0 0.0033832944388800003" quat="1 0 0 0" rgba="0 0 0 0" size="0.005328" />
      <site name="7_part3_bottom_site" pos="0.0 0.0 -0.00338329430568" quat="1 0 0 0" rgba="0 0 0 0" size="0.005328" />
      <site name="7_part3_corner_site8" pos="-0.10674248400000003 0.22245066650016004 0.0033832944388800003" quat="1 0 0 0" rgba="0 0 0 0" size="0.005328" />
      <site name="7_part3_corner_site7" pos="0.10674248400000003 0.22245066650016004 0.0033832944388800003" quat="1 0 0 0" rgba="0 0 0 0" size="0.005328" />
      <site name="7_part3_corner_site6" pos="0.10674248400000003 -0.22245066650016004 0.0033832944388800003" quat="1 0 0 0" rgba="0 0 0 0" size="0.005328" />
      <site name="7_part3_corner_site5" pos="-0.10674248400000003 -0.22245066650016004 0.0033832944388800003" quat="1 0 0 0" rgba="0 0 0 0" size="0.005328" />
      <site name="7_part3_corner_site4" pos="-0.10674248400000003 0.22245066650016004 -0.00338329430568" quat="1 0 0 0" rgba="0 0 0 0" size="0.005328" />
      <site name="7_part3_corner_site3" pos="0.10674248400000003 0.22245066650016004 -0.00338329430568" quat="1 0 0 0" rgba="0 0 0 0" size="0.005328" />
      <site name="7_part3_corner_site2" pos="0.10674248400000003 -0.22245066650016004 -0.00338329430568" quat="1 0 0 0" rgba="0 0 0 0" size="0.005328" />
      <site name="7_part3_corner_site1" pos="-0.10674248400000003 -0.22245066650016004 -0.00338329430568" quat="1 0 0 0" rgba="0 0 0 0" size="0.005328" />
      <geom density="50" name="noviz_collision_7_part3_0" pos="0.0 -1.3320000000000003e-08 -3.1968000000000005e-08" quat="1 0 0 0" rgba="0 0 0 0" size="0.10674248400000003 0.22245066000000002 0.00338326668" solref="0.001 1" type="box" />
      <site name="shelf-wall,0,180,conn_site5" pos="0.0013533120000000002 -0.22255056000000006 -0.0014172666480000004" quat="0.7071067 0.7071068 0 0" rgba="0.9019 0.0980 0.2941 0.3" size="0.005328" />
      <site name="shelf-wall,0,180,conn_site6" pos="0.0013533120000000002 0.22303008000000002 -0.0024295999680000006" quat="0.7071067 -0.7071068 0 0" rgba="0.9019 0.0980 0.2941 0.3" size="0.005328" />
    </body>
    <body name="6_part6" pos="-0.0 0.0 0.25171602680520005" quat="1 0 0 0">
      <geom conaffinity="0" contype="0" density="0" mesh="part2" name="6_part6_mesh" pos="0.0 0.0 0.0" rgba="0.82 0.71 0.55 1" type="mesh" />
      <site name="6_part6_horizontal_radius_site" pos="-0.0 0.0 0.0" quat="1 0 0 0" rgba="0 0 0 0" size="0.005328" />
      <site name="6_part6_top_site" pos="0.0 0.0 0.0033832800000000007" quat="1 0 0 0" rgba="0 0 0 0" size="0.005328" />
      <site name="6_part6_bottom_site" pos="0.0 0.0 -0.0033832800000000007" quat="1 0 0 0" rgba="0 0 0 0" size="0.005328" />
      <site name="6_part6_corner_site8" pos="-0.10674248400000003 0.22245066650016004 0.0033832800000000007" quat="1 0 0 0" rgba="0 0 0 0" size="0.005328" />
      <site name="6_part6_corner_site7" pos="0.10674248400000003 0.22245066650016004 0.0033832800000000007" quat="1 0 0 0" rgba="0 0 0 0" size="0.005328" />
      <site name="6_part6_corner_site6" pos="0.10674248400000003 -0.22245066650016004 0.0033832800000000007" quat="1 0 0 0" rgba="0 0 0 0" size="0.005328" />
      <site name="6_part6_corner_site5" pos="-0.10674248400000003 -0.22245066650016004 0.0033832800000000007" quat="1 0 0 0" rgba="0 0 0 0" size="0.005328" />
      <site name="6_part6_corner_site4" pos="-0.10674248400000003 0.22245066650016004 -0.0033832800000000007" quat="1 0 0 0" rgba="0 0 0 0" size="0.005328" />
      <site name="6_part6_corner_site3" pos="0.10674248400000003 0.22245066650016004 -0.0033832800000000007" quat="1 0 0 0" rgba="0 0 0 0" size="0.005328" />
      <site name="6_part6_corner_site2" pos="0.10674248400000003 -0.22245066650016004 -0.0033832800000000007" quat="1 0 0 0" rgba="0 0 0 0" size="0.005328" />
      <site name="6_part6_corner_site1" pos="-0.10674248400000003 -0.22245066650016004 -0.0033832800000000007" quat="1 0 0 0" rgba="0 0 0 0" size="0.005328" />
      <geom density="50" name="noviz_collision_6_part6_0" pos="0.0 -1.3320000000000003e-08 0.0" quat="1 0 0 0" rgba="0 0 0 0" size="0.10674248400000003 0.22245066000000002 0.003383282664000001" solref="0.001 1" type="box" />
      <site name="shelf-wall,0,180,conn_site7" pos="0.0013533120000000002 -0.22249728000000002 -0.00023443200000000002" quat="0.7071067 0.7071068 0 0" rgba="0.9019 0.0980 0.2941 0.3" size="0.005328" />
      <site name="shelf-wall,0,180,conn_site8" pos="0.0013533120000000002 0.22255056000000006 3.1968e-05" quat="0.7071067 -0.7071068 0 0" rgba="0.9019 0.0980 0.2941 0.3" size="0.005328" />
    </body>
    <body name="5_part5" pos="0.012856460749920001 -0.00338328325008 0.5135819183056801" quat="1 0 0 0">
      <geom conaffinity="0" contype="0" density="0" mesh="part13" name="5_part5_mesh" pos="0.0 0.0 0.0" rgba="0.82 0.71 0.55 1" type="mesh" />
      <site name="5_part5_horizontal_radius_site" pos="0.0 0.0 0.0" quat="1 0 0 0" rgba="0 0 0 0" size="0.005328" />
      <site name="5_part5_top_site" pos="0.0 0.0 0.010149833499840001" quat="1 0 0 0" rgba="0 0 0 0" size="0.005328" />
      <site name="5_part5_bottom_site" pos="0.0 0.0 -0.010149833499840001" quat="1 0 0 0" rgba="0 0 0 0" size="0.005328" />
      <site name="5_part5_corner_site8" pos="-0.12771881674992 0.25290018325008 0.010149833499840001" quat="1 0 0 0" rgba="0 0 0 0" size="0.005328" />
      <site name="5_part5_corner_site7" pos="0.12771881674992 0.25290018325008 0.010149833499840001" quat="1 0 0 0" rgba="0 0 0 0" size="0.005328" />
      <site name="5_part5_corner_site6" pos="0.12771881674992 -0.25290018325008 0.010149833499840001" quat="1 0 0 0" rgba="0 0 0 0" size="0.005328" />
      <site name="5_part5_corner_site5" pos="-0.12771881674992 -0.25290018325008 0.010149833499840001" quat="1 0 0 0" rgba="0 0 0 0" size="0.005328" />
      <site name="5_part5_corner_site4" pos="-0.12771881674992 0.25290018325008 -0.010149833499840001" quat="1 0 0 0" rgba="0 0 0 0" size="0.005328" />
      <site name="5_part5_corner_site3" pos="0.12771881674992 0.25290018325008 -0.010149833499840001" quat="1 0 0 0" rgba="0 0 0 0" size="0.005328" />
      <site name="5_part5_corner_site2" pos="0.12771881674992 -0.25290018325008 -0.010149833499840001" quat="1 0 0 0" rgba="0 0 0 0" size="0.005328" />
      <site name="5_part5_corner_site1" pos="-0.12771881674992 -0.25290018325008 -0.010149833499840001" quat="1 0 0 0" rgba="0 0 0 0" size="0.005328" />
      <geom density="50" name="noviz_collision_5_part5_0" pos="0.002061938664 7.992000000000001e-09 2.4649992000000004e-05" quat="1 0 0 0" rgba="0 0 0 0" size="0.12654 0.2529001800000001 0.010174482000000002" solref="0.001 1" type="box" />
      <site name="topleft-wallleft,0,conn_site1" pos="-0.005074917336000001 -0.2245752 -0.0032127999840000005" quat="1 0 0 0" rgba="1.0 0.8823 0.0980 0.3" size="0.005328" />
      <site name="topright-wallright,0,conn_site2" pos="-0.005074917336000001 0.22939704000000005 -0.0035324986320000003" quat="1 0 0 0" rgba="0.9607 0.5098 0.1921 0.3" size="0.005328" />
      <site name="top-back,0,180,conn_site2" pos="-0.11941646400000001 0.10914408 -0.006089933304000001" quat="1 0 0 0" rgba="0.5686 0.1176 0.7058 0.3" size="0.005328" />
      <site name="top-back,0,180,conn_site1" pos="-0.11835086400000001 -0.09198792 -0.007155533304000001" quat="1 0 0 0" rgba="0.5686 0.1176 0.7058 0.3" size="0.005328" />
    </body>
    <body name="4_part4" pos="0.11689232725008002 -0.21737574650016 0.16848735180552002" quat="1 0 0 0">
      <geom conaffinity="0" contype="0" density="0" mesh="part12" name="4_part4_mesh" pos="0.0 0.0 0.0" rgba="0.82 0.71 0.55 1" type="mesh" />
      <site name="4_part4_horizontal_radius_site" pos="0.0 3.996e-10 -0.0" quat="1 0 0 0" rgba="0 0 0 0" size="0.005328" />
      <site name="4_part4_top_site" pos="0.0 3.996e-10 0.33494473300032007" quat="1 0 0 0" rgba="0 0 0 0" size="0.005328" />
      <site name="4_part4_bottom_site" pos="0.0 3.996e-10 -0.33494473300032007" quat="1 0 0 0" rgba="0 0 0 0" size="0.005328" />
      <site name="4_part4_corner_site8" pos="-0.00338328325008 0.018608040399600005 0.33494473300032007" quat="1 0 0 0" rgba="0 0 0 0" size="0.005328" />
      <site name="4_part4_corner_site7" pos="0.00338328325008 0.018608040399600005 0.33494473300032007" quat="1 0 0 0" rgba="0 0 0 0" size="0.005328" />
      <site name="4_part4_corner_site6" pos="0.00338328325008 -0.0186080396004 0.33494473300032007" quat="1 0 0 0" rgba="0 0 0 0" size="0.005328" />
      <site name="4_part4_corner_site5" pos="-0.00338328325008 -0.0186080396004 0.33494473300032007" quat="1 0 0 0" rgba="0 0 0 0" size="0.005328" />
      <site name="4_part4_corner_site4" pos="-0.00338328325008 0.018608040399600005 -0.33494473300032007" quat="1 0 0 0" rgba="0 0 0 0" size="0.005328" />
      <site name="4_part4_corner_site3" pos="0.00338328325008 0.018608040399600005 -0.33494473300032007" quat="1 0 0 0" rgba="0 0 0 0" size="0.005328" />
      <site name="4_part4_corner_site2" pos="0.00338328325008 -0.0186080396004 -0.33494473300032007" quat="1 0 0 0" rgba="0 0 0 0" size="0.005328" />
      <site name="4_part4_corner_site1" pos="-0.00338328325008 -0.0186080396004 -0.33494473300032007" quat="1 0 0 0" rgba="0 0 0 0" size="0.005328" />
      <geom density="50" name="noviz_collision_4_part4_0" pos="0.0 0.0 -1.5984000000000003e-08" quat="1 0 0 0" rgba="0 0 0 0" size="0.003383282664000001 0.018608034672000003 0.3349447200000001" solref="0.001 1" type="box" />
      <site name="front-wall,0,180,conn_site2" pos="-0.002633366664 -0.009064249344 1.5984000000000003e-08" quat="0.7071067 0 0.7071068 0" rgba="0.2627 0.3882 0.8470 0.3" size="0.005328" />
    </body>
    <body name="3_part3" pos="0.11689232725008002 0.21737573349984005 0.16848735180552002" quat="1 0 0 0">
      <geom conaffinity="0" contype="0" density="0" mesh="part11" name="3_part3_mesh" pos="0.0 0.0 0.0" rgba="0.82 0.71 0.55 1" type="mesh" />
      <site name="3_part3_horizontal_radius_site" pos="0.0 0.0 -0.0" quat="1 0 0 0" rgba="0 0 0 0" size="0.005328" />
      <site name="3_part3_top_site" pos="0.0 0.0 0.33494473300032007" quat="1 0 0 0" rgba="0 0 0 0" size="0.005328" />
      <site name="3_part3_bottom_site" pos="0.0 0.0 -0.33494473300032007" quat="1 0 0 0" rgba="0 0 0 0" size="0.005328" />
      <site name="3_part3_corner_site8" pos="-0.00338328325008 0.018608040000000003 0.33494473300032007" quat="1 0 0 0" rgba="0 0 0 0" size="0.005328" />
      <site name="3_part3_corner_site7" pos="0.00338328325008 0.018608040000000003 0.33494473300032007" quat="1 0 0 0" rgba="0 0 0 0" size="0.005328" />
      <site name="3_part3_corner_site6" pos="0.00338328325008 -0.018608040000000003 0.33494473300032007" quat="1 0 0 0" rgba="0 0 0 0" size="0.005328" />
      <site name="3_part3_corner_site5" pos="-0.00338328325008 -0.018608040000000003 0.33494473300032007" quat="1 0 0 0" rgba="0 0 0 0" size="0.005328" />
      <site name="3_part3_corner_site4" pos="-0.00338328325008 0.018608040000000003 -0.33494473300032007" quat="1 0 0 0" rgba="0 0 0 0" size="0.005328" />
      <site name="3_part3_corner_site3" pos="0.00338328325008 0.018608040000000003 -0.33494473300032007" quat="1 0 0 0" rgba="0 0 0 0" size="0.005328" />
      <site name="3_part3_corner_site2" pos="0.00338328325008 -0.018608040000000003 -0.33494473300032007" quat="1 0 0 0" rgba="0 0 0 0" size="0.005328" />
      <site name="3_part3_corner_site1" pos="-0.00338328325008 -0.018608040000000003 -0.33494473300032007" quat="1 0 0 0" rgba="0 0 0 0" size="0.005328" />
      <geom density="50" name="noviz_collision_3_part3_0" pos="0.0 0.0 -1.5984000000000003e-08" quat="1 0 0 0" rgba="0 0 0 0" size="0.003383282664000001 0.018608034672000003 0.3349447200000001" solref="0.001 1" type="box" />
      <site name="front-wall,0,180,conn_site1" pos="-0.0026866413360000004 0.008265065328 1.5984000000000003e-08" quat="0.7071067 0 0.7071068 0" rgba="0.2627 0.3882 0.8470 0.3" size="0.005328" />
    </body>
    <body name="2_part2" pos="-0.11147907600000001 0.21737573349984005 0.17187061880520002" quat="1 0 0 0">
      <geom conaffinity="0" contype="0" density="0" mesh="part10" name="2_part2_mesh" pos="0.0 0.0 0.0" rgba="0.82 0.71 0.55 1" type="mesh" />
      <site name="2_part2_horizontal_radius_site" pos="0.0 -0.0 0.0" quat="1 0 0 0" rgba="0 0 0 0" size="0.005328" />
      <site name="2_part2_top_site" pos="0.0 0.0 0.338328" quat="1 0 0 0" rgba="0 0 0 0" size="0.005328" />
      <site name="2_part2_bottom_site" pos="0.0 0.0 -0.338328" quat="1 0 0 0" rgba="0 0 0 0" size="0.005328" />
      <site name="2_part2_corner_site8" pos="-0.0033832800000000007 0.018608040000000003 0.338328" quat="1 0 0 0" rgba="0 0 0 0" size="0.005328" />
      <site name="2_part2_corner_site7" pos="0.0033832800000000007 0.018608040000000003 0.338328" quat="1 0 0 0" rgba="0 0 0 0" size="0.005328" />
      <site name="2_part2_corner_site6" pos="0.0033832800000000007 -0.018608040000000003 0.338328" quat="1 0 0 0" rgba="0 0 0 0" size="0.005328" />
      <site name="2_part2_corner_site5" pos="-0.0033832800000000007 -0.018608040000000003 0.338328" quat="1 0 0 0" rgba="0 0 0 0" size="0.005328" />
      <site name="2_part2_corner_site4" pos="-0.0033832800000000007 0.018608040000000003 -0.338328" quat="1 0 0 0" rgba="0 0 0 0" size="0.005328" />
      <site name="2_part2_corner_site3" pos="0.0033832800000000007 0.018608040000000003 -0.338328" quat="1 0 0 0" rgba="0 0 0 0" size="0.005328" />
      <site name="2_part2_corner_site2" pos="0.0033832800000000007 -0.018608040000000003 -0.338328" quat="1 0 0 0" rgba="0 0 0 0" size="0.005328" />
      <site name="2_part2_corner_site1" pos="-0.0033832800000000007 -0.018608040000000003 -0.338328" quat="1 0 0 0" rgba="0 0 0 0" size="0.005328" />
      <geom density="50" name="noviz_collision_2_part2_0" pos="0.0 0.0 0.0" quat="1 0 0 0" rgba="0 0 0 0" size="0.003383282664000001 0.018608034672000003 0.338328" solref="0.001 1" type="box" />
      <site name="sideback-back,0,conn_site1" pos="0.002521476 0.004002665328 0.0039000986640000007" quat="0.7071067 0 -0.7071068 0" rgba="0.2352 0.7058 0.2941 0.3" size="0.005328" />
    </body>
    <body name="1_part1" pos="-0.0 0.0 0.1258580108052" quat="1 0 0 0">
      <geom conaffinity="0" contype="0" density="0" mesh="part1" name="1_part1_mesh" pos="0.0 0.0 0.0" rgba="0.82 0.71 0.55 1" type="mesh" />
      <site name="1_part1_horizontal_radius_site" pos="-0.0 0.0 0.0" quat="1 0 0 0" rgba="0 0 0 0" size="0.005328" />
      <site name="1_part1_top_site" pos="0.0 0.0 0.0033832800000000007" quat="1 0 0 0" rgba="0 0 0 0" size="0.005328" />
      <site name="1_part1_bottom_site" pos="0.0 0.0 -0.0033832800000000007" quat="1 0 0 0" rgba="0 0 0 0" size="0.005328" />
      <site name="1_part1_corner_site8" pos="-0.10674248400000003 0.22245066650016004 0.0033832800000000007" quat="1 0 0 0" rgba="0 0 0 0" size="0.005328" />
      <site name="1_part1_corner_site7" pos="0.10674248400000003 0.22245066650016004 0.0033832800000000007" quat="1 0 0 0" rgba="0 0 0 0" size="0.005328" />
      <site name="1_part1_corner_site6" pos="0.10674248400000003 -0.22245066650016004 0.0033832800000000007" quat="1 0 0 0" rgba="0 0 0 0" size="0.005328" />
      <site name="1_part1_corner_site5" pos="-0.10674248400000003 -0.22245066650016004 0.0033832800000000007" quat="1 0 0 0" rgba="0 0 0 0" size="0.005328" />
      <site name="1_part1_corner_site4" pos="-0.10674248400000003 0.22245066650016004 -0.0033832800000000007" quat="1 0 0 0" rgba="0 0 0 0" size="0.005328" />
      <site name="1_part1_corner_site3" pos="0.10674248400000003 0.22245066650016004 -0.0033832800000000007" quat="1 0 0 0" rgba="0 0 0 0" size="0.005328" />
      <site name="1_part1_corner_site2" pos="0.10674248400000003 -0.22245066650016004 -0.0033832800000000007" quat="1 0 0 0" rgba="0 0 0 0" size="0.005328" />
      <site name="1_part1_corner_site1" pos="-0.10674248400000003 -0.22245066650016004 -0.0033832800000000007" quat="1 0 0 0" rgba="0 0 0 0" size="0.005328" />
      <geom density="50" name="noviz_collision_1_part1_0" pos="0.0 -1.3320000000000003e-08 0.0" quat="1 0 0 0" rgba="0 0 0 0" size="0.10674248400000003 0.22245066000000002 0.0033832746720000003" solref="0.001 1" type="box" />
      <site name="shelf-wall,0,180,conn_site9" pos="0.0013533120000000002 -0.22255056000000006 -0.0003836080080000001" quat="0.7071067 0.7071068 0 0" rgba="0.9019 0.0980 0.2941 0.3" size="0.005328" />
      <site name="shelf-wall,0,180,conn_site10" pos="0.0013533120000000002 0.22223088000000005 -0.000543450672" quat="0.7071067 -0.7071068 0 0" rgba="0.9019 0.0980 0.2941 0.3" size="0.005328" />
    </body>
  </worldbody>
<actuator /><sensor /><contact /><default /></mujoco>