<mujoco model="bookcase_expedit_0374">
  <custom>
    <numeric data="0.22421 -0.201384 0.002573 0.707107 -0.707107 0.000151 -0.000151" name="0_part0_initpos" />
    <numeric data="0.214992 0.004814 0.00247 0.707046 0.707046 -0.00929 -0.00929" name="6_part6_initpos" />
    <numeric data="-0.005844 -0.11863 0.00247 0.999429 -0.0 -0.0 0.033777" name="5_part5_initpos" />
    <numeric data="0.220817 0.28772 0.00497 -0.000978 -0.000978 -0.707106 -0.707106" name="4_part4_initpos" />
    <numeric data="-0.252329 0.285712 0.004955 0.707107 -0.707107 -7e-06 7e-06" name="3_part3_initpos" />
    <numeric data="-0.254771 -0.120552 0.004956 -0.0 0.0 -1.0 0.0" name="2_part2_initpos" />
    <numeric data="-0.001746 0.289743 0.00497 0.999611 0.0 -0.0 -0.027883" name="1_part1_initpos" />
  </custom>
  <asset>
    <mesh file="bookcase_expedit_0374/0.stl" name="part0" scale="0.01 0.01 0.01" />
    <mesh file="bookcase_expedit_0374/6.stl" name="part6" scale="0.01 0.01 0.01" />
    <mesh file="bookcase_expedit_0374/5.stl" name="part5" scale="0.01 0.01 0.01" />
    <mesh file="bookcase_expedit_0374/4.stl" name="part4" scale="0.01 0.01 0.01" />
    <mesh file="bookcase_expedit_0374/3.stl" name="part3" scale="0.01 0.01 0.01" />
    <mesh file="bookcase_expedit_0374/2.stl" name="part2" scale="0.01 0.01 0.01" />
    <mesh file="bookcase_expedit_0374/1.stl" name="part1" scale="0.01 0.01 0.01" />
  </asset>
  <equality>
    <weld active="false" body1="3_part3" body2="2_part2" solimp="1 1 0.5" solref="0.01 0.3" />
    <weld active="false" body1="3_part3" body2="1_part1" solimp="1 1 0.5" solref="0.01 0.3" />
    <weld active="false" body1="4_part4" body2="2_part2" solimp="1 1 0.5" solref="0.01 0.3" />
    <weld active="false" body1="4_part4" body2="1_part1" solimp="1 1 0.5" solref="0.01 0.3" />
    <weld active="false" body1="0_part0" body2="2_part2" solimp="1 1 0.5" solref="0.01 0.3" />
    <weld active="false" body1="0_part0" body2="1_part1" solimp="1 1 0.5" solref="0.01 0.3" />
    <weld active="false" body1="5_part5" body2="3_part3" solimp="1 1 0.5" solref="0.01 0.3" />
    <weld active="false" body1="5_part5" body2="4_part4" solimp="1 1 0.5" solref="0.01 0.3" />
    <weld active="false" body1="5_part5" body2="0_part0" solimp="1 1 0.5" solref="0.01 0.3" />
    <weld active="false" body1="6_part6" body2="5_part5" solimp="1 1 0.5" solref="0.01 0.3" />
    <weld active="false" body1="0_part0" body2="5_part5" solimp="1 1 0.5" solref="0.01 0.3" />
    <weld active="false" body1="6_part6" body2="2_part2" solimp="1 1 0.5" solref="0.01 0.3" />
    <weld active="false" body1="6_part6" body2="1_part1" solimp="1 1 0.5" solref="0.01 0.3" />
    <weld active="false" body1="0_part0" body2="2_part2" solimp="1 1 0.5" solref="0.01 0.3" />
    <weld active="false" body1="0_part0" body2="1_part1" solimp="1 1 0.5" solref="0.01 0.3" />
  </equality>
  <worldbody>
    <body name="0_part0" pos="1e-09 -0.0 0.0" quat="1 0 0 0">
      <geom conaffinity="0" contype="0" density="0" mesh="part0" name="0_part0_mesh" pos="0.0 0.0 0.0" rgba="0.82 0.71 0.55 1" type="mesh" />
      <site name="0_part0_horizontal_radius_site" pos="1e-09 -0.0 0.0" quat="1 0 0 0" rgba="0 0 0 0" size="0.01" />
      <site name="0_part0_top_site" pos="0.0 0.0 0.07375" quat="1 0 0 0" rgba="0 0 0 0" size="0.01" />
      <site name="0_part0_bottom_site" pos="0.0 0.0 -0.07375" quat="1 0 0 0" rgba="0 0 0 0" size="0.01" />
      <site name="0_part0_corner_site8" pos="-0.085 0.0025000020000000003 0.07375" quat="1 0 0 0" rgba="0 0 0 0" size="0.01" />
      <site name="0_part0_corner_site7" pos="0.08500000099999999 0.0025000020000000003 0.07375" quat="1 0 0 0" rgba="0 0 0 0" size="0.01" />
      <site name="0_part0_corner_site6" pos="0.08500000099999999 -0.0025000020000000003 0.07375" quat="1 0 0 0" rgba="0 0 0 0" size="0.01" />
      <site name="0_part0_corner_site5" pos="-0.085 -0.0025000020000000003 0.07375" quat="1 0 0 0" rgba="0 0 0 0" size="0.01" />
      <site name="0_part0_corner_site4" pos="-0.085 0.0025000020000000003 -0.07375" quat="1 0 0 0" rgba="0 0 0 0" size="0.01" />
      <site name="0_part0_corner_site3" pos="0.08500000099999999 0.0025000020000000003 -0.07375" quat="1 0 0 0" rgba="0 0 0 0" size="0.01" />
      <site name="0_part0_corner_site2" pos="0.08500000099999999 -0.0025000020000000003 -0.07375" quat="1 0 0 0" rgba="0 0 0 0" size="0.01" />
      <site name="0_part0_corner_site1" pos="-0.085 -0.0025000020000000003 -0.07375" quat="1 0 0 0" rgba="0 0 0 0" size="0.01" />
      <site name="sidepanel-mainpanel,0,180,conn_site1" pos="0.0 0.0 -0.07375" quat="0 0 1 0" rgba="0.9019 0.0980 0.2941 0.3" size="0.01" />
      <site name="centsupport-centpanel,0,180,conn_site1" pos="0.0 0.0 0.07375" quat="0 0 1 0" rgba="0.2352 0.7058 0.2941 0.3" size="0.01" />
      <geom density="50" name="noviz_collision_0_part0_0" pos="0.0 0.0 -0.0008287" quat="1 0 0 0" rgba="0 0 0 0" size="0.085 0.0025 0.07292130000000001" solref="0.001 1" type="box" />
    </body>
    <body name="6_part6" pos="1e-09 -0.0 0.1525" quat="1 0 0 0">
      <geom conaffinity="0" contype="0" density="0" mesh="part6" name="6_part6_mesh" pos="0.0 0.0 0.0" rgba="0.82 0.71 0.55 1" type="mesh" />
      <site name="6_part6_horizontal_radius_site" pos="1e-09 -0.0 -0.0" quat="1 0 0 0" rgba="0 0 0 0" size="0.01" />
      <site name="6_part6_top_site" pos="0.0 0.0 0.07375" quat="1 0 0 0" rgba="0 0 0 0" size="0.01" />
      <site name="6_part6_bottom_site" pos="0.0 0.0 -0.07375" quat="1 0 0 0" rgba="0 0 0 0" size="0.01" />
      <site name="6_part6_corner_site8" pos="-0.085 0.0025000020000000003 0.07375" quat="1 0 0 0" rgba="0 0 0 0" size="0.01" />
      <site name="6_part6_corner_site7" pos="0.08500000099999999 0.0025000020000000003 0.07375" quat="1 0 0 0" rgba="0 0 0 0" size="0.01" />
      <site name="6_part6_corner_site6" pos="0.08500000099999999 -0.0025000020000000003 0.07375" quat="1 0 0 0" rgba="0 0 0 0" size="0.01" />
      <site name="6_part6_corner_site5" pos="-0.085 -0.0025000020000000003 0.07375" quat="1 0 0 0" rgba="0 0 0 0" size="0.01" />
      <site name="6_part6_corner_site4" pos="-0.085 0.0025000020000000003 -0.07375" quat="1 0 0 0" rgba="0 0 0 0" size="0.01" />
      <site name="6_part6_corner_site3" pos="0.08500000099999999 0.0025000020000000003 -0.07375" quat="1 0 0 0" rgba="0 0 0 0" size="0.01" />
      <site name="6_part6_corner_site2" pos="0.08500000099999999 -0.0025000020000000003 -0.07375" quat="1 0 0 0" rgba="0 0 0 0" size="0.01" />
      <site name="6_part6_corner_site1" pos="-0.085 -0.0025000020000000003 -0.07375" quat="1 0 0 0" rgba="0 0 0 0" size="0.01" />
      <site name="centsupport-mainpanel,0,180,conn_site1" pos="0.0 0.0 0.07375" quat="1 0 0 0" rgba="1.0 0.8823 0.0980 0.3" size="0.01" />
      <site name="centsupport-centpanel,0,180,conn_site2" pos="0.0 0.0 -0.07375" quat="1 0 0 0" rgba="0.2352 0.7058 0.2941 0.3" size="0.01" />
      <geom density="50" name="noviz_collision_6_part6_0" pos="0.0 0.0 0.0008287" quat="1 0 0 0" rgba="0 0 0 0" size="0.085 0.0025 0.0745787" solref="0.001 1" type="box" />
    </body>
    <body name="5_part5" pos="1e-09 0.0 0.076249999" quat="1 0 0 0">
      <geom conaffinity="0" contype="0" density="0" mesh="part5" name="5_part5_mesh" pos="0.0 0.0 0.0" rgba="0.82 0.71 0.55 1" type="mesh" />
      <site name="5_part5_horizontal_radius_site" pos="1e-09 -0.0 -0.0" quat="1 0 0 0" rgba="0 0 0 0" size="0.01" />
      <site name="5_part5_top_site" pos="0.0 -0.0 0.002500001" quat="1 0 0 0" rgba="0 0 0 0" size="0.01" />
      <site name="5_part5_bottom_site" pos="0.0 -0.0 -0.002500001" quat="1 0 0 0" rgba="0 0 0 0" size="0.01" />
      <site name="5_part5_corner_site8" pos="-0.085 0.15 0.002500001" quat="1 0 0 0" rgba="0 0 0 0" size="0.01" />
      <site name="5_part5_corner_site7" pos="0.08500000099999999 0.15 0.002500001" quat="1 0 0 0" rgba="0 0 0 0" size="0.01" />
      <site name="5_part5_corner_site6" pos="0.08500000099999999 -0.150000001 0.002500001" quat="1 0 0 0" rgba="0 0 0 0" size="0.01" />
      <site name="5_part5_corner_site5" pos="-0.085 -0.150000001 0.002500001" quat="1 0 0 0" rgba="0 0 0 0" size="0.01" />
      <site name="5_part5_corner_site4" pos="-0.085 0.15 -0.002500001" quat="1 0 0 0" rgba="0 0 0 0" size="0.01" />
      <site name="5_part5_corner_site3" pos="0.08500000099999999 0.15 -0.002500001" quat="1 0 0 0" rgba="0 0 0 0" size="0.01" />
      <site name="5_part5_corner_site2" pos="0.08500000099999999 -0.150000001 -0.002500001" quat="1 0 0 0" rgba="0 0 0 0" size="0.01" />
      <site name="5_part5_corner_site1" pos="-0.085 -0.150000001 -0.002500001" quat="1 0 0 0" rgba="0 0 0 0" size="0.01" />
      <site name="centpanel-sidepanel,0,180,conn_site2" pos="0.0 -0.1499 -0.00105" quat="0.7071067 0.7071068 0 0" rgba="0.2627 0.3882 0.8470 0.3" size="0.01" />
      <site name="centpanel-sidepanel,0,180,conn_site1" pos="0.0 0.15050000000000002 -0.00185" quat="0.7071067 -0.7071068 0 0" rgba="0.2627 0.3882 0.8470 0.3" size="0.01" />
      <site name="centpanel-centsupport,0,180,conn_site2" pos="0.0 0.0 0.0025" quat="1 0 0 0" rgba="0.2352 0.7058 0.2941 0.3" size="0.01" />
      <site name="centpanel-centsupport,0,180,conn_site1" pos="0.0 0.0 -0.0025" quat="0 0 1 0" rgba="0.2352 0.7058 0.2941 0.3" size="0.01" />
      <geom density="50" name="noviz_collision_5_part5_0" pos="0.0 0.0 0.0" quat="1 0 0 0" rgba="0 0 0 0" size="0.085 0.15 0.0025" solref="0.001 1" type="box" />
    </body>
    <body name="4_part4" pos="1e-09 -0.155000002 0.07625" quat="1 0 0 0">
      <geom conaffinity="0" contype="0" density="0" mesh="part4" name="4_part4_mesh" pos="0.0 0.0 0.0" rgba="0.82 0.71 0.55 1" type="mesh" />
      <site name="4_part4_horizontal_radius_site" pos="1e-09 -0.0 0.0" quat="1 0 0 0" rgba="0 0 0 0" size="0.01" />
      <site name="4_part4_top_site" pos="0.0 -0.0 0.15" quat="1 0 0 0" rgba="0 0 0 0" size="0.01" />
      <site name="4_part4_bottom_site" pos="0.0 -0.0 -0.15" quat="1 0 0 0" rgba="0 0 0 0" size="0.01" />
      <site name="4_part4_corner_site8" pos="-0.085 0.005 0.15" quat="1 0 0 0" rgba="0 0 0 0" size="0.01" />
      <site name="4_part4_corner_site7" pos="0.08500000099999999 0.005 0.15" quat="1 0 0 0" rgba="0 0 0 0" size="0.01" />
      <site name="4_part4_corner_site6" pos="0.08500000099999999 -0.005000001 0.15" quat="1 0 0 0" rgba="0 0 0 0" size="0.01" />
      <site name="4_part4_corner_site5" pos="-0.085 -0.005000001 0.15" quat="1 0 0 0" rgba="0 0 0 0" size="0.01" />
      <site name="4_part4_corner_site4" pos="-0.085 0.005 -0.15" quat="1 0 0 0" rgba="0 0 0 0" size="0.01" />
      <site name="4_part4_corner_site3" pos="0.08500000099999999 0.005 -0.15" quat="1 0 0 0" rgba="0 0 0 0" size="0.01" />
      <site name="4_part4_corner_site2" pos="0.08500000099999999 -0.005000001 -0.15" quat="1 0 0 0" rgba="0 0 0 0" size="0.01" />
      <site name="4_part4_corner_site1" pos="-0.085 -0.005000001 -0.15" quat="1 0 0 0" rgba="0 0 0 0" size="0.01" />
      <site name="sidepanel-mainpanel,0,180,conn_site5" pos="0.0 -0.0011 0.15" quat="1 0 0 0" rgba="0.9019 0.0980 0.2941 0.3" size="0.01" />
      <site name="sidepanel-mainpanel,0,180,conn_site3" pos="0.0 -0.0021 -0.15" quat="0 0 1 0" rgba="0.9019 0.0980 0.2941 0.3" size="0.01" />
      <site name="sidepanel-centpanel,0,180,conn_site2" pos="0.0 0.0051 -0.00105" quat="0.7071067 0.7071068 0 0" rgba="0.2627 0.3882 0.8470 0.3" size="0.01" />
      <geom density="50" name="noviz_collision_4_part4_0" pos="0.0 7.5e-06 0.0" quat="1 0 0 0" rgba="0 0 0 0" size="0.085 0.005007500000000001 0.15" solref="0.001 1" type="box" />
    </body>
    <body name="3_part3" pos="1e-09 0.155 0.07625" quat="1 0 0 0">
      <geom conaffinity="0" contype="0" density="0" mesh="part3" name="3_part3_mesh" pos="0.0 0.0 0.0" rgba="0.82 0.71 0.55 1" type="mesh" />
      <site name="3_part3_horizontal_radius_site" pos="1e-09 -0.0 0.0" quat="1 0 0 0" rgba="0 0 0 0" size="0.01" />
      <site name="3_part3_top_site" pos="0.0 0.0 0.15" quat="1 0 0 0" rgba="0 0 0 0" size="0.01" />
      <site name="3_part3_bottom_site" pos="0.0 0.0 -0.15" quat="1 0 0 0" rgba="0 0 0 0" size="0.01" />
      <site name="3_part3_corner_site8" pos="-0.085 0.005000002 0.15" quat="1 0 0 0" rgba="0 0 0 0" size="0.01" />
      <site name="3_part3_corner_site7" pos="0.08500000099999999 0.005000002 0.15" quat="1 0 0 0" rgba="0 0 0 0" size="0.01" />
      <site name="3_part3_corner_site6" pos="0.08500000099999999 -0.005000002 0.15" quat="1 0 0 0" rgba="0 0 0 0" size="0.01" />
      <site name="3_part3_corner_site5" pos="-0.085 -0.005000002 0.15" quat="1 0 0 0" rgba="0 0 0 0" size="0.01" />
      <site name="3_part3_corner_site4" pos="-0.085 0.005000002 -0.15" quat="1 0 0 0" rgba="0 0 0 0" size="0.01" />
      <site name="3_part3_corner_site3" pos="0.08500000099999999 0.005000002 -0.15" quat="1 0 0 0" rgba="0 0 0 0" size="0.01" />
      <site name="3_part3_corner_site2" pos="0.08500000099999999 -0.005000002 -0.15" quat="1 0 0 0" rgba="0 0 0 0" size="0.01" />
      <site name="3_part3_corner_site1" pos="-0.085 -0.005000002 -0.15" quat="1 0 0 0" rgba="0 0 0 0" size="0.01" />
      <site name="sidepanel-mainpanel,0,180,conn_site4" pos="0.0 0.0016 0.15" quat="1 0 0 0" rgba="0.9019 0.0980 0.2941 0.3" size="0.01" />
      <site name="sidepanel-mainpanel,0,180,conn_site2" pos="0.0 0.0004 -0.15" quat="0 0 1 0" rgba="0.9019 0.0980 0.2941 0.3" size="0.01" />
      <site name="sidepanel-centpanel,0,180,conn_site1" pos="0.0 -0.0045000000000000005 -0.00185" quat="0.7071067 -0.7071068 0 0" rgba="0.2627 0.3882 0.8470 0.3" size="0.01" />
      <geom density="50" name="noviz_collision_3_part3_0" pos="0.0 -7.5e-06 0.0" quat="1 0 0 0" rgba="0 0 0 0" size="0.085 0.0049925 0.15" solref="0.001 1" type="box" />
    </body>
    <body name="2_part2" pos="1e-09 -1e-09 0.23125" quat="1 0 0 0">
      <geom conaffinity="0" contype="0" density="0" mesh="part2" name="2_part2_mesh" pos="0.0 0.0 0.0" rgba="0.82 0.71 0.55 1" type="mesh" />
      <site name="2_part2_horizontal_radius_site" pos="1e-09 -1e-09 0.0" quat="1 0 0 0" rgba="0 0 0 0" size="0.01" />
      <site name="2_part2_top_site" pos="0.0 -1e-09 0.005" quat="1 0 0 0" rgba="0 0 0 0" size="0.01" />
      <site name="2_part2_bottom_site" pos="0.0 -1e-09 -0.005" quat="1 0 0 0" rgba="0 0 0 0" size="0.01" />
      <site name="2_part2_corner_site8" pos="-0.085 0.16 0.005" quat="1 0 0 0" rgba="0 0 0 0" size="0.01" />
      <site name="2_part2_corner_site7" pos="0.08500000099999999 0.16 0.005" quat="1 0 0 0" rgba="0 0 0 0" size="0.01" />
      <site name="2_part2_corner_site6" pos="0.08500000099999999 -0.160000001 0.005" quat="1 0 0 0" rgba="0 0 0 0" size="0.01" />
      <site name="2_part2_corner_site5" pos="-0.085 -0.160000001 0.005" quat="1 0 0 0" rgba="0 0 0 0" size="0.01" />
      <site name="2_part2_corner_site4" pos="-0.085 0.16 -0.005" quat="1 0 0 0" rgba="0 0 0 0" size="0.01" />
      <site name="2_part2_corner_site3" pos="0.08500000099999999 0.16 -0.005" quat="1 0 0 0" rgba="0 0 0 0" size="0.01" />
      <site name="2_part2_corner_site2" pos="0.08500000099999999 -0.160000001 -0.005" quat="1 0 0 0" rgba="0 0 0 0" size="0.01" />
      <site name="2_part2_corner_site1" pos="-0.085 -0.160000001 -0.005" quat="1 0 0 0" rgba="0 0 0 0" size="0.01" />
      <site name="mainpanel-sidepanel,0,180,conn_site5" pos="0.0 -0.1561 -0.005" quat="1 0 0 0" rgba="0.9019 0.0980 0.2941 0.3" size="0.01" />
      <site name="mainpanel-sidepanel,0,180,conn_site4" pos="0.0 0.15660000000000002 -0.005" quat="1 0 0 0" rgba="0.9019 0.0980 0.2941 0.3" size="0.01" />
      <site name="mainpanel-centsupport,0,180,conn_site1" pos="0.0 0.0 -0.005" quat="1 0 0 0" rgba="1.0 0.8823 0.0980 0.3" size="0.01" />
      <geom density="50" name="noviz_collision_2_part2_0" pos="0.0 0.0 -6.9e-06" quat="1 0 0 0" rgba="0 0 0 0" size="0.085 0.16 0.0049930999999999994" solref="0.001 1" type="box" />
    </body>
    <body name="1_part1" pos="1e-09 -1e-09 -0.07875" quat="1 0 0 0">
      <geom conaffinity="0" contype="0" density="0" mesh="part1" name="1_part1_mesh" pos="0.0 0.0 0.0" rgba="0.82 0.71 0.55 1" type="mesh" />
      <site name="1_part1_horizontal_radius_site" pos="1e-09 -1e-09 0.0" quat="1 0 0 0" rgba="0 0 0 0" size="0.01" />
      <site name="1_part1_top_site" pos="0.0 -1e-09 0.005" quat="1 0 0 0" rgba="0 0 0 0" size="0.01" />
      <site name="1_part1_bottom_site" pos="0.0 -1e-09 -0.005" quat="1 0 0 0" rgba="0 0 0 0" size="0.01" />
      <site name="1_part1_corner_site8" pos="-0.085 0.16 0.005" quat="1 0 0 0" rgba="0 0 0 0" size="0.01" />
      <site name="1_part1_corner_site7" pos="0.08500000099999999 0.16 0.005" quat="1 0 0 0" rgba="0 0 0 0" size="0.01" />
      <site name="1_part1_corner_site6" pos="0.08500000099999999 -0.160000001 0.005" quat="1 0 0 0" rgba="0 0 0 0" size="0.01" />
      <site name="1_part1_corner_site5" pos="-0.085 -0.160000001 0.005" quat="1 0 0 0" rgba="0 0 0 0" size="0.01" />
      <site name="1_part1_corner_site4" pos="-0.085 0.16 -0.005" quat="1 0 0 0" rgba="0 0 0 0" size="0.01" />
      <site name="1_part1_corner_site3" pos="0.08500000099999999 0.16 -0.005" quat="1 0 0 0" rgba="0 0 0 0" size="0.01" />
      <site name="1_part1_corner_site2" pos="0.08500000099999999 -0.160000001 -0.005" quat="1 0 0 0" rgba="0 0 0 0" size="0.01" />
      <site name="1_part1_corner_site1" pos="-0.085 -0.160000001 -0.005" quat="1 0 0 0" rgba="0 0 0 0" size="0.01" />
      <site name="mainpanel-sidepanel,0,180,conn_site3" pos="0.0 -0.15710000000000002 0.005" quat="0 0 1 0" rgba="0.9019 0.0980 0.2941 0.3" size="0.01" />
      <site name="mainpanel-sidepanel,0,180,conn_site2" pos="0.0 0.15539999999999998 0.005" quat="0 0 1 0" rgba="0.9019 0.0980 0.2941 0.3" size="0.01" />
      <site name="mainpanel-sidepanel,0,180,conn_site1" pos="0.0 0.0 0.005" quat="0 0 1 0" rgba="0.9019 0.0980 0.2941 0.3" size="0.01" />
      <geom density="50" name="noviz_collision_1_part1_0" pos="0.0 0.0 6.9e-06" quat="1 0 0 0" rgba="0 0 0 0" size="0.085 0.16 0.0050069" solref="0.001 1" type="box" />
    </body>
  </worldbody>
  <actuator />
  <sensor />
  <contact />
  <default />
</mujoco>
