<mujoco model="bookcase_besta_0165">
  <custom>
    <numeric data="-0.195705 0.029558 0.007606 0.48465 -0.51491 -0.484241 -0.515259" name="0_part0_initpos" />
    <numeric data="-0.002543 0.202942 0.005304 1.0 0.0 0.0 0.000142" name="8_part8_initpos" />
    <numeric data="0.211164 -0.212496 0.005304 0.0 -0.999534 -0.030518 0.0" name="7_part7_initpos" />
    <numeric data="0.341642 0.088378 0.001037 0.707107 -0.707107 1.1e-05 -1.1e-05" name="6_part6_initpos" />
    <numeric data="0.189434 0.342267 0.002633 0.999797 -0.0 -0.0 -0.020168" name="5_part5_initpos" />
    <numeric data="0.182365 0.016163 0.002633 1.0 0.0 0.0 0.000421" name="4_part4_initpos" />
    <numeric data="0.182186 0.158303 0.002633 1.0 0.0 0.0 0.0" name="3_part3_initpos" />
    <numeric data="0.196062 -0.077061 0.002641 1.0 0.0 0.0 0.0" name="2_part2_initpos" />
    <numeric data="-0.365249 0.064085 0.002599 0.48465 -0.51491 -0.484241 -0.515259" name="1_part1_initpos" />
  </custom>
  <asset>
    <mesh file="bookcase_besta_0165/0.stl" name="part0" scale="0.00042 0.00042 0.00042" />
    <mesh file="bookcase_besta_0165/8.stl" name="part8" scale="0.00042 0.00042 0.00042" />
    <mesh file="bookcase_besta_0165/7.stl" name="part7" scale="0.00042 0.00042 0.00042" />
    <mesh file="bookcase_besta_0165/6.stl" name="part6" scale="0.00042 0.00042 0.00042" />
    <mesh file="bookcase_besta_0165/5.stl" name="part5" scale="0.00042 0.00042 0.00042" />
    <mesh file="bookcase_besta_0165/4.stl" name="part4" scale="0.00042 0.00042 0.00042" />
    <mesh file="bookcase_besta_0165/3.stl" name="part3" scale="0.00042 0.00042 0.00042" />
    <mesh file="bookcase_besta_0165/2.stl" name="part2" scale="0.00042 0.00042 0.00042" />
    <mesh file="bookcase_besta_0165/1.stl" name="part1" scale="0.00042 0.00042 0.00042" />
  </asset>
  <equality>
    <weld active="false" body1="7_part7" body2="1_part1" solimp="1 1 0.5" solref="0.01 0.3" />
    <weld active="false" body1="6_part6" body2="5_part5" solimp="1 1 0.5" solref="0.01 0.3" />
    <weld active="false" body1="6_part6" body2="4_part4" solimp="1 1 0.5" solref="0.01 0.3" />
    <weld active="false" body1="6_part6" body2="2_part2" solimp="1 1 0.5" solref="0.01 0.3" />
    <weld active="false" body1="8_part8" body2="6_part6" solimp="1 1 0.5" solref="0.01 0.3" />
    <weld active="false" body1="0_part0" body2="7_part7" solimp="1 1 0.5" solref="0.01 0.3" />
    <weld active="false" body1="8_part8" body2="6_part6" solimp="1 1 0.5" solref="0.01 0.3" />
    <weld active="false" body1="8_part8" body2="1_part1" solimp="1 1 0.5" solref="0.01 0.3" />
    <weld active="false" body1="6_part6" body2="5_part5" solimp="1 1 0.5" solref="0.01 0.3" />
    <weld active="false" body1="6_part6" body2="2_part2" solimp="1 1 0.5" solref="0.01 0.3" />
    <weld active="false" body1="7_part7" body2="6_part6" solimp="1 1 0.5" solref="0.01 0.3" />
    <weld active="false" body1="6_part6" body2="3_part3" solimp="1 1 0.5" solref="0.01 0.3" />
    <weld active="false" body1="7_part7" body2="6_part6" solimp="1 1 0.5" solref="0.01 0.3" />
    <weld active="false" body1="0_part0" body2="8_part8" solimp="1 1 0.5" solref="0.01 0.3" />
    <weld active="false" body1="6_part6" body2="4_part4" solimp="1 1 0.5" solref="0.01 0.3" />
    <weld active="false" body1="0_part0" body2="8_part8" solimp="1 1 0.5" solref="0.01 0.3" />
    <weld active="false" body1="1_part1" body2="8_part8" solimp="1 1 0.5" solref="0.01 0.3" />
  </equality>
  <worldbody>
    <body name="0_part0" pos="0.0 -0.0 -0.0" quat="1 0 0 0">
      <geom conaffinity="0" contype="0" density="0" mesh="part0" name="0_part0_mesh" pos="0.0 0.0 0.0" rgba="0.82 0.71 0.55 1" type="mesh" />
      <site name="0_part0_horizontal_radius_site" pos="0.0 -0.0 -0.0" quat="1 0 0 0" rgba="0 0 0 0" size="0.0084" />
      <site name="0_part0_top_site" pos="0.0 0.0 0.39471599999999996" quat="1 0 0 0" rgba="0 0 0 0" size="0.0084" />
      <site name="0_part0_bottom_site" pos="0.0 0.0 -0.39471599999999996" quat="1 0 0 0" rgba="0 0 0 0" size="0.0084" />
      <site name="0_part0_corner_site8" pos="-0.0026669999999999997 0.042671999999999995 0.39471599999999996" quat="1 0 0 0" rgba="0 0 0 0" size="0.0084" />
      <site name="0_part0_corner_site7" pos="0.0026669999999999997 0.042671999999999995 0.39471599999999996" quat="1 0 0 0" rgba="0 0 0 0" size="0.0084" />
      <site name="0_part0_corner_site6" pos="0.0026669999999999997 -0.042671999999999995 0.39471599999999996" quat="1 0 0 0" rgba="0 0 0 0" size="0.0084" />
      <site name="0_part0_corner_site5" pos="-0.0026669999999999997 -0.042671999999999995 0.39471599999999996" quat="1 0 0 0" rgba="0 0 0 0" size="0.0084" />
      <site name="0_part0_corner_site4" pos="-0.0026669999999999997 0.042671999999999995 -0.39471599999999996" quat="1 0 0 0" rgba="0 0 0 0" size="0.0084" />
      <site name="0_part0_corner_site3" pos="0.0026669999999999997 0.042671999999999995 -0.39471599999999996" quat="1 0 0 0" rgba="0 0 0 0" size="0.0084" />
      <site name="0_part0_corner_site2" pos="0.0026669999999999997 -0.042671999999999995 -0.39471599999999996" quat="1 0 0 0" rgba="0 0 0 0" size="0.0084" />
      <site name="0_part0_corner_site1" pos="-0.0026669999999999997 -0.042671999999999995 -0.39471599999999996" quat="1 0 0 0" rgba="0 0 0 0" size="0.0084" />
      <site name="wall-top,0,180,conn_site2" pos="-0.0004116 0.0 0.394212" quat="1 0 0 0" rgba="0.9019 0.0980 0.2941 0.3" size="0.0084" />
      <geom density="50" name="noviz_collision_0_part0_0" pos="0.0001428 0.0 0.0018732000000000002" quat="1 0 0 0" rgba="0 0 0 0" size="0.002814 0.042671999999999995 0.3965892" solref="0.001 1" type="box" />
    </body>
    <body name="8_part8" pos="0.06134100000000001 -0.0 0.400049991684" quat="1 0 0 0">
      <geom conaffinity="0" contype="0" density="0" mesh="part8" name="8_part8_mesh" pos="0.0 0.0 0.0" rgba="0.82 0.71 0.55 1" type="mesh" />
      <site name="8_part8_horizontal_radius_site" pos="0.0 -0.0 -0.0" quat="1 0 0 0" rgba="0 0 0 0" size="0.0084" />
      <site name="8_part8_top_site" pos="0.0 0.0 0.005334008316" quat="1 0 0 0" rgba="0 0 0 0" size="0.0084" />
      <site name="8_part8_bottom_site" pos="0.0 0.0 -0.005334008316" quat="1 0 0 0" rgba="0 0 0 0" size="0.0084" />
      <site name="8_part8_corner_site8" pos="-0.064008 0.042671999999999995 0.005334008316" quat="1 0 0 0" rgba="0 0 0 0" size="0.0084" />
      <site name="8_part8_corner_site7" pos="0.064008 0.042671999999999995 0.005334008316" quat="1 0 0 0" rgba="0 0 0 0" size="0.0084" />
      <site name="8_part8_corner_site6" pos="0.064008 -0.042671999999999995 0.005334008316" quat="1 0 0 0" rgba="0 0 0 0" size="0.0084" />
      <site name="8_part8_corner_site5" pos="-0.064008 -0.042671999999999995 0.005334008316" quat="1 0 0 0" rgba="0 0 0 0" size="0.0084" />
      <site name="8_part8_corner_site4" pos="-0.064008 0.042671999999999995 -0.005334008316" quat="1 0 0 0" rgba="0 0 0 0" size="0.0084" />
      <site name="8_part8_corner_site3" pos="0.064008 0.042671999999999995 -0.005334008316" quat="1 0 0 0" rgba="0 0 0 0" size="0.0084" />
      <site name="8_part8_corner_site2" pos="0.064008 -0.042671999999999995 -0.005334008316" quat="1 0 0 0" rgba="0 0 0 0" size="0.0084" />
      <site name="8_part8_corner_site1" pos="-0.064008 -0.042671999999999995 -0.005334008316" quat="1 0 0 0" rgba="0 0 0 0" size="0.0084" />
      <site name="top-wall,0,180,conn_site2" pos="-0.0617568 0.0 -0.0058379999999999994" quat="1 0 0 0" rgba="0.9019 0.0980 0.2941 0.3" size="0.0084" />
      <site name="top-wall,0,180,conn_site1" pos="0.062664 0.0 -0.0058379999999999994" quat="1 0 0 0" rgba="0.9019 0.0980 0.2941 0.3" size="0.0084" />
      <site name="top-back,0,conn_site1" pos="0.0 0.042881999999999997 -0.0059640000000000006" quat="1 0 0 0" rgba="0.2352 0.7058 0.2941 0.3" size="0.0084" />
      <geom density="50" name="noviz_collision_8_part8_0" pos="0.0 0.0 0.0" quat="1 0 0 0" rgba="0 0 0 0" size="0.064008 0.042671999999999995 0.005333999999999999" solref="0.001 1" type="box" />
    </body>
    <body name="7_part7" pos="0.06134100000000001 -0.0 -0.40005" quat="1 0 0 0">
      <geom conaffinity="0" contype="0" density="0" mesh="part7" name="7_part7_mesh" pos="0.0 0.0 0.0" rgba="0.82 0.71 0.55 1" type="mesh" />
      <site name="7_part7_horizontal_radius_site" pos="0.0 -0.0 -4.2e-11" quat="1 0 0 0" rgba="0 0 0 0" size="0.0084" />
      <site name="7_part7_top_site" pos="0.0 0.0 0.0053339999579999995" quat="1 0 0 0" rgba="0 0 0 0" size="0.0084" />
      <site name="7_part7_bottom_site" pos="0.0 0.0 -0.005334000042" quat="1 0 0 0" rgba="0 0 0 0" size="0.0084" />
      <site name="7_part7_corner_site8" pos="-0.064008 0.042671999999999995 0.0053339999579999995" quat="1 0 0 0" rgba="0 0 0 0" size="0.0084" />
      <site name="7_part7_corner_site7" pos="0.064008 0.042671999999999995 0.0053339999579999995" quat="1 0 0 0" rgba="0 0 0 0" size="0.0084" />
      <site name="7_part7_corner_site6" pos="0.064008 -0.042671999999999995 0.0053339999579999995" quat="1 0 0 0" rgba="0 0 0 0" size="0.0084" />
      <site name="7_part7_corner_site5" pos="-0.064008 -0.042671999999999995 0.0053339999579999995" quat="1 0 0 0" rgba="0 0 0 0" size="0.0084" />
      <site name="7_part7_corner_site4" pos="-0.064008 0.042671999999999995 -0.005334000042" quat="1 0 0 0" rgba="0 0 0 0" size="0.0084" />
      <site name="7_part7_corner_site3" pos="0.064008 0.042671999999999995 -0.005334000042" quat="1 0 0 0" rgba="0 0 0 0" size="0.0084" />
      <site name="7_part7_corner_site2" pos="0.064008 -0.042671999999999995 -0.005334000042" quat="1 0 0 0" rgba="0 0 0 0" size="0.0084" />
      <site name="7_part7_corner_site1" pos="-0.064008 -0.042671999999999995 -0.005334000042" quat="1 0 0 0" rgba="0 0 0 0" size="0.0084" />
      <site name="bottom-back,0,conn_site1" pos="0.0 0.042848399999999995 0.004779599999999999" quat="1 0 0 0" rgba="1.0 0.8823 0.0980 0.3" size="0.0084" />
      <geom density="50" name="noviz_collision_7_part7_0" pos="0.0 0.0 0.0" quat="1 0 0 0" rgba="0 0 0 0" size="0.064008 0.042671999999999995 0.005333999999999999" solref="0.001 1" type="box" />
    </body>
    <body name="6_part6" pos="0.06134100000000001 0.0416052 -0.0" quat="1 0 0 0">
      <geom conaffinity="0" contype="0" density="0" mesh="part6" name="6_part6_mesh" pos="0.0 0.0 0.0" rgba="0.82 0.71 0.55 1" type="mesh" />
      <site name="6_part6_horizontal_radius_site" pos="-1.26e-09 0.0 -0.0" quat="1 0 0 0" rgba="0 0 0 0" size="0.0084" />
      <site name="6_part6_top_site" pos="-1.26e-09 0.0 0.39471599999999996" quat="1 0 0 0" rgba="0 0 0 0" size="0.0084" />
      <site name="6_part6_bottom_site" pos="-1.26e-09 0.0 -0.39471599999999996" quat="1 0 0 0" rgba="0 0 0 0" size="0.0084" />
      <site name="6_part6_corner_site8" pos="-0.058674001260000004 0.0010668000000000001 0.39471599999999996" quat="1 0 0 0" rgba="0 0 0 0" size="0.0084" />
      <site name="6_part6_corner_site7" pos="0.05867399874 0.0010668000000000001 0.39471599999999996" quat="1 0 0 0" rgba="0 0 0 0" size="0.0084" />
      <site name="6_part6_corner_site6" pos="0.05867399874 -0.0010668000000000001 0.39471599999999996" quat="1 0 0 0" rgba="0 0 0 0" size="0.0084" />
      <site name="6_part6_corner_site5" pos="-0.058674001260000004 -0.0010668000000000001 0.39471599999999996" quat="1 0 0 0" rgba="0 0 0 0" size="0.0084" />
      <site name="6_part6_corner_site4" pos="-0.058674001260000004 0.0010668000000000001 -0.39471599999999996" quat="1 0 0 0" rgba="0 0 0 0" size="0.0084" />
      <site name="6_part6_corner_site3" pos="0.05867399874 0.0010668000000000001 -0.39471599999999996" quat="1 0 0 0" rgba="0 0 0 0" size="0.0084" />
      <site name="6_part6_corner_site2" pos="0.05867399874 -0.0010668000000000001 -0.39471599999999996" quat="1 0 0 0" rgba="0 0 0 0" size="0.0084" />
      <site name="6_part6_corner_site1" pos="-0.058674001260000004 -0.0010668000000000001 -0.39471599999999996" quat="1 0 0 0" rgba="0 0 0 0" size="0.0084" />
      <site name="back-shelf,0,180,conn_site4" pos="0.0 -0.0016715999999999999 -0.0762804" quat="0.7071067 -0.7071068 0 0" rgba="0.2627 0.3882 0.8470 0.3" size="0.0084" />
      <site name="back-shelf,0,180,conn_site3" pos="0.0 -0.001932 -0.23557799999999998" quat="0.7071067 -0.7071068 0 0" rgba="0.2627 0.3882 0.8470 0.3" size="0.0084" />
      <site name="back-shelf,0,180,conn_site2" pos="0.0 -0.0010668000000000001 0.0809592" quat="0.7071067 -0.7071068 0 0" rgba="0.2627 0.3882 0.8470 0.3" size="0.0084" />
      <site name="back-shelf,0,180,conn_site1" pos="0.0 -0.0012431999999999999 0.23739239999999998" quat="0.7071067 -0.7071068 0 0" rgba="0.2627 0.3882 0.8470 0.3" size="0.0084" />
      <site name="back-top,0,conn_site1" pos="0.0 0.0012768 0.394086" quat="1 0 0 0" rgba="0.2352 0.7058 0.2941 0.3" size="0.0084" />
      <site name="back-bottom,0,conn_site1" pos="0.0 0.0012431999999999999 -0.39527039999999997" quat="1 0 0 0" rgba="1.0 0.8823 0.0980 0.3" size="0.0084" />
      <geom density="50" name="noviz_collision_6_part6_0" pos="0.0 0.0 0.0" quat="1 0 0 0" rgba="0 0 0 0" size="0.058674 0.0010668000000000001 0.39471599999999996" solref="0.001 1" type="box" />
    </body>
    <body name="5_part5" pos="0.06134100000000001 0.0037338018899999996 0.2394966" quat="1 0 0 0">
      <geom conaffinity="0" contype="0" density="0" mesh="part5" name="5_part5_mesh" pos="0.0 0.0 0.0" rgba="0.82 0.71 0.55 1" type="mesh" />
      <site name="5_part5_horizontal_radius_site" pos="-1.26e-09 0.0 0.0" quat="1 0 0 0" rgba="0 0 0 0" size="0.0084" />
      <site name="5_part5_top_site" pos="-1.26e-09 0.0 0.0026669999999999997" quat="1 0 0 0" rgba="0 0 0 0" size="0.0084" />
      <site name="5_part5_bottom_site" pos="-1.26e-09 0.0 -0.0026669999999999997" quat="1 0 0 0" rgba="0 0 0 0" size="0.0084" />
      <site name="5_part5_corner_site8" pos="-0.058674001260000004 0.036804602058 0.0026669999999999997" quat="1 0 0 0" rgba="0 0 0 0" size="0.0084" />
      <site name="5_part5_corner_site7" pos="0.05867399874 0.036804602058 0.0026669999999999997" quat="1 0 0 0" rgba="0 0 0 0" size="0.0084" />
      <site name="5_part5_corner_site6" pos="0.05867399874 -0.036804602058 0.0026669999999999997" quat="1 0 0 0" rgba="0 0 0 0" size="0.0084" />
      <site name="5_part5_corner_site5" pos="-0.058674001260000004 -0.036804602058 0.0026669999999999997" quat="1 0 0 0" rgba="0 0 0 0" size="0.0084" />
      <site name="5_part5_corner_site4" pos="-0.058674001260000004 0.036804602058 -0.0026669999999999997" quat="1 0 0 0" rgba="0 0 0 0" size="0.0084" />
      <site name="5_part5_corner_site3" pos="0.05867399874 0.036804602058 -0.0026669999999999997" quat="1 0 0 0" rgba="0 0 0 0" size="0.0084" />
      <site name="5_part5_corner_site2" pos="0.05867399874 -0.036804602058 -0.0026669999999999997" quat="1 0 0 0" rgba="0 0 0 0" size="0.0084" />
      <site name="5_part5_corner_site1" pos="-0.058674001260000004 -0.036804602058 -0.0026669999999999997" quat="1 0 0 0" rgba="0 0 0 0" size="0.0084" />
      <site name="shelf-back,0,180,conn_site4" pos="0.0 0.036204 -0.31577279999999996" quat="0.7071067 -0.7071068 0 0" rgba="0.2627 0.3882 0.8470 0.3" size="0.0084" />
      <site name="shelf-back,0,180,conn_site1" pos="0.0 0.036624 -0.0021084" quat="0.7071067 -0.7071068 0 0" rgba="0.2627 0.3882 0.8470 0.3" size="0.0084" />
      <geom density="50" name="noviz_collision_5_part5_0" pos="0.0 0.0 0.0" quat="1 0 0 0" rgba="0 0 0 0" size="0.058674 0.036808799999999996 0.0026628" solref="0.001 1" type="box" />
    </body>
    <body name="4_part4" pos="0.06134100000000001 0.0037338018899999996 0.08161021314599999" quat="1 0 0 0">
      <geom conaffinity="0" contype="0" density="0" mesh="part4" name="4_part4_mesh" pos="0.0 0.0 0.0" rgba="0.82 0.71 0.55 1" type="mesh" />
      <site name="4_part4_horizontal_radius_site" pos="-1.26e-09 0.0 0.0" quat="1 0 0 0" rgba="0 0 0 0" size="0.0084" />
      <site name="4_part4_top_site" pos="-1.26e-09 0.0 0.002667015372" quat="1 0 0 0" rgba="0 0 0 0" size="0.0084" />
      <site name="4_part4_bottom_site" pos="-1.26e-09 0.0 -0.002667015372" quat="1 0 0 0" rgba="0 0 0 0" size="0.0084" />
      <site name="4_part4_corner_site8" pos="-0.058674001260000004 0.036804602058 0.002667015372" quat="1 0 0 0" rgba="0 0 0 0" size="0.0084" />
      <site name="4_part4_corner_site7" pos="0.05867399874 0.036804602058 0.002667015372" quat="1 0 0 0" rgba="0 0 0 0" size="0.0084" />
      <site name="4_part4_corner_site6" pos="0.05867399874 -0.036804602058 0.002667015372" quat="1 0 0 0" rgba="0 0 0 0" size="0.0084" />
      <site name="4_part4_corner_site5" pos="-0.058674001260000004 -0.036804602058 0.002667015372" quat="1 0 0 0" rgba="0 0 0 0" size="0.0084" />
      <site name="4_part4_corner_site4" pos="-0.058674001260000004 0.036804602058 -0.002667015372" quat="1 0 0 0" rgba="0 0 0 0" size="0.0084" />
      <site name="4_part4_corner_site3" pos="0.05867399874 0.036804602058 -0.002667015372" quat="1 0 0 0" rgba="0 0 0 0" size="0.0084" />
      <site name="4_part4_corner_site2" pos="0.05867399874 -0.036804602058 -0.002667015372" quat="1 0 0 0" rgba="0 0 0 0" size="0.0084" />
      <site name="4_part4_corner_site1" pos="-0.058674001260000004 -0.036804602058 -0.002667015372" quat="1 0 0 0" rgba="0 0 0 0" size="0.0084" />
      <site name="shelf-back,0,180,conn_site2" pos="0.0 0.0368004 -0.0006552" quat="0.7071067 -0.7071068 0 0" rgba="0.2627 0.3882 0.8470 0.3" size="0.0084" />
      <geom density="50" name="noviz_collision_4_part4_0" pos="0.0 0.0 0.0" quat="1 0 0 0" rgba="0 0 0 0" size="0.058674 0.036808799999999996 0.0026628" solref="0.001 1" type="box" />
    </body>
    <body name="3_part3" pos="0.06134100000000001 0.0037338018899999996 -0.076276195002" quat="1 0 0 0">
      <geom conaffinity="0" contype="0" density="0" mesh="part3" name="3_part3_mesh" pos="0.0 0.0 0.0" rgba="0.82 0.71 0.55 1" type="mesh" />
      <site name="3_part3_horizontal_radius_site" pos="-1.26e-09 0.0 -4.2e-11" quat="1 0 0 0" rgba="0 0 0 0" size="0.0084" />
      <site name="3_part3_top_site" pos="-1.26e-09 0.0 0.002667004956" quat="1 0 0 0" rgba="0 0 0 0" size="0.0084" />
      <site name="3_part3_bottom_site" pos="-1.26e-09 0.0 -0.00266700504" quat="1 0 0 0" rgba="0 0 0 0" size="0.0084" />
      <site name="3_part3_corner_site8" pos="-0.058674001260000004 0.036804602058 0.002667004956" quat="1 0 0 0" rgba="0 0 0 0" size="0.0084" />
      <site name="3_part3_corner_site7" pos="0.05867399874 0.036804602058 0.002667004956" quat="1 0 0 0" rgba="0 0 0 0" size="0.0084" />
      <site name="3_part3_corner_site6" pos="0.05867399874 -0.036804602058 0.002667004956" quat="1 0 0 0" rgba="0 0 0 0" size="0.0084" />
      <site name="3_part3_corner_site5" pos="-0.058674001260000004 -0.036804602058 0.002667004956" quat="1 0 0 0" rgba="0 0 0 0" size="0.0084" />
      <site name="3_part3_corner_site4" pos="-0.058674001260000004 0.036804602058 -0.00266700504" quat="1 0 0 0" rgba="0 0 0 0" size="0.0084" />
      <site name="3_part3_corner_site3" pos="0.05867399874 0.036804602058 -0.00266700504" quat="1 0 0 0" rgba="0 0 0 0" size="0.0084" />
      <site name="3_part3_corner_site2" pos="0.05867399874 -0.036804602058 -0.00266700504" quat="1 0 0 0" rgba="0 0 0 0" size="0.0084" />
      <site name="3_part3_corner_site1" pos="-0.058674001260000004 -0.036804602058 -0.00266700504" quat="1 0 0 0" rgba="0 0 0 0" size="0.0084" />
      <geom density="50" name="noviz_collision_3_part3_0" pos="0.0 0.0 0.0" quat="1 0 0 0" rgba="0 0 0 0" size="0.058674 0.036808799999999996 0.0026628" solref="0.001 1" type="box" />
    </body>
    <body name="2_part2" pos="0.06134100000000001 0.0037338018899999996 -0.234162606762" quat="1 0 0 0">
      <geom conaffinity="0" contype="0" density="0" mesh="part2" name="2_part2_mesh" pos="0.0 0.0 0.0" rgba="0.82 0.71 0.55 1" type="mesh" />
      <site name="2_part2_horizontal_radius_site" pos="-1.26e-09 0.0 -0.0" quat="1 0 0 0" rgba="0 0 0 0" size="0.0084" />
      <site name="2_part2_top_site" pos="-1.26e-09 0.0 0.002667006762" quat="1 0 0 0" rgba="0 0 0 0" size="0.0084" />
      <site name="2_part2_bottom_site" pos="-1.26e-09 0.0 -0.002667006762" quat="1 0 0 0" rgba="0 0 0 0" size="0.0084" />
      <site name="2_part2_corner_site8" pos="-0.058674001260000004 0.036804602058 0.002667006762" quat="1 0 0 0" rgba="0 0 0 0" size="0.0084" />
      <site name="2_part2_corner_site7" pos="0.05867399874 0.036804602058 0.002667006762" quat="1 0 0 0" rgba="0 0 0 0" size="0.0084" />
      <site name="2_part2_corner_site6" pos="0.05867399874 -0.036804602058 0.002667006762" quat="1 0 0 0" rgba="0 0 0 0" size="0.0084" />
      <site name="2_part2_corner_site5" pos="-0.058674001260000004 -0.036804602058 0.002667006762" quat="1 0 0 0" rgba="0 0 0 0" size="0.0084" />
      <site name="2_part2_corner_site4" pos="-0.058674001260000004 0.036804602058 -0.002667006762" quat="1 0 0 0" rgba="0 0 0 0" size="0.0084" />
      <site name="2_part2_corner_site3" pos="0.05867399874 0.036804602058 -0.002667006762" quat="1 0 0 0" rgba="0 0 0 0" size="0.0084" />
      <site name="2_part2_corner_site2" pos="0.05867399874 -0.036804602058 -0.002667006762" quat="1 0 0 0" rgba="0 0 0 0" size="0.0084" />
      <site name="2_part2_corner_site1" pos="-0.058674001260000004 -0.036804602058 -0.002667006762" quat="1 0 0 0" rgba="0 0 0 0" size="0.0084" />
      <site name="shelf-back,0,180,conn_site3" pos="0.0 0.0359436 -0.0014112" quat="0.7071067 -0.7071068 0 0" rgba="0.2627 0.3882 0.8470 0.3" size="0.0084" />
      <geom density="50" name="noviz_collision_2_part2_0" pos="0.0 0.0 0.0" quat="1 0 0 0" rgba="0 0 0 0" size="0.058674 0.036808799999999996 0.0026712" solref="0.001 1" type="box" />
    </body>
    <body name="1_part1" pos="0.12268200000000001 -0.0 -0.0" quat="1 0 0 0">
      <geom conaffinity="0" contype="0" density="0" mesh="part1" name="1_part1_mesh" pos="0.0 0.0 0.0" rgba="0.82 0.71 0.55 1" type="mesh" />
      <site name="1_part1_horizontal_radius_site" pos="-0.0 -0.0 -0.0" quat="1 0 0 0" rgba="0 0 0 0" size="0.0084" />
      <site name="1_part1_top_site" pos="0.0 0.0 0.39471599999999996" quat="1 0 0 0" rgba="0 0 0 0" size="0.0084" />
      <site name="1_part1_bottom_site" pos="0.0 0.0 -0.39471599999999996" quat="1 0 0 0" rgba="0 0 0 0" size="0.0084" />
      <site name="1_part1_corner_site8" pos="-0.0026669999999999997 0.042671999999999995 0.39471599999999996" quat="1 0 0 0" rgba="0 0 0 0" size="0.0084" />
      <site name="1_part1_corner_site7" pos="0.0026669999999999997 0.042671999999999995 0.39471599999999996" quat="1 0 0 0" rgba="0 0 0 0" size="0.0084" />
      <site name="1_part1_corner_site6" pos="0.0026669999999999997 -0.042671999999999995 0.39471599999999996" quat="1 0 0 0" rgba="0 0 0 0" size="0.0084" />
      <site name="1_part1_corner_site5" pos="-0.0026669999999999997 -0.042671999999999995 0.39471599999999996" quat="1 0 0 0" rgba="0 0 0 0" size="0.0084" />
      <site name="1_part1_corner_site4" pos="-0.0026669999999999997 0.042671999999999995 -0.39471599999999996" quat="1 0 0 0" rgba="0 0 0 0" size="0.0084" />
      <site name="1_part1_corner_site3" pos="0.0026669999999999997 0.042671999999999995 -0.39471599999999996" quat="1 0 0 0" rgba="0 0 0 0" size="0.0084" />
      <site name="1_part1_corner_site2" pos="0.0026669999999999997 -0.042671999999999995 -0.39471599999999996" quat="1 0 0 0" rgba="0 0 0 0" size="0.0084" />
      <site name="1_part1_corner_site1" pos="-0.0026669999999999997 -0.042671999999999995 -0.39471599999999996" quat="1 0 0 0" rgba="0 0 0 0" size="0.0084" />
      <geom density="50" name="noviz_collision_1_part1_0" pos="-0.0001428 0.0 0.0018732000000000002" quat="1 0 0 0" rgba="0 0 0 0" size="0.00252 0.042671999999999995 0.3965892" solref="0.001 1" type="box" />
    </body>
  </worldbody>
<actuator /><sensor /><contact /><default /></mujoco>