<mujoco model="bookcase_expedit_0376">
  <custom>
    <numeric data="-0.610358 0.179496 0.00633 0.707062 -0.007954 -0.707062 -0.007954" name="0_part0_initpos" />
    <numeric data="0.140723 0.068538 0.00633 0.999959 -0.0 -0.0 -0.009001" name="10_part9_initpos" />
    <numeric data="0.565507 -0.128144 0.001878 0.999962 0.0 -0.0 -0.008745" name="9_part8_initpos" />
    <numeric data="0.543897 0.119211 0.001878 0.999936 0.0 -0.0 0.011288" name="8_part7_initpos" />
    <numeric data="0.135882 0.347456 0.001878 0.999938 0.0 0.0 0.011097" name="7_part6_initpos" />
    <numeric data="-0.403732 -0.095554 0.001982 0.707107 1.5e-05 -0.707107 1.4e-05" name="6_part5_initpos" />
    <numeric data="0.248668 -0.151192 0.001878 0.498788 0.501209 0.498788 -0.501209" name="5_part4_initpos" />
    <numeric data="0.040847 -0.184879 0.001878 0.707089 -0.005013 -0.707089 -0.005013" name="4_part3_initpos" />
    <numeric data="-0.59904 -0.091625 0.001878 0.706827 -0.019886 -0.706827 -0.019886" name="3_part2_initpos" />
    <numeric data="0.531999 0.371208 0.00633 1.0 -0.0 0.0 -5e-06" name="2_part10_initpos" />
    <numeric data="-0.187738 0.117936 0.00633 -0.499983 -0.500017 0.499983 -0.500017" name="1_part1_initpos" />
  </custom>
  <asset>
    <mesh file="bookcase_expedit_0376/0.stl" name="part0" scale="0.000250416 0.000250416 0.000250416" />
    <mesh file="bookcase_expedit_0376/9.stl" name="part9" scale="0.000250416 0.000250416 0.000250416" />
    <mesh file="bookcase_expedit_0376/8.stl" name="part8" scale="0.000250416 0.000250416 0.000250416" />
    <mesh file="bookcase_expedit_0376/7.stl" name="part7" scale="0.000250416 0.000250416 0.000250416" />
    <mesh file="bookcase_expedit_0376/6.stl" name="part6" scale="0.000250416 0.000250416 0.000250416" />
    <mesh file="bookcase_expedit_0376/5.stl" name="part5" scale="0.000250416 0.000250416 0.000250416" />
    <mesh file="bookcase_expedit_0376/4.stl" name="part4" scale="0.000250416 0.000250416 0.000250416" />
    <mesh file="bookcase_expedit_0376/3.stl" name="part3" scale="0.000250416 0.000250416 0.000250416" />
    <mesh file="bookcase_expedit_0376/2.stl" name="part2" scale="0.000250416 0.000250416 0.000250416" />
    <mesh file="bookcase_expedit_0376/10.stl" name="part10" scale="0.000250416 0.000250416 0.000250416" />
    <mesh file="bookcase_expedit_0376/1.stl" name="part1" scale="0.000250416 0.000250416 0.000250416" />
  </asset>
  <equality>
    <weld active="false" body1="0_part0" body2="10_part9" solimp="1 1 0.5" solref="0.01 0.3" />
    <weld active="false" body1="2_part10" body2="1_part1" solimp="1 1 0.5" solref="0.01 0.3" />
    <weld active="false" body1="8_part7" body2="6_part5" solimp="1 1 0.5" solref="0.01 0.3" />
    <weld active="false" body1="8_part7" body2="3_part2" solimp="1 1 0.5" solref="0.01 0.3" />
    <weld active="false" body1="8_part7" body2="4_part3" solimp="1 1 0.5" solref="0.01 0.3" />
    <weld active="false" body1="8_part7" body2="5_part4" solimp="1 1 0.5" solref="0.01 0.3" />
    <weld active="false" body1="9_part8" body2="6_part5" solimp="1 1 0.5" solref="0.01 0.3" />
    <weld active="false" body1="9_part8" body2="3_part2" solimp="1 1 0.5" solref="0.01 0.3" />
    <weld active="false" body1="9_part8" body2="4_part3" solimp="1 1 0.5" solref="0.01 0.3" />
    <weld active="false" body1="9_part8" body2="5_part4" solimp="1 1 0.5" solref="0.01 0.3" />
    <weld active="false" body1="2_part10" body2="6_part5" solimp="1 1 0.5" solref="0.01 0.3" />
    <weld active="false" body1="2_part10" body2="3_part2" solimp="1 1 0.5" solref="0.01 0.3" />
    <weld active="false" body1="2_part10" body2="4_part3" solimp="1 1 0.5" solref="0.01 0.3" />
    <weld active="false" body1="2_part10" body2="5_part4" solimp="1 1 0.5" solref="0.01 0.3" />
    <weld active="false" body1="7_part6" body2="6_part5" solimp="1 1 0.5" solref="0.01 0.3" />
    <weld active="false" body1="7_part6" body2="3_part2" solimp="1 1 0.5" solref="0.01 0.3" />
    <weld active="false" body1="7_part6" body2="4_part3" solimp="1 1 0.5" solref="0.01 0.3" />
    <weld active="false" body1="7_part6" body2="5_part4" solimp="1 1 0.5" solref="0.01 0.3" />
    <weld active="false" body1="0_part0" body2="8_part7" solimp="1 1 0.5" solref="0.01 0.3" />
    <weld active="false" body1="0_part0" body2="9_part8" solimp="1 1 0.5" solref="0.01 0.3" />
    <weld active="false" body1="0_part0" body2="2_part10" solimp="1 1 0.5" solref="0.01 0.3" />
    <weld active="false" body1="0_part0" body2="7_part6" solimp="1 1 0.5" solref="0.01 0.3" />
    <weld active="false" body1="8_part7" body2="1_part1" solimp="1 1 0.5" solref="0.01 0.3" />
    <weld active="false" body1="9_part8" body2="1_part1" solimp="1 1 0.5" solref="0.01 0.3" />
    <weld active="false" body1="7_part6" body2="1_part1" solimp="1 1 0.5" solref="0.01 0.3" />
  </equality>
  <worldbody>
    <body name="0_part0" pos="0.0 0.0 -3.0049919999999998e-09" quat="1 0 0 0">
      <geom conaffinity="0" contype="0" density="0" mesh="part0" name="0_part0_mesh" pos="0.0 0.0 0.0" rgba="0.82 0.71 0.55 1" type="mesh" />
      <site name="0_part0_horizontal_radius_site" pos="0.0 0.0 -3.0049919999999998e-09" quat="1 0 0 0" rgba="0 0 0 0" size="0.000250416" />
      <site name="0_part0_top_site" pos="0.0 0.0 0.30212690400000003" quat="1 0 0 0" rgba="0 0 0 0" size="0.000250416" />
      <site name="0_part0_bottom_site" pos="0.0 0.0 -0.302126910009984" quat="1 0 0 0" rgba="0 0 0 0" size="0.000250416" />
      <site name="0_part0_corner_site8" pos="-0.006360566400000001 0.0989863161275376 0.30212690400000003" quat="1 0 0 0" rgba="0 0 0 0" size="0.00500832" />
      <site name="0_part0_corner_site7" pos="0.006360566400000001 0.0989863161275376 0.30212690400000003" quat="1 0 0 0" rgba="0 0 0 0" size="0.00500832" />
      <site name="0_part0_corner_site6" pos="0.006360566400000001 -0.0989863161275376 0.30212690400000003" quat="1 0 0 0" rgba="0 0 0 0" size="0.00500832" />
      <site name="0_part0_corner_site5" pos="-0.006360566400000001 -0.0989863161275376 0.30212690400000003" quat="1 0 0 0" rgba="0 0 0 0" size="0.00500832" />
      <site name="0_part0_corner_site4" pos="-0.006360566400000001 0.0989863161275376 -0.302126910009984" quat="1 0 0 0" rgba="0 0 0 0" size="0.00500832" />
      <site name="0_part0_corner_site3" pos="0.006360566400000001 0.0989863161275376 -0.302126910009984" quat="1 0 0 0" rgba="0 0 0 0" size="0.00500832" />
      <site name="0_part0_corner_site2" pos="0.006360566400000001 -0.0989863161275376 -0.302126910009984" quat="1 0 0 0" rgba="0 0 0 0" size="0.00500832" />
      <site name="0_part0_corner_site1" pos="-0.006360566400000001 -0.0989863161275376 -0.302126910009984" quat="1 0 0 0" rgba="0 0 0 0" size="0.00500832" />
      <site name="rightwall-floor,0,conn_site1" pos="-0.00375624 0.0 -0.30212690400000003" quat="1 0 0 0" rgba="0.9019 0.0980 0.2941 0.3" size="0.00500832" />
      <site name="rightwall-top,0,conn_site1" pos="0.001001664 0.0 0.3022521120000001" quat="1 0 0 0" rgba="0.2352 0.7058 0.2941 0.3" size="0.00500832" />
      <geom density="50" name="noviz_collision_0_part1_0" pos="1.054501776e-05 0.0 0.0" quat="1 0 0 0" rgba="0 0 0 0" size="0.00637111893024 0.09898631460000001 0.30212690400000003" solref="0.001 1" type="box" />
    </body>
    <body name="10_part9" pos="-0.18008353620000003 -1.5275376000000001e-09 0.30848746439001606" quat="1 0 0 0">
      <geom conaffinity="0" contype="0" density="0" mesh="part9" name="10_part9_mesh" pos="0.0 0.0 0.0" rgba="0.82 0.71 0.55 1" type="mesh" />
      <site name="10_part9_horizontal_radius_site" pos="0.0 0.0 0.0" quat="1 0 0 0" rgba="0 0 0 0" size="0.000250416" />
      <site name="10_part9_top_site" pos="0.0 0.0 0.006360566400000001" quat="1 0 0 0" rgba="0 0 0 0" size="0.000250416" />
      <site name="10_part9_bottom_site" pos="0.0 0.0 -0.006360566400000001" quat="1 0 0 0" rgba="0 0 0 0" size="0.000250416" />
      <site name="10_part9_corner_site8" pos="-0.18644410260000002 0.09898631460000001 0.006360566400000001" quat="1 0 0 0" rgba="0 0 0 0" size="0.00500832" />
      <site name="10_part9_corner_site7" pos="0.18644410260000002 0.09898631460000001 0.006360566400000001" quat="1 0 0 0" rgba="0 0 0 0" size="0.00500832" />
      <site name="10_part9_corner_site6" pos="0.18644410260000002 -0.09898631460000001 0.006360566400000001" quat="1 0 0 0" rgba="0 0 0 0" size="0.00500832" />
      <site name="10_part9_corner_site5" pos="-0.18644410260000002 -0.09898631460000001 0.006360566400000001" quat="1 0 0 0" rgba="0 0 0 0" size="0.00500832" />
      <site name="10_part9_corner_site4" pos="-0.18644410260000002 0.09898631460000001 -0.006360566400000001" quat="1 0 0 0" rgba="0 0 0 0" size="0.00500832" />
      <site name="10_part9_corner_site3" pos="0.18644410260000002 0.09898631460000001 -0.006360566400000001" quat="1 0 0 0" rgba="0 0 0 0" size="0.00500832" />
      <site name="10_part9_corner_site2" pos="0.18644410260000002 -0.09898631460000001 -0.006360566400000001" quat="1 0 0 0" rgba="0 0 0 0" size="0.00500832" />
      <site name="10_part9_corner_site1" pos="-0.18644410260000002 -0.09898631460000001 -0.006360566400000001" quat="1 0 0 0" rgba="0 0 0 0" size="0.00500832" />
      <site name="top-rightwall,0,conn_site1" pos="0.18108520020000002 0.0 -0.00623536340832" quat="1 0 0 0" rgba="0.2352 0.7058 0.2941 0.3" size="0.00500832" />
      <geom density="50" name="noviz_collision_10_part9_0" pos="0.0 0.0 0.0" quat="1 0 0 0" rgba="0 0 0 0" size="0.18644410260000002 0.09898631460000001 0.006360571408320001" solref="0.001 1" type="box" />
    </body>
    <body name="9_part8" pos="-0.18008353620000003 0.0 -6.0099839999999996e-09" quat="1 0 0 0">
      <geom conaffinity="0" contype="0" density="0" mesh="part8" name="9_part8_mesh" pos="0.0 0.0 0.0" rgba="0.82 0.71 0.55 1" type="mesh" />
      <site name="9_part8_horizontal_radius_site" pos="-2.9549088000000005e-09 0.0 -0.0" quat="1 0 0 0" rgba="0 0 0 0" size="0.000250416" />
      <site name="9_part8_top_site" pos="-2.9549088000000005e-09 0.0 0.00190816992" quat="1 0 0 0" rgba="0 0 0 0" size="0.000250416" />
      <site name="9_part8_bottom_site" pos="-2.9549088000000005e-09 0.0 -0.00190816992" quat="1 0 0 0" rgba="0 0 0 0" size="0.000250416" />
      <site name="9_part8_corner_site8" pos="-0.1737229727549088 0.0989863161275376 0.00190816992" quat="1 0 0 0" rgba="0 0 0 0" size="0.00500832" />
      <site name="9_part8_corner_site7" pos="0.17372296684509123 0.0989863161275376 0.00190816992" quat="1 0 0 0" rgba="0 0 0 0" size="0.00500832" />
      <site name="9_part8_corner_site6" pos="0.17372296684509123 -0.0989863161275376 0.00190816992" quat="1 0 0 0" rgba="0 0 0 0" size="0.00500832" />
      <site name="9_part8_corner_site5" pos="-0.1737229727549088 -0.0989863161275376 0.00190816992" quat="1 0 0 0" rgba="0 0 0 0" size="0.00500832" />
      <site name="9_part8_corner_site4" pos="-0.1737229727549088 0.0989863161275376 -0.00190816992" quat="1 0 0 0" rgba="0 0 0 0" size="0.00500832" />
      <site name="9_part8_corner_site3" pos="0.17372296684509123 0.0989863161275376 -0.00190816992" quat="1 0 0 0" rgba="0 0 0 0" size="0.00500832" />
      <site name="9_part8_corner_site2" pos="0.17372296684509123 -0.0989863161275376 -0.00190816992" quat="1 0 0 0" rgba="0 0 0 0" size="0.00500832" />
      <site name="9_part8_corner_site1" pos="-0.1737229727549088 -0.0989863161275376 -0.00190816992" quat="1 0 0 0" rgba="0 0 0 0" size="0.00500832" />
      <site name="shelf-leftwall,0,conn_site2" pos="-0.17400468779999997 0.0 -0.0010016589916800002" quat="1 0 0 0" rgba="1.0 0.8823 0.0980 0.3" size="0.00500832" />
      <site name="floor-divider,0,180,conn_site3" pos="0.0 0.0 0.0019081599033600005" quat="1 0 0 0" rgba="0.2627 0.3882 0.8470 0.3" size="0.00500832" />
      <geom density="50" name="noviz_collision_9_part8_0" pos="0.0 0.0 0.0" quat="1 0 0 0" rgba="0 0 0 0" size="0.1737229698 0.09898631460000001 0.00190816992" solref="0.001 1" type="box" />
    </body>
    <body name="8_part7" pos="-0.18008353620000003 0.0 -0.15201754296998402" quat="1 0 0 0">
      <geom conaffinity="0" contype="0" density="0" mesh="part7" name="8_part7_mesh" pos="0.0 0.0 0.0" rgba="0.82 0.71 0.55 1" type="mesh" />
      <site name="8_part7_horizontal_radius_site" pos="-2.9549088000000005e-09 0.0 0.0" quat="1 0 0 0" rgba="0 0 0 0" size="0.000250416" />
      <site name="8_part7_top_site" pos="-2.9549088000000005e-09 0.0 0.00190816992" quat="1 0 0 0" rgba="0 0 0 0" size="0.000250416" />
      <site name="8_part7_bottom_site" pos="-2.9549088000000005e-09 0.0 -0.00190816992" quat="1 0 0 0" rgba="0 0 0 0" size="0.000250416" />
      <site name="8_part7_corner_site8" pos="-0.1737229727549088 0.0989863161275376 0.00190816992" quat="1 0 0 0" rgba="0 0 0 0" size="0.00500832" />
      <site name="8_part7_corner_site7" pos="0.17372296684509123 0.0989863161275376 0.00190816992" quat="1 0 0 0" rgba="0 0 0 0" size="0.00500832" />
      <site name="8_part7_corner_site6" pos="0.17372296684509123 -0.0989863161275376 0.00190816992" quat="1 0 0 0" rgba="0 0 0 0" size="0.00500832" />
      <site name="8_part7_corner_site5" pos="-0.1737229727549088 -0.0989863161275376 0.00190816992" quat="1 0 0 0" rgba="0 0 0 0" size="0.00500832" />
      <site name="8_part7_corner_site4" pos="-0.1737229727549088 0.0989863161275376 -0.00190816992" quat="1 0 0 0" rgba="0 0 0 0" size="0.00500832" />
      <site name="8_part7_corner_site3" pos="0.17372296684509123 0.0989863161275376 -0.00190816992" quat="1 0 0 0" rgba="0 0 0 0" size="0.00500832" />
      <site name="8_part7_corner_site2" pos="0.17372296684509123 -0.0989863161275376 -0.00190816992" quat="1 0 0 0" rgba="0 0 0 0" size="0.00500832" />
      <site name="8_part7_corner_site1" pos="-0.1737229727549088 -0.0989863161275376 -0.00190816992" quat="1 0 0 0" rgba="0 0 0 0" size="0.00500832" />
      <site name="shelf-leftwall,0,conn_site1" pos="-0.17275260779999999 0.0 -0.0014874710400000005" quat="0.7071067 0 -0.7071068 0" rgba="1.0 0.8823 0.0980 0.3" size="0.00500832" />
      <site name="floor-divider,0,180,conn_site2" pos="0.0 0.0 0.0019081523908800002" quat="1 0 0 0" rgba="0.2627 0.3882 0.8470 0.3" size="0.00500832" />
      <geom density="50" name="noviz_collision_8_part7_0" pos="0.0 0.0 0.0" quat="1 0 0 0" rgba="0 0 0 0" size="0.1737229698 0.09898631460000001 0.0019081849449599998" solref="0.001 1" type="box" />
    </body>
    <body name="7_part6" pos="-0.18008353620000003 0.0 0.1520175297480192" quat="1 0 0 0">
      <geom conaffinity="0" contype="0" density="0" mesh="part6" name="7_part6_mesh" pos="0.0 0.0 0.0" rgba="0.82 0.71 0.55 1" type="mesh" />
      <site name="7_part6_horizontal_radius_site" pos="-2.9549088000000005e-09 0.0 2.5041600000000004e-11" quat="1 0 0 0" rgba="0 0 0 0" size="0.000250416" />
      <site name="7_part6_top_site" pos="-2.9549088000000005e-09 0.0 0.0019081711470384" quat="1 0 0 0" rgba="0 0 0 0" size="0.000250416" />
      <site name="7_part6_bottom_site" pos="-2.9549088000000005e-09 0.0 -0.0019081710969552" quat="1 0 0 0" rgba="0 0 0 0" size="0.000250416" />
      <site name="7_part6_corner_site8" pos="-0.1737229727549088 0.0989863161275376 0.0019081711470384" quat="1 0 0 0" rgba="0 0 0 0" size="0.00500832" />
      <site name="7_part6_corner_site7" pos="0.17372296684509123 0.0989863161275376 0.0019081711470384" quat="1 0 0 0" rgba="0 0 0 0" size="0.00500832" />
      <site name="7_part6_corner_site6" pos="0.17372296684509123 -0.0989863161275376 0.0019081711470384" quat="1 0 0 0" rgba="0 0 0 0" size="0.00500832" />
      <site name="7_part6_corner_site5" pos="-0.1737229727549088 -0.0989863161275376 0.0019081711470384" quat="1 0 0 0" rgba="0 0 0 0" size="0.00500832" />
      <site name="7_part6_corner_site4" pos="-0.1737229727549088 0.0989863161275376 -0.0019081710969552" quat="1 0 0 0" rgba="0 0 0 0" size="0.00500832" />
      <site name="7_part6_corner_site3" pos="0.17372296684509123 0.0989863161275376 -0.0019081710969552" quat="1 0 0 0" rgba="0 0 0 0" size="0.00500832" />
      <site name="7_part6_corner_site2" pos="0.17372296684509123 -0.0989863161275376 -0.0019081710969552" quat="1 0 0 0" rgba="0 0 0 0" size="0.00500832" />
      <site name="7_part6_corner_site1" pos="-0.1737229727549088 -0.0989863161275376 -0.0019081710969552" quat="1 0 0 0" rgba="0 0 0 0" size="0.00500832" />
      <site name="shelf-leftwall,0,conn_site3" pos="-0.1737542718 0.0 -0.00051585696" quat="0.7071067 0 -0.7071068 0" rgba="1.0 0.8823 0.0980 0.3" size="0.00500832" />
      <site name="floor-divider,0,180,conn_site4" pos="0.0 0.0 0.0019081523908800002" quat="1 0 0 0" rgba="0.2627 0.3882 0.8470 0.3" size="0.00500832" />
      <geom density="50" name="noviz_collision_7_part6_0" pos="0.0 0.0 0.0" quat="1 0 0 0" rgba="0 0 0 0" size="0.1737229698 0.09898631460000001 0.0019081849449599998" solref="0.001 1" type="box" />
    </body>
    <body name="6_part5" pos="-0.18008353620000003 0.0 0.22802630308608962" quat="1 0 0 0">
      <geom conaffinity="0" contype="0" density="0" mesh="part5" name="6_part5_mesh" pos="0.0 0.0 0.0" rgba="0.82 0.71 0.55 1" type="mesh" />
      <site name="6_part5_horizontal_radius_site" pos="0.0 0.0 0.0" quat="1 0 0 0" rgba="0 0 0 0" size="0.000250416" />
      <site name="6_part5_top_site" pos="0.0 0.0 0.0741006071242272" quat="1 0 0 0" rgba="0 0 0 0" size="0.000250416" />
      <site name="6_part5_bottom_site" pos="0.0 0.0 -0.0741006071242272" quat="1 0 0 0" rgba="0 0 0 0" size="0.000250416" />
      <site name="6_part5_corner_site8" pos="-0.00190816992 0.0989863161275376 0.0741006071242272" quat="1 0 0 0" rgba="0 0 0 0" size="0.00500832" />
      <site name="6_part5_corner_site7" pos="0.00190816992 0.0989863161275376 0.0741006071242272" quat="1 0 0 0" rgba="0 0 0 0" size="0.00500832" />
      <site name="6_part5_corner_site6" pos="0.00190816992 -0.0989863161275376 0.0741006071242272" quat="1 0 0 0" rgba="0 0 0 0" size="0.00500832" />
      <site name="6_part5_corner_site5" pos="-0.00190816992 -0.0989863161275376 0.0741006071242272" quat="1 0 0 0" rgba="0 0 0 0" size="0.00500832" />
      <site name="6_part5_corner_site4" pos="-0.00190816992 0.0989863161275376 -0.0741006071242272" quat="1 0 0 0" rgba="0 0 0 0" size="0.00500832" />
      <site name="6_part5_corner_site3" pos="0.00190816992 0.0989863161275376 -0.0741006071242272" quat="1 0 0 0" rgba="0 0 0 0" size="0.00500832" />
      <site name="6_part5_corner_site2" pos="0.00190816992 -0.0989863161275376 -0.0741006071242272" quat="1 0 0 0" rgba="0 0 0 0" size="0.00500832" />
      <site name="6_part5_corner_site1" pos="-0.00190816992 -0.0989863161275376 -0.0741006071242272" quat="1 0 0 0" rgba="0 0 0 0" size="0.00500832" />
      <site name="divider-floor,0,180,conn_site4" pos="0.0 0.0 -0.07410059856000001" quat="1 0 0 0" rgba="0.2627 0.3882 0.8470 0.3" size="0.00500832" />
      <geom density="50" name="noviz_collision_6_part5_0" pos="0.0 0.0 0.0" quat="1 0 0 0" rgba="0 0 0 0" size="0.00190816992 0.09898631460000001 0.07410059856000001" solref="0.001 1" type="box" />
    </body>
    <body name="5_part4" pos="-0.18008353620000003 0.0 0.07600875327974882" quat="1 0 0 0">
      <geom conaffinity="0" contype="0" density="0" mesh="part4" name="5_part4_mesh" pos="0.0 0.0 0.0" rgba="0.82 0.71 0.55 1" type="mesh" />
      <site name="5_part4_horizontal_radius_site" pos="0.0 0.0 6.009984e-10" quat="1 0 0 0" rgba="0 0 0 0" size="0.000250416" />
      <site name="5_part4_top_site" pos="0.0 0.0 0.07410060835126561" quat="1 0 0 0" rgba="0 0 0 0" size="0.000250416" />
      <site name="5_part4_bottom_site" pos="0.0 0.0 -0.0741006071242272" quat="1 0 0 0" rgba="0 0 0 0" size="0.000250416" />
      <site name="5_part4_corner_site8" pos="-0.00190816992 0.0989863161275376 0.07410060835126561" quat="1 0 0 0" rgba="0 0 0 0" size="0.00500832" />
      <site name="5_part4_corner_site7" pos="0.00190816992 0.0989863161275376 0.07410060835126561" quat="1 0 0 0" rgba="0 0 0 0" size="0.00500832" />
      <site name="5_part4_corner_site6" pos="0.00190816992 -0.0989863161275376 0.07410060835126561" quat="1 0 0 0" rgba="0 0 0 0" size="0.00500832" />
      <site name="5_part4_corner_site5" pos="-0.00190816992 -0.0989863161275376 0.07410060835126561" quat="1 0 0 0" rgba="0 0 0 0" size="0.00500832" />
      <site name="5_part4_corner_site4" pos="-0.00190816992 0.0989863161275376 -0.0741006071242272" quat="1 0 0 0" rgba="0 0 0 0" size="0.00500832" />
      <site name="5_part4_corner_site3" pos="0.00190816992 0.0989863161275376 -0.0741006071242272" quat="1 0 0 0" rgba="0 0 0 0" size="0.00500832" />
      <site name="5_part4_corner_site2" pos="0.00190816992 -0.0989863161275376 -0.0741006071242272" quat="1 0 0 0" rgba="0 0 0 0" size="0.00500832" />
      <site name="5_part4_corner_site1" pos="-0.00190816992 -0.0989863161275376 -0.0741006071242272" quat="1 0 0 0" rgba="0 0 0 0" size="0.00500832" />
      <site name="divider-floor,0,180,conn_site3" pos="0.0 0.0 -0.07410059856000001" quat="1 0 0 0" rgba="0.2627 0.3882 0.8470 0.3" size="0.00500832" />
      <geom density="50" name="noviz_collision_5_part4_0" pos="0.0 0.0 7.51248e-09" quat="1 0 0 0" rgba="0 0 0 0" size="0.00190816992 0.09898631460000001 0.0741006236016" solref="0.001 1" type="box" />
    </body>
    <body name="4_part3" pos="-0.18008353620000003 0.0 -0.22802631155015038" quat="1 0 0 0">
      <geom conaffinity="0" contype="0" density="0" mesh="part3" name="4_part3_mesh" pos="0.0 0.0 0.0" rgba="0.82 0.71 0.55 1" type="mesh" />
      <site name="4_part3_horizontal_radius_site" pos="0.0 0.0 0.0" quat="1 0 0 0" rgba="0 0 0 0" size="0.000250416" />
      <site name="4_part3_top_site" pos="0.0 0.0 0.07410059948653921" quat="1 0 0 0" rgba="0 0 0 0" size="0.000250416" />
      <site name="4_part3_bottom_site" pos="0.0 0.0 -0.07410059948653921" quat="1 0 0 0" rgba="0 0 0 0" size="0.000250416" />
      <site name="4_part3_corner_site8" pos="-0.00190816992 0.0989863161275376 0.07410059948653921" quat="1 0 0 0" rgba="0 0 0 0" size="0.00500832" />
      <site name="4_part3_corner_site7" pos="0.00190816992 0.0989863161275376 0.07410059948653921" quat="1 0 0 0" rgba="0 0 0 0" size="0.00500832" />
      <site name="4_part3_corner_site6" pos="0.00190816992 -0.0989863161275376 0.07410059948653921" quat="1 0 0 0" rgba="0 0 0 0" size="0.00500832" />
      <site name="4_part3_corner_site5" pos="-0.00190816992 -0.0989863161275376 0.07410059948653921" quat="1 0 0 0" rgba="0 0 0 0" size="0.00500832" />
      <site name="4_part3_corner_site4" pos="-0.00190816992 0.0989863161275376 -0.07410059948653921" quat="1 0 0 0" rgba="0 0 0 0" size="0.00500832" />
      <site name="4_part3_corner_site3" pos="0.00190816992 0.0989863161275376 -0.07410059948653921" quat="1 0 0 0" rgba="0 0 0 0" size="0.00500832" />
      <site name="4_part3_corner_site2" pos="0.00190816992 -0.0989863161275376 -0.07410059948653921" quat="1 0 0 0" rgba="0 0 0 0" size="0.00500832" />
      <site name="4_part3_corner_site1" pos="-0.00190816992 -0.0989863161275376 -0.07410059948653921" quat="1 0 0 0" rgba="0 0 0 0" size="0.00500832" />
      <site name="divider-floor,0,180,conn_site1" pos="0.0 0.0 -0.07410059856000001" quat="1 0 0 0" rgba="0.2627 0.3882 0.8470 0.3" size="0.00500832" />
      <geom density="50" name="noviz_collision_4_part3_0" pos="0.0 0.0 0.0" quat="1 0 0 0" rgba="0 0 0 0" size="0.00190816992 0.09898631460000001 0.07410059856000001" solref="0.001 1" type="box" />
    </body>
    <body name="3_part2" pos="-0.18008353620000003 0.0 -0.076008769606872" quat="1 0 0 0">
      <geom conaffinity="0" contype="0" density="0" mesh="part2" name="3_part2_mesh" pos="0.0 0.0 0.0" rgba="0.82 0.71 0.55 1" type="mesh" />
      <site name="3_part2_horizontal_radius_site" pos="0.0 0.0 0.0" quat="1 0 0 0" rgba="0 0 0 0" size="0.000250416" />
      <site name="3_part2_top_site" pos="0.0 0.0 0.0741006071242272" quat="1 0 0 0" rgba="0 0 0 0" size="0.000250416" />
      <site name="3_part2_bottom_site" pos="0.0 0.0 -0.0741006071242272" quat="1 0 0 0" rgba="0 0 0 0" size="0.000250416" />
      <site name="3_part2_corner_site8" pos="-0.00190816992 0.0989863161275376 0.0741006071242272" quat="1 0 0 0" rgba="0 0 0 0" size="0.00500832" />
      <site name="3_part2_corner_site7" pos="0.00190816992 0.0989863161275376 0.0741006071242272" quat="1 0 0 0" rgba="0 0 0 0" size="0.00500832" />
      <site name="3_part2_corner_site6" pos="0.00190816992 -0.0989863161275376 0.0741006071242272" quat="1 0 0 0" rgba="0 0 0 0" size="0.00500832" />
      <site name="3_part2_corner_site5" pos="-0.00190816992 -0.0989863161275376 0.0741006071242272" quat="1 0 0 0" rgba="0 0 0 0" size="0.00500832" />
      <site name="3_part2_corner_site4" pos="-0.00190816992 0.0989863161275376 -0.0741006071242272" quat="1 0 0 0" rgba="0 0 0 0" size="0.00500832" />
      <site name="3_part2_corner_site3" pos="0.00190816992 0.0989863161275376 -0.0741006071242272" quat="1 0 0 0" rgba="0 0 0 0" size="0.00500832" />
      <site name="3_part2_corner_site2" pos="0.00190816992 -0.0989863161275376 -0.0741006071242272" quat="1 0 0 0" rgba="0 0 0 0" size="0.00500832" />
      <site name="3_part2_corner_site1" pos="-0.00190816992 -0.0989863161275376 -0.0741006071242272" quat="1 0 0 0" rgba="0 0 0 0" size="0.00500832" />
      <site name="divider-floor,0,180,conn_site2" pos="0.0 0.0 -0.0741006236016" quat="1 0 0 0" rgba="0.2627 0.3882 0.8470 0.3" size="0.00500832" />
      <geom density="50" name="noviz_collision_3_part2_0" pos="0.0 0.0 -7.51248e-09" quat="1 0 0 0" rgba="0 0 0 0" size="0.00190816992 0.09898631460000001 0.07410059856000001" solref="0.001 1" type="box" />
    </body>
    <body name="2_part10" pos="-0.18008353620000003 -1.5275376000000001e-09 -0.30848747640998403" quat="1 0 0 0">
      <geom conaffinity="0" contype="0" density="0" mesh="part10" name="2_part10_mesh" pos="0.0 0.0 0.0" rgba="0.82 0.71 0.55 1" type="mesh" />
      <site name="2_part10_horizontal_radius_site" pos="0.0 0.0 0.0" quat="1 0 0 0" rgba="0 0 0 0" size="0.000250416" />
      <site name="2_part10_top_site" pos="0.0 0.0 0.006360566400000001" quat="1 0 0 0" rgba="0 0 0 0" size="0.000250416" />
      <site name="2_part10_bottom_site" pos="0.0 0.0 -0.006360566400000001" quat="1 0 0 0" rgba="0 0 0 0" size="0.000250416" />
      <site name="2_part10_corner_site8" pos="-0.18644410260000002 0.09898631460000001 0.006360566400000001" quat="1 0 0 0" rgba="0 0 0 0" size="0.00500832" />
      <site name="2_part10_corner_site7" pos="0.18644410260000002 0.09898631460000001 0.006360566400000001" quat="1 0 0 0" rgba="0 0 0 0" size="0.00500832" />
      <site name="2_part10_corner_site6" pos="0.18644410260000002 -0.09898631460000001 0.006360566400000001" quat="1 0 0 0" rgba="0 0 0 0" size="0.00500832" />
      <site name="2_part10_corner_site5" pos="-0.18644410260000002 -0.09898631460000001 0.006360566400000001" quat="1 0 0 0" rgba="0 0 0 0" size="0.00500832" />
      <site name="2_part10_corner_site4" pos="-0.18644410260000002 0.09898631460000001 -0.006360566400000001" quat="1 0 0 0" rgba="0 0 0 0" size="0.00500832" />
      <site name="2_part10_corner_site3" pos="0.18644410260000002 0.09898631460000001 -0.006360566400000001" quat="1 0 0 0" rgba="0 0 0 0" size="0.00500832" />
      <site name="2_part10_corner_site2" pos="0.18644410260000002 -0.09898631460000001 -0.006360566400000001" quat="1 0 0 0" rgba="0 0 0 0" size="0.00500832" />
      <site name="2_part10_corner_site1" pos="-0.18644410260000002 -0.09898631460000001 -0.006360566400000001" quat="1 0 0 0" rgba="0 0 0 0" size="0.00500832" />
      <site name="bottom-leftwall,0,conn_site1" pos="-0.1780113438 0.0 0.006360571408320001" quat="1 0 0 0" rgba="0.9607 0.5098 0.1921 0.3" size="0.00500832" />
      <site name="floor-divider,0,180,conn_site1" pos="0.0 0.0 0.006360571408320001" quat="1 0 0 0" rgba="0.2627 0.3882 0.8470 0.3" size="0.00500832" />
      <site name="floor-rightwall,0,conn_site1" pos="0.17632729620000004 0.0 0.006360571408320001" quat="1 0 0 0" rgba="0.9019 0.0980 0.2941 0.3" size="0.00500832" />
      <geom density="50" name="noviz_collision_2_part10_0" pos="0.0 0.0 0.0" quat="1 0 0 0" rgba="0 0 0 0" size="0.18644410260000002 0.09898631460000001 0.006360571408320001" solref="0.001 1" type="box" />
    </body>
    <body name="1_part1" pos="-0.36016707240000007 0.0 -3.0049919999999998e-09" quat="1 0 0 0">
      <geom conaffinity="0" contype="0" density="0" mesh="part1" name="1_part1_mesh" pos="0.0 0.0 0.0" rgba="0.82 0.71 0.55 1" type="mesh" />
      <site name="1_part1_horizontal_radius_site" pos="0.0 0.0 -3.0049919999999998e-09" quat="1 0 0 0" rgba="0 0 0 0" size="0.000250416" />
      <site name="1_part1_top_site" pos="0.0 0.0 0.30212690400000003" quat="1 0 0 0" rgba="0 0 0 0" size="0.000250416" />
      <site name="1_part1_bottom_site" pos="0.0 0.0 -0.302126910009984" quat="1 0 0 0" rgba="0 0 0 0" size="0.000250416" />
      <site name="1_part1_corner_site8" pos="-0.006360566400000001 0.0989863161275376 0.30212690400000003" quat="1 0 0 0" rgba="0 0 0 0" size="0.00500832" />
      <site name="1_part1_corner_site7" pos="0.006360566400000001 0.0989863161275376 0.30212690400000003" quat="1 0 0 0" rgba="0 0 0 0" size="0.00500832" />
      <site name="1_part1_corner_site6" pos="0.006360566400000001 -0.0989863161275376 0.30212690400000003" quat="1 0 0 0" rgba="0 0 0 0" size="0.00500832" />
      <site name="1_part1_corner_site5" pos="-0.006360566400000001 -0.0989863161275376 0.30212690400000003" quat="1 0 0 0" rgba="0 0 0 0" size="0.00500832" />
      <site name="1_part1_corner_site4" pos="-0.006360566400000001 0.0989863161275376 -0.302126910009984" quat="1 0 0 0" rgba="0 0 0 0" size="0.00500832" />
      <site name="1_part1_corner_site3" pos="0.006360566400000001 0.0989863161275376 -0.302126910009984" quat="1 0 0 0" rgba="0 0 0 0" size="0.00500832" />
      <site name="1_part1_corner_site2" pos="0.006360566400000001 -0.0989863161275376 -0.302126910009984" quat="1 0 0 0" rgba="0 0 0 0" size="0.00500832" />
      <site name="1_part1_corner_site1" pos="-0.006360566400000001 -0.0989863161275376 -0.302126910009984" quat="1 0 0 0" rgba="0 0 0 0" size="0.00500832" />
      <site name="leftwall-shelf,0,conn_site3" pos="0.006329269408320001 0.0 0.15150168" quat="0.7071067 0 -0.7071068 0" rgba="1.0 0.8823 0.0980 0.3" size="0.00500832" />
      <site name="leftwall-shelf,0,conn_site2" pos="0.006078853408320001 0.0 -0.00100166149584" quat="1 0 0 0" rgba="1.0 0.8823 0.0980 0.3" size="0.00500832" />
      <site name="leftwall-shelf,0,conn_site1" pos="0.0073309334083200015 0.0 -0.153505008" quat="0.7071067 0 -0.7071068 0" rgba="1.0 0.8823 0.0980 0.3" size="0.00500832" />
      <site name="leftwall-bottom,0,conn_site1" pos="0.00207219740832 0.0 -0.30212690400000003" quat="1 0 0 0" rgba="0.9607 0.5098 0.1921 0.3" size="0.00500832" />
      <geom density="50" name="noviz_collision_1_part1_0" pos="1.054501776e-05 0.0 0.0" quat="1 0 0 0" rgba="0 0 0 0" size="0.00637111893024 0.09898631460000001 0.30212690400000003" solref="0.001 1" type="box" />
    </body>
  </worldbody>
  <actuator />
  <sensor />
  <contact />
  <default />
</mujoco>
