<mujoco model="cabinet_akurum_0019">
  <custom>
    <numeric data="0.004059 0.31079 0.004853 -0.001617 -0.0 -3e-06 -0.999999" name="0_part0_initpos" />
    <numeric data="0.02032 -0.15402 0.001323 0.510748 -0.510748 -0.489016 0.489016" name="4_part4_initpos" />
    <numeric data="-0.31779 0.083549 0.00497 0.707106 -0.000865 -0.707106 -0.000865" name="3_part3_initpos" />
    <numeric data="0.323864 0.101651 0.00497 0.707107 0.0 -0.707107 0.0" name="2_part2_initpos" />
    <numeric data="0.000714 0.097012 0.004987 1.0 -0.000629 0.0 -0.0" name="1_part1_initpos" />
  </custom>
  <asset>
    <mesh file="cabinet_akurum_0019/0.stl" name="part0" scale="0.01 0.01 0.01" />
    <mesh file="cabinet_akurum_0019/4.stl" name="part4" scale="0.01 0.01 0.01" />
    <mesh file="cabinet_akurum_0019/3.stl" name="part3" scale="0.01 0.01 0.01" />
    <mesh file="cabinet_akurum_0019/2.stl" name="part2" scale="0.01 0.01 0.01" />
    <mesh file="cabinet_akurum_0019/1.stl" name="part1" scale="0.01 0.01 0.01" />
  </asset>
  <equality>
    <weld active="false" body1="0_part0" body2="2_part2" solimp="1 1 0.5" solref="0.01 0.3" />
    <weld active="false" body1="0_part0" body2="3_part3" solimp="1 1 0.5" solref="0.01 0.3" />
    <weld active="false" body1="1_part1" body2="2_part2" solimp="1 1 0.5" solref="0.01 0.3" />
    <weld active="false" body1="1_part1" body2="3_part3" solimp="1 1 0.5" solref="0.01 0.3" />
    <weld active="false" body1="0_part0" body2="4_part4" solimp="1 1 0.5" solref="0.01 0.3" />
    <weld active="false" body1="1_part1" body2="4_part4" solimp="1 1 0.5" solref="0.01 0.3" />
    <weld active="false" body1="1_part1" body2="3_part3" solimp="1 1 0.5" solref="0.01 0.3" />
    <weld active="false" body1="1_part1" body2="2_part2" solimp="1 1 0.5" solref="0.01 0.3" />
    <weld active="false" body1="0_part0" body2="3_part3" solimp="1 1 0.5" solref="0.01 0.3" />
    <weld active="false" body1="0_part0" body2="2_part2" solimp="1 1 0.5" solref="0.01 0.3" />
    <weld active="false" body1="1_part1" body2="4_part4" solimp="1 1 0.5" solref="0.01 0.3" />
    <weld active="false" body1="0_part0" body2="4_part4" solimp="1 1 0.5" solref="0.01 0.3" />
  </equality>
  <worldbody>
    <body name="0_part0" pos="0.0 -2e-09 -0.0" quat="1 0 0 0">
      <geom conaffinity="0" contype="0" density="0" mesh="part0" name="0_part0_mesh" pos="0.0 0.0 0.0" rgba="0.82 0.71 0.55 1" type="mesh" />
      <site name="0_part0_horizontal_radius_site" pos="0.0 -2e-09 -0.0" quat="1 0 0 0" rgba="0 0 0 0" size="0.01" />
      <site name="0_part0_top_site" pos="0.0 -1e-09 0.005" quat="1 0 0 0" rgba="0 0 0 0" size="0.01" />
      <site name="0_part0_bottom_site" pos="0.0 -1e-09 -0.005" quat="1 0 0 0" rgba="0 0 0 0" size="0.01" />
      <site name="0_part0_corner_site8" pos="-0.1 0.08 0.005" quat="1 0 0 0" rgba="0 0 0 0" size="0.01" />
      <site name="0_part0_corner_site7" pos="0.1 0.08 0.005" quat="1 0 0 0" rgba="0 0 0 0" size="0.01" />
      <site name="0_part0_corner_site6" pos="0.1 -0.080000003 0.005" quat="1 0 0 0" rgba="0 0 0 0" size="0.01" />
      <site name="0_part0_corner_site5" pos="-0.1 -0.080000003 0.005" quat="1 0 0 0" rgba="0 0 0 0" size="0.01" />
      <site name="0_part0_corner_site4" pos="-0.1 0.08 -0.005" quat="1 0 0 0" rgba="0 0 0 0" size="0.01" />
      <site name="0_part0_corner_site3" pos="0.1 0.08 -0.005" quat="1 0 0 0" rgba="0 0 0 0" size="0.01" />
      <site name="0_part0_corner_site2" pos="0.1 -0.080000003 -0.005" quat="1 0 0 0" rgba="0 0 0 0" size="0.01" />
      <site name="0_part0_corner_site1" pos="-0.1 -0.080000003 -0.005" quat="1 0 0 0" rgba="0 0 0 0" size="0.01" />
      <site name="flat-side,0,180,conn_site4" pos="-0.095 0.00125 -0.005" quat="1 0 0 0" rgba="0.9019 0.0980 0.2941 0.3" size="0.01" />
      <site name="flat-side,0,180,conn_site3" pos="0.0945 0.00125 -0.005" quat="1 0 0 0" rgba="0.9019 0.0980 0.2941 0.3" size="0.01" />
      <site name="flat-back,0,conn_site2" pos="0.0 -0.0751 -0.0006" quat="0.7071067 0.7071068 0 0" rgba="0.2352 0.7058 0.2941 0.3" size="0.01" />
      <geom density="50" name="noviz_collision_0_part0_0" pos="0.0 0.0028000000000000004 1.66e-05" quat="1 0 0 0" rgba="0 0 0 0" size="0.1 0.0775 0.0049" solref="0.001 1" type="box" />
      <geom density="50" name="noviz_collision_0_part0_1" pos="0.0 -0.0775 0.0022" quat="1 0 0 0" rgba="0 0 0 0" size="0.1 0.0025 0.0025" solref="0.001 1" type="box" />
    </body>
    <body name="4_part4" pos="0.0 -0.076250003 -0.145" quat="1 0 0 0">
      <geom conaffinity="0" contype="0" density="0" mesh="part4" name="4_part4_mesh" pos="0.0 0.0 0.0" rgba="0.82 0.71 0.55 1" type="mesh" />
      <site name="4_part4_horizontal_radius_site" pos="0.0 0.0 0.0" quat="1 0 0 0" rgba="0 0 0 0" size="0.01" />
      <site name="4_part4_top_site" pos="0.0 0.0 0.145" quat="1 0 0 0" rgba="0 0 0 0" size="0.01" />
      <site name="4_part4_bottom_site" pos="0.0 0.0 -0.145" quat="1 0 0 0" rgba="0 0 0 0" size="0.01" />
      <site name="4_part4_corner_site8" pos="-0.1 0.00125 0.145" quat="1 0 0 0" rgba="0 0 0 0" size="0.01" />
      <site name="4_part4_corner_site7" pos="0.1 0.00125 0.145" quat="1 0 0 0" rgba="0 0 0 0" size="0.01" />
      <site name="4_part4_corner_site6" pos="0.1 -0.00125 0.145" quat="1 0 0 0" rgba="0 0 0 0" size="0.01" />
      <site name="4_part4_corner_site5" pos="-0.1 -0.00125 0.145" quat="1 0 0 0" rgba="0 0 0 0" size="0.01" />
      <site name="4_part4_corner_site4" pos="-0.1 0.00125 -0.145" quat="1 0 0 0" rgba="0 0 0 0" size="0.01" />
      <site name="4_part4_corner_site3" pos="0.1 0.00125 -0.145" quat="1 0 0 0" rgba="0 0 0 0" size="0.01" />
      <site name="4_part4_corner_site2" pos="0.1 -0.00125 -0.145" quat="1 0 0 0" rgba="0 0 0 0" size="0.01" />
      <site name="4_part4_corner_site1" pos="-0.1 -0.00125 -0.145" quat="1 0 0 0" rgba="0 0 0 0" size="0.01" />
      <site name="back-flat,0,conn_site2" pos="0.0 0.00115 0.1444" quat="0.7071067 0.7071068 0 0" rgba="0.2352 0.7058 0.2941 0.3" size="0.01" />
      <site name="back-flat,0,conn_site1" pos="0.0 0.00115 -0.1445" quat="0 0 0.7071068 -0.7071067" rgba="0.2352 0.7058 0.2941 0.3" size="0.01" />
      <geom density="50" name="noviz_collision_4_part4_0" pos="0.0 0.0 0.0" quat="1 0 0 0" rgba="0 0 0 0" size="0.1 0.00125 0.145" solref="0.001 1" type="box" />
    </body>
    <body name="3_part3" pos="0.094999998 0.0025 -0.145" quat="1 0 0 0">
      <geom conaffinity="0" contype="0" density="0" mesh="part3" name="3_part3_mesh" pos="0.0 0.0 0.0" rgba="0.82 0.71 0.55 1" type="mesh" />
      <site name="3_part3_horizontal_radius_site" pos="-0.0 0.0 0.0" quat="1 0 0 0" rgba="0 0 0 0" size="0.01" />
      <site name="3_part3_top_site" pos="0.0 0.0 0.14" quat="1 0 0 0" rgba="0 0 0 0" size="0.01" />
      <site name="3_part3_bottom_site" pos="0.0 0.0 -0.14" quat="1 0 0 0" rgba="0 0 0 0" size="0.01" />
      <site name="3_part3_corner_site8" pos="-0.005000002 0.077500005 0.14" quat="1 0 0 0" rgba="0 0 0 0" size="0.01" />
      <site name="3_part3_corner_site7" pos="0.005000002 0.077500005 0.14" quat="1 0 0 0" rgba="0 0 0 0" size="0.01" />
      <site name="3_part3_corner_site6" pos="0.005000002 -0.077500005 0.14" quat="1 0 0 0" rgba="0 0 0 0" size="0.01" />
      <site name="3_part3_corner_site5" pos="-0.005000002 -0.077500005 0.14" quat="1 0 0 0" rgba="0 0 0 0" size="0.01" />
      <site name="3_part3_corner_site4" pos="-0.005000002 0.077500005 -0.14" quat="1 0 0 0" rgba="0 0 0 0" size="0.01" />
      <site name="3_part3_corner_site3" pos="0.005000002 0.077500005 -0.14" quat="1 0 0 0" rgba="0 0 0 0" size="0.01" />
      <site name="3_part3_corner_site2" pos="0.005000002 -0.077500005 -0.14" quat="1 0 0 0" rgba="0 0 0 0" size="0.01" />
      <site name="3_part3_corner_site1" pos="-0.005000002 -0.077500005 -0.14" quat="1 0 0 0" rgba="0 0 0 0" size="0.01" />
      <site name="side-flat,0,180,conn_site3" pos="-0.0005 -0.00125 0.14" quat="1 0 0 0" rgba="0.9019 0.0980 0.2941 0.3" size="0.01" />
      <site name="side-flat,0,180,conn_site1" pos="0.0002 -0.00125 -0.1403" quat="0 0 1 0" rgba="0.9019 0.0980 0.2941 0.3" size="0.01" />
      <geom density="50" name="noviz_collision_3_part3_0" pos="0.0 0.0 0.0" quat="1 0 0 0" rgba="0 0 0 0" size="0.005 0.0775 0.14" solref="0.001 1" type="box" />
    </body>
    <body name="2_part2" pos="-0.094999997 0.0025 -0.145" quat="1 0 0 0">
      <geom conaffinity="0" contype="0" density="0" mesh="part2" name="2_part2_mesh" pos="0.0 0.0 0.0" rgba="0.82 0.71 0.55 1" type="mesh" />
      <site name="2_part2_horizontal_radius_site" pos="-0.0 0.0 -0.0" quat="1 0 0 0" rgba="0 0 0 0" size="0.01" />
      <site name="2_part2_top_site" pos="0.0 0.0 0.14" quat="1 0 0 0" rgba="0 0 0 0" size="0.01" />
      <site name="2_part2_bottom_site" pos="0.0 0.0 -0.14" quat="1 0 0 0" rgba="0 0 0 0" size="0.01" />
      <site name="2_part2_corner_site8" pos="-0.005000002999999999 0.077500005 0.14" quat="1 0 0 0" rgba="0 0 0 0" size="0.01" />
      <site name="2_part2_corner_site7" pos="0.005000002999999999 0.077500005 0.14" quat="1 0 0 0" rgba="0 0 0 0" size="0.01" />
      <site name="2_part2_corner_site6" pos="0.005000002999999999 -0.077500005 0.14" quat="1 0 0 0" rgba="0 0 0 0" size="0.01" />
      <site name="2_part2_corner_site5" pos="-0.005000002999999999 -0.077500005 0.14" quat="1 0 0 0" rgba="0 0 0 0" size="0.01" />
      <site name="2_part2_corner_site4" pos="-0.005000002999999999 0.077500005 -0.14" quat="1 0 0 0" rgba="0 0 0 0" size="0.01" />
      <site name="2_part2_corner_site3" pos="0.005000002999999999 0.077500005 -0.14" quat="1 0 0 0" rgba="0 0 0 0" size="0.01" />
      <site name="2_part2_corner_site2" pos="0.005000002999999999 -0.077500005 -0.14" quat="1 0 0 0" rgba="0 0 0 0" size="0.01" />
      <site name="2_part2_corner_site1" pos="-0.005000002999999999 -0.077500005 -0.14" quat="1 0 0 0" rgba="0 0 0 0" size="0.01" />
      <site name="side-flat,0,180,conn_site4" pos="0.0 -0.00125 0.14" quat="1 0 0 0" rgba="0.9019 0.0980 0.2941 0.3" size="0.01" />
      <site name="side-flat,0,180,conn_site2" pos="-0.0002 -0.00125 -0.1403" quat="0 0 1 0" rgba="0.9019 0.0980 0.2941 0.3" size="0.01" />
      <geom density="50" name="noviz_collision_2_part2_0" pos="0.0 0.0 0.0" quat="1 0 0 0" rgba="0 0 0 0" size="0.005 0.0775 0.14" solref="0.001 1" type="box" />
    </body>
    <body name="1_part1" pos="0.0 -2e-09 -0.29" quat="1 0 0 0">
      <geom conaffinity="0" contype="0" density="0" mesh="part1" name="1_part1_mesh" pos="0.0 0.0 0.0" rgba="0.82 0.71 0.55 1" type="mesh" />
      <site name="1_part1_horizontal_radius_site" pos="0.0 -2e-09 0.0" quat="1 0 0 0" rgba="0 0 0 0" size="0.01" />
      <site name="1_part1_top_site" pos="0.0 -1e-09 0.005" quat="1 0 0 0" rgba="0 0 0 0" size="0.01" />
      <site name="1_part1_bottom_site" pos="0.0 -1e-09 -0.005" quat="1 0 0 0" rgba="0 0 0 0" size="0.01" />
      <site name="1_part1_corner_site8" pos="-0.1 0.08 0.005" quat="1 0 0 0" rgba="0 0 0 0" size="0.01" />
      <site name="1_part1_corner_site7" pos="0.1 0.08 0.005" quat="1 0 0 0" rgba="0 0 0 0" size="0.01" />
      <site name="1_part1_corner_site6" pos="0.1 -0.080000003 0.005" quat="1 0 0 0" rgba="0 0 0 0" size="0.01" />
      <site name="1_part1_corner_site5" pos="-0.1 -0.080000003 0.005" quat="1 0 0 0" rgba="0 0 0 0" size="0.01" />
      <site name="1_part1_corner_site4" pos="-0.1 0.08 -0.005" quat="1 0 0 0" rgba="0 0 0 0" size="0.01" />
      <site name="1_part1_corner_site3" pos="0.1 0.08 -0.005" quat="1 0 0 0" rgba="0 0 0 0" size="0.01" />
      <site name="1_part1_corner_site2" pos="0.1 -0.080000003 -0.005" quat="1 0 0 0" rgba="0 0 0 0" size="0.01" />
      <site name="1_part1_corner_site1" pos="-0.1 -0.080000003 -0.005" quat="1 0 0 0" rgba="0 0 0 0" size="0.01" />
      <site name="flat-side,0,180,conn_site2" pos="-0.09519999999999999 0.00125 0.0047" quat="0 0 1 0" rgba="0.9019 0.0980 0.2941 0.3" size="0.01" />
      <site name="flat-side,0,180,conn_site1" pos="0.09519999999999999 0.00125 0.0047" quat="0 0 1 0" rgba="0.9019 0.0980 0.2941 0.3" size="0.01" />
      <site name="flat-back,0,conn_site1" pos="0.0 -0.0751 0.0005" quat="0 0 0.7071068 -0.7071067" rgba="0.2352 0.7058 0.2941 0.3" size="0.01" />
      <geom density="50" name="noviz_collision_1_part1_0" pos="0.0 0.0025 -1.66e-05" quat="1 0 0 0" rgba="0 0 0 0" size="0.1 0.0775 0.0049" solref="0.001 1" type="box" />
      <geom density="50" name="noviz_collision_1_part1_1" pos="0.0 -0.0776 -0.0026000000000000003" quat="1 0 0 0" rgba="0 0 0 0" size="0.1 0.0025 0.0025" solref="0.001 1" type="box" />
    </body>
  </worldbody>
  <actuator />
  <sensor />
  <contact />
  <default />
</mujoco>
