<mujoco model="cabinet_bjorken_0203">
  <custom>
    <numeric data="-0.525676 0.300574 0.004203 0.49885 0.49885 0.501147 0.501147" name="0_part0_initpos" />
    <numeric data="0.045769 0.094294 0.002087 0.5 -0.5 -0.5 -0.5" name="8_part8_initpos" />
    <numeric data="0.267573 0.101832 0.004203 0.707107 0.707107 0.0 -0.0" name="7_part7_initpos" />
    <numeric data="0.445945 0.119366 0.00363 0.0 0.0 0.707107 -0.707107" name="5_part5_initpos" />
    <numeric data="-0.177244 0.307642 0.004203 1.0 0.0 -0.0 0.000819" name="4_part4_initpos" />
    <numeric data="-0.176882 -0.220552 0.004203 1.0 0.0 0.0 -0.0" name="3_part3_initpos" />
    <numeric data="-0.169219 0.030229 0.004203 0.999999 -0.0 -0.0 -0.001234" name="2_part2_initpos" />
    <numeric data="-0.417963 -0.033232 0.004307 0.707107 0.707107 0.000188 0.000188" name="1_part1_initpos" />
  </custom>
  <asset>
    <mesh file="cabinet_bjorken_0203/0.stl" name="part0" scale="0.00033333 0.00033333 0.00033333" />
    <mesh file="cabinet_bjorken_0203/8.stl" name="part8" scale="0.00033333 0.00033333 0.00033333" />
    <mesh file="cabinet_bjorken_0203/7.stl" name="part7" scale="0.00033333 0.00033333 0.00033333" />
    <mesh file="cabinet_bjorken_0203/5.stl" name="part5" scale="0.00033333 0.00033333 0.00033333" />
    <mesh file="cabinet_bjorken_0203/4.stl" name="part4" scale="0.00033333 0.00033333 0.00033333" />
    <mesh file="cabinet_bjorken_0203/3.stl" name="part3" scale="0.00033333 0.00033333 0.00033333" />
    <mesh file="cabinet_bjorken_0203/2.stl" name="part2" scale="0.00033333 0.00033333 0.00033333" />
    <mesh file="cabinet_bjorken_0203/1.stl" name="part1" scale="0.00033333 0.00033333 0.00033333" />
  </asset>
  <equality>
    <weld active="false" body1="7_part7" body2="2_part2" solimp="1 1 0.5" solref="0.01 0.3" />
    <weld active="false" body1="7_part7" body2="4_part4" solimp="1 1 0.5" solref="0.01 0.3" />
    <weld active="false" body1="1_part1" body2="5_part5" solimp="1 1 0.5" solref="0.01 0.3" />
    <weld active="false" body1="0_part0" body2="5_part5" solimp="1 1 0.5" solref="0.01 0.3" />
    <weld active="false" body1="5_part5" body2="2_part2" solimp="1 1 0.5" solref="0.01 0.3" />
    <weld active="false" body1="7_part7" body2="3_part3" solimp="1 1 0.5" solref="0.01 0.3" />
    <weld active="false" body1="8_part8" body2="2_part2" solimp="1 1 0.5" solref="0.01 0.3" />
  </equality>
  <worldbody>
    <body name="0_part0" pos="0.0 -3.3333e-11 -0.0" quat="1 0 0 0">
      <geom conaffinity="0" contype="0" density="0" mesh="part0" name="0_part0_mesh" pos="0.0 0.0 0.0" rgba="0.82 0.71 0.55 1" type="mesh" />
      <site name="0_part0_horizontal_radius_site" pos="0.0 -3.3333e-11 -0.0" quat="1 0 0 0" rgba="0 0 0 0" size="0.00033333" />
      <site name="0_part0_top_site" pos="0.0 -3.3333e-11 0.205314617566626" quat="1 0 0 0" rgba="0 0 0 0" size="0.00033333" />
      <site name="0_part0_bottom_site" pos="0.0 -3.3333e-11 -0.205314617566626" quat="1 0 0 0" rgba="0 0 0 0" size="0.00033333" />
      <site name="0_part0_corner_site8" pos="-0.101598984 0.004233296566611 0.205314617566626" quat="1 0 0 0" rgba="0 0 0 0" size="0.006666600000000001" />
      <site name="0_part0_corner_site7" pos="0.101598984 0.004233296566611 0.205314617566626" quat="1 0 0 0" rgba="0 0 0 0" size="0.006666600000000001" />
      <site name="0_part0_corner_site6" pos="0.101598984 -0.004233296666610001 0.205314617566626" quat="1 0 0 0" rgba="0 0 0 0" size="0.006666600000000001" />
      <site name="0_part0_corner_site5" pos="-0.101598984 -0.004233296666610001 0.205314617566626" quat="1 0 0 0" rgba="0 0 0 0" size="0.006666600000000001" />
      <site name="0_part0_corner_site4" pos="-0.101598984 0.004233296566611 -0.205314617566626" quat="1 0 0 0" rgba="0 0 0 0" size="0.006666600000000001" />
      <site name="0_part0_corner_site3" pos="0.101598984 0.004233296566611 -0.205314617566626" quat="1 0 0 0" rgba="0 0 0 0" size="0.006666600000000001" />
      <site name="0_part0_corner_site2" pos="0.101598984 -0.004233296666610001 -0.205314617566626" quat="1 0 0 0" rgba="0 0 0 0" size="0.006666600000000001" />
      <site name="0_part0_corner_site1" pos="-0.101598984 -0.004233296666610001 -0.205314617566626" quat="1 0 0 0" rgba="0 0 0 0" size="0.006666600000000001" />
      <site name="topcover-rightwall,0,conn_site1" pos="-0.09990233429999999 0.0 0.0" quat="0.7071067 0 0.7071068 0" rgba="0.9019 0.0980 0.2941 0.3" size="0.006666600000000001" />
      <geom density="50" name="noviz_collision_0_part0_0" pos="0.0 6.6666e-09 0.0" quat="1 0 0 0" rgba="0 0 0 0" size="0.101598984 0.0042333009999 0.20531461350000005" solref="0.001 1" type="box" />
    </body>
    <body name="8_part8" pos="-0.201081322599999 -0.09736568870004302 0.09948233643335401" quat="1 0 0 0">
      <geom conaffinity="0" contype="0" density="0" mesh="part8" name="8_part8_mesh" pos="0.0 0.0 0.0" rgba="0.82 0.71 0.55 1" type="mesh" />
      <site name="8_part8_horizontal_radius_site" pos="-3.3333e-11 -7.66659e-10 -1.99998e-09" quat="1 0 0 0" rgba="0 0 0 0" size="0.00033333" />
      <site name="8_part8_top_site" pos="-3.3333e-11 -7.66659e-10 0.29633037" quat="1 0 0 0" rgba="0 0 0 0" size="0.00033333" />
      <site name="8_part8_bottom_site" pos="-3.3333e-11 -7.66659e-10 -0.29633037399996004" quat="1 0 0 0" rgba="0 0 0 0" size="0.00033333" />
      <site name="8_part8_corner_site8" pos="-0.002116645633332 0.09736569349999502 0.29633037" quat="1 0 0 0" rgba="0 0 0 0" size="0.006666600000000001" />
      <site name="8_part8_corner_site7" pos="0.002116645599999 0.09736569349999502 0.29633037" quat="1 0 0 0" rgba="0 0 0 0" size="0.006666600000000001" />
      <site name="8_part8_corner_site6" pos="0.002116645599999 -0.097365695033313 0.29633037" quat="1 0 0 0" rgba="0 0 0 0" size="0.006666600000000001" />
      <site name="8_part8_corner_site5" pos="-0.002116645633332 -0.097365695033313 0.29633037" quat="1 0 0 0" rgba="0 0 0 0" size="0.006666600000000001" />
      <site name="8_part8_corner_site4" pos="-0.002116645633332 0.09736569349999502 -0.29633037399996004" quat="1 0 0 0" rgba="0 0 0 0" size="0.006666600000000001" />
      <site name="8_part8_corner_site3" pos="0.002116645599999 0.09736569349999502 -0.29633037399996004" quat="1 0 0 0" rgba="0 0 0 0" size="0.006666600000000001" />
      <site name="8_part8_corner_site2" pos="0.002116645599999 -0.097365695033313 -0.29633037399996004" quat="1 0 0 0" rgba="0 0 0 0" size="0.006666600000000001" />
      <site name="8_part8_corner_site1" pos="-0.002116645633332 -0.097365695033313 -0.29633037399996004" quat="1 0 0 0" rgba="0 0 0 0" size="0.006666600000000001" />
      <site name="back-top,0,conn_site1" pos="0.0011833181667000002 0.0 0.296017073133" quat="1 0 0 0" rgba="0.2352 0.7058 0.2941 0.3" size="0.006666600000000001" />
      <geom density="50" name="noviz_collision_8_part8_0" pos="0.0 0.0 0.0" quat="1 0 0 0" rgba="0 0 0 0" size="0.0021166388334 0.09736569300000002 0.29633037" solref="0.001 1" type="box" />
    </body>
    <body name="7_part7" pos="-0.15239847310002902 -0.19473138293336403 0.09948234256662601" quat="1 0 0 0">
      <geom conaffinity="0" contype="0" density="0" mesh="part7" name="7_part7_mesh" pos="0.0 0.0 0.0" rgba="0.82 0.71 0.55 1" type="mesh" />
      <site name="7_part7_horizontal_radius_site" pos="0.0 3.3333e-11 0.0" quat="1 0 0 0" rgba="0 0 0 0" size="0.00033333" />
      <site name="7_part7_top_site" pos="0.0 3.3333e-11 0.304796960133252" quat="1 0 0 0" rgba="0 0 0 0" size="0.00033333" />
      <site name="7_part7_bottom_site" pos="0.0 3.3333e-11 -0.304796960133252" quat="1 0 0 0" rgba="0 0 0 0" size="0.00033333" />
      <site name="7_part7_corner_site8" pos="-0.050799495066636 0.004233293533308 0.304796960133252" quat="1 0 0 0" rgba="0 0 0 0" size="0.006666600000000001" />
      <site name="7_part7_corner_site7" pos="0.050799495066636 0.004233293533308 0.304796960133252" quat="1 0 0 0" rgba="0 0 0 0" size="0.006666600000000001" />
      <site name="7_part7_corner_site6" pos="0.050799495066636 -0.004233293466642 0.304796960133252" quat="1 0 0 0" rgba="0 0 0 0" size="0.006666600000000001" />
      <site name="7_part7_corner_site5" pos="-0.050799495066636 -0.004233293466642 0.304796960133252" quat="1 0 0 0" rgba="0 0 0 0" size="0.006666600000000001" />
      <site name="7_part7_corner_site4" pos="-0.050799495066636 0.004233293533308 -0.304796960133252" quat="1 0 0 0" rgba="0 0 0 0" size="0.006666600000000001" />
      <site name="7_part7_corner_site3" pos="0.050799495066636 0.004233293533308 -0.304796960133252" quat="1 0 0 0" rgba="0 0 0 0" size="0.006666600000000001" />
      <site name="7_part7_corner_site2" pos="0.050799495066636 -0.004233293466642 -0.304796960133252" quat="1 0 0 0" rgba="0 0 0 0" size="0.006666600000000001" />
      <site name="7_part7_corner_site1" pos="-0.050799495066636 -0.004233293466642 -0.304796960133252" quat="1 0 0 0" rgba="0 0 0 0" size="0.006666600000000001" />
      <site name="leftwall-shelf,conn_site1" pos="0.0010583194167 0.0039399639333 0.1108488915" quat="0.7071067 0.7071068 0 0" rgba="1.0 0.8823 0.0980 0.3" size="0.006666600000000001" />
      <site name="leftwall-bottom,0,conn_site1" pos="0.0 0.0038666413332000002 -0.29711369550000005" quat="0.7071067 0.7071068 0 0" rgba="0.2627 0.3882 0.8470 0.3" size="0.006666600000000001" />
      <site name="leftwall-top,0,conn_site1" pos="0.0 0.0037332993333000007 0.2951803815" quat="0.7071067 0.7071068 0 0" rgba="0.9607 0.5098 0.1921 0.3" size="0.006666600000000001" />
      <geom density="50" name="noviz_collision_7_part7_0" pos="0.0008253584130000001 0.0002866804665 -9.999900000000001e-09" quat="1 0 0 0" rgba="0 0 0 0" size="0.05162485041300001 0.0045199747998 0.304796952" solref="0.001 1" type="box" />
    </body>
    <body name="5_part5" pos="-0.15239847310002902 -3.3333e-11 0.09948234256662601" quat="1 0 0 0">
      <geom conaffinity="0" contype="0" density="0" mesh="part5" name="5_part5_mesh" pos="0.0 0.0 0.0" rgba="0.82 0.71 0.55 1" type="mesh" />
      <site name="5_part5_horizontal_radius_site" pos="0.0 -3.3333e-11 0.0" quat="1 0 0 0" rgba="0 0 0 0" size="0.00033333" />
      <site name="5_part5_top_site" pos="0.0 -3.3333e-11 0.304796960133252" quat="1 0 0 0" rgba="0 0 0 0" size="0.00033333" />
      <site name="5_part5_bottom_site" pos="0.0 -3.3333e-11 -0.304796960133252" quat="1 0 0 0" rgba="0 0 0 0" size="0.00033333" />
      <site name="5_part5_corner_site8" pos="-0.050799495066636 0.004233296566611 0.304796960133252" quat="1 0 0 0" rgba="0 0 0 0" size="0.006666600000000001" />
      <site name="5_part5_corner_site7" pos="0.050799495066636 0.004233296566611 0.304796960133252" quat="1 0 0 0" rgba="0 0 0 0" size="0.006666600000000001" />
      <site name="5_part5_corner_site6" pos="0.050799495066636 -0.004233296666610001 0.304796960133252" quat="1 0 0 0" rgba="0 0 0 0" size="0.006666600000000001" />
      <site name="5_part5_corner_site5" pos="-0.050799495066636 -0.004233296666610001 0.304796960133252" quat="1 0 0 0" rgba="0 0 0 0" size="0.006666600000000001" />
      <site name="5_part5_corner_site4" pos="-0.050799495066636 0.004233296566611 -0.304796960133252" quat="1 0 0 0" rgba="0 0 0 0" size="0.006666600000000001" />
      <site name="5_part5_corner_site3" pos="0.050799495066636 0.004233296566611 -0.304796960133252" quat="1 0 0 0" rgba="0 0 0 0" size="0.006666600000000001" />
      <site name="5_part5_corner_site2" pos="0.050799495066636 -0.004233296666610001 -0.304796960133252" quat="1 0 0 0" rgba="0 0 0 0" size="0.006666600000000001" />
      <site name="5_part5_corner_site1" pos="-0.050799495066636 -0.004233296666610001 -0.304796960133252" quat="1 0 0 0" rgba="0 0 0 0" size="0.006666600000000001" />
      <site name="rightwall-top,0,conn_site1" pos="0.0 -0.003866628 0.2936470635" quat="0.7071067 -0.7071068 0 0" rgba="0.5686 0.1176 0.7058 0.3" size="0.006666600000000001" />
      <site name="rightwall-topcover,0,conn_site2" pos="0.051832815000000004 -0.000166665 0.2068479315" quat="0.7071067 0 0.7071068 0" rgba="0.9019 0.0980 0.2941 0.3" size="0.006666600000000001" />
      <site name="rightwall-topcover,0,conn_site1" pos="0.052496141700000006 0.0 -0.0994823385" quat="0.7071067 0 0.7071068 0" rgba="0.9019 0.0980 0.2941 0.3" size="0.006666600000000001" />
      <geom density="50" name="noviz_collision_5_part5_0" pos="0.0008253584130000001 -0.00028667046660000006 -9.999900000000001e-09" quat="1 0 0 0" rgba="0 0 0 0" size="0.05162485041300001 0.0039466272 0.304796952" solref="0.001 1" type="box" />
    </body>
    <body name="4_part4" pos="-0.150281830666665 -0.097365693266664 0.209547908599959" quat="1 0 0 0">
      <geom conaffinity="0" contype="0" density="0" mesh="part4" name="4_part4_mesh" pos="0.0 0.0 0.0" rgba="0.82 0.71 0.55 1" type="mesh" />
      <site name="4_part4_horizontal_radius_site" pos="0.0 -2.299977e-09 3.3333e-11" quat="1 0 0 0" rgba="0 0 0 0" size="0.00033333" />
      <site name="4_part4_top_site" pos="0.0 -2.299977e-09 0.004233299199918001" quat="1 0 0 0" rgba="0 0 0 0" size="0.00033333" />
      <site name="4_part4_bottom_site" pos="0.0 -2.299977e-09 -0.004233299133252001" quat="1 0 0 0" rgba="0 0 0 0" size="0.00033333" />
      <site name="4_part4_corner_site8" pos="-0.048682852599939 0.09313240553329799 0.004233299199918001" quat="1 0 0 0" rgba="0 0 0 0" size="0.006666600000000001" />
      <site name="4_part4_corner_site7" pos="0.048682852599939 0.09313240553329799 0.004233299199918001" quat="1 0 0 0" rgba="0 0 0 0" size="0.006666600000000001" />
      <site name="4_part4_corner_site6" pos="0.048682852599939 -0.093132410133252 0.004233299199918001" quat="1 0 0 0" rgba="0 0 0 0" size="0.006666600000000001" />
      <site name="4_part4_corner_site5" pos="-0.048682852599939 -0.093132410133252 0.004233299199918001" quat="1 0 0 0" rgba="0 0 0 0" size="0.006666600000000001" />
      <site name="4_part4_corner_site4" pos="-0.048682852599939 0.09313240553329799 -0.004233299133252001" quat="1 0 0 0" rgba="0 0 0 0" size="0.006666600000000001" />
      <site name="4_part4_corner_site3" pos="0.048682852599939 0.09313240553329799 -0.004233299133252001" quat="1 0 0 0" rgba="0 0 0 0" size="0.006666600000000001" />
      <site name="4_part4_corner_site2" pos="0.048682852599939 -0.093132410133252 -0.004233299133252001" quat="1 0 0 0" rgba="0 0 0 0" size="0.006666600000000001" />
      <site name="4_part4_corner_site1" pos="-0.048682852599939 -0.093132410133252 -0.004233299133252001" quat="1 0 0 0" rgba="0 0 0 0" size="0.006666600000000001" />
      <site name="shelf-leftwall,conn_site1" pos="-0.0010583194167 -0.09342573239999999 0.0007833188334000001" quat="0.7071067 0.7071068 0 0" rgba="1.0 0.8823 0.0980 0.3" size="0.006666600000000001" />
      <geom density="50" name="noviz_collision_4_part4_0" pos="-9.45923874e-05 9.999900000000001e-09 -1.9999800000000003e-08" quat="1 0 0 0" rgba="0 0 0 0" size="0.04858824744600001 0.093132402 0.0042332743335" solref="0.001 1" type="box" />
    </body>
    <body name="3_part3" pos="-0.15239847310002902 -0.097365693266664 -0.19684803556662603" quat="1 0 0 0">
      <geom conaffinity="0" contype="0" density="0" mesh="part3" name="3_part3_mesh" pos="0.0 0.0 0.0" rgba="0.82 0.71 0.55 1" type="mesh" />
      <site name="3_part3_horizontal_radius_site" pos="0.0 -2.299977e-09 3.3333e-11" quat="1 0 0 0" rgba="0 0 0 0" size="0.00033333" />
      <site name="3_part3_top_site" pos="0.0 -2.299977e-09 0.0042332910333330006" quat="1 0 0 0" rgba="0 0 0 0" size="0.00033333" />
      <site name="3_part3_bottom_site" pos="0.0 -2.299977e-09 -0.004233290966667001" quat="1 0 0 0" rgba="0 0 0 0" size="0.00033333" />
      <site name="3_part3_corner_site8" pos="-0.050799495066636 0.09313240553329799 0.0042332910333330006" quat="1 0 0 0" rgba="0 0 0 0" size="0.006666600000000001" />
      <site name="3_part3_corner_site7" pos="0.050799495066636 0.09313240553329799 0.0042332910333330006" quat="1 0 0 0" rgba="0 0 0 0" size="0.006666600000000001" />
      <site name="3_part3_corner_site6" pos="0.050799495066636 -0.093132410133252 0.0042332910333330006" quat="1 0 0 0" rgba="0 0 0 0" size="0.006666600000000001" />
      <site name="3_part3_corner_site5" pos="-0.050799495066636 -0.093132410133252 0.0042332910333330006" quat="1 0 0 0" rgba="0 0 0 0" size="0.006666600000000001" />
      <site name="3_part3_corner_site4" pos="-0.050799495066636 0.09313240553329799 -0.004233290966667001" quat="1 0 0 0" rgba="0 0 0 0" size="0.006666600000000001" />
      <site name="3_part3_corner_site3" pos="0.050799495066636 0.09313240553329799 -0.004233290966667001" quat="1 0 0 0" rgba="0 0 0 0" size="0.006666600000000001" />
      <site name="3_part3_corner_site2" pos="0.050799495066636 -0.093132410133252 -0.004233290966667001" quat="1 0 0 0" rgba="0 0 0 0" size="0.006666600000000001" />
      <site name="3_part3_corner_site1" pos="-0.050799495066636 -0.093132410133252 -0.004233290966667001" quat="1 0 0 0" rgba="0 0 0 0" size="0.006666600000000001" />
      <site name="bottom-leftwall,0,conn_site1" pos="0.0 -0.09349906500000002 -0.0007833388332" quat="0.7071067 0.7071068 0 0" rgba="0.2627 0.3882 0.8470 0.3" size="0.006666600000000001" />
      <geom density="50" name="noviz_collision_3_part3_0" pos="-0.0001549451172 9.999900000000001e-09 1.93264734e-05" quat="1 0 0 0" rgba="0 0 0 0" size="0.05064456021600001 0.093132402 0.00425262414" solref="0.001 1" type="box" />
    </body>
    <body name="2_part2" pos="-0.15239847310002902 -0.097365693266664 0.395812696266789" quat="1 0 0 0">
      <geom conaffinity="0" contype="0" density="0" mesh="part2" name="2_part2_mesh" pos="0.0 0.0 0.0" rgba="0.82 0.71 0.55 1" type="mesh" />
      <site name="2_part2_horizontal_radius_site" pos="0.0 -2.299977e-09 -3.3333e-11" quat="1 0 0 0" rgba="0 0 0 0" size="0.00033333" />
      <site name="2_part2_top_site" pos="0.0 -2.299977e-09 0.004233299133252001" quat="1 0 0 0" rgba="0 0 0 0" size="0.00033333" />
      <site name="2_part2_bottom_site" pos="0.0 -2.299977e-09 -0.004233299199918001" quat="1 0 0 0" rgba="0 0 0 0" size="0.00033333" />
      <site name="2_part2_corner_site8" pos="-0.050799495066636 0.09313240553329799 0.004233299133252001" quat="1 0 0 0" rgba="0 0 0 0" size="0.006666600000000001" />
      <site name="2_part2_corner_site7" pos="0.050799495066636 0.09313240553329799 0.004233299133252001" quat="1 0 0 0" rgba="0 0 0 0" size="0.006666600000000001" />
      <site name="2_part2_corner_site6" pos="0.050799495066636 -0.093132410133252 0.004233299133252001" quat="1 0 0 0" rgba="0 0 0 0" size="0.006666600000000001" />
      <site name="2_part2_corner_site5" pos="-0.050799495066636 -0.093132410133252 0.004233299133252001" quat="1 0 0 0" rgba="0 0 0 0" size="0.006666600000000001" />
      <site name="2_part2_corner_site4" pos="-0.050799495066636 0.09313240553329799 -0.004233299199918001" quat="1 0 0 0" rgba="0 0 0 0" size="0.006666600000000001" />
      <site name="2_part2_corner_site3" pos="0.050799495066636 0.09313240553329799 -0.004233299199918001" quat="1 0 0 0" rgba="0 0 0 0" size="0.006666600000000001" />
      <site name="2_part2_corner_site2" pos="0.050799495066636 -0.093132410133252 -0.004233299199918001" quat="1 0 0 0" rgba="0 0 0 0" size="0.006666600000000001" />
      <site name="2_part2_corner_site1" pos="-0.050799495066636 -0.093132410133252 -0.004233299199918001" quat="1 0 0 0" rgba="0 0 0 0" size="0.006666600000000001" />
      <site name="top-leftwall,0,conn_site1" pos="0.0 -0.09363239699999999 -0.0011499718335" quat="0.7071067 0.7071068 0 0" rgba="0.9607 0.5098 0.1921 0.3" size="0.006666600000000001" />
      <site name="top-back,0,conn_site1" pos="-0.04749952500000001 9.999900000000001e-09 -0.0003133102002" quat="1 0 0 0" rgba="0.2352 0.7058 0.2941 0.3" size="0.006666600000000001" />
      <site name="top-rightwall,0,conn_site1" pos="0.0 0.09349906500000002 -0.0026832831669" quat="0.7071067 -0.7071068 0 0" rgba="0.5686 0.1176 0.7058 0.3" size="0.006666600000000001" />
      <geom density="50" name="noviz_collision_2_part2_0" pos="-0.0001549451172 9.999900000000001e-09 -1.93264734e-05" quat="1 0 0 0" rgba="0 0 0 0" size="0.05064456021600001 0.093132402 0.0042139878597" solref="0.001 1" type="box" />
    </body>
    <body name="1_part1" pos="0.0 -3.3333e-11 0.309030248099949" quat="1 0 0 0">
      <geom conaffinity="0" contype="0" density="0" mesh="part1" name="1_part1_mesh" pos="0.0 0.0 0.0" rgba="0.82 0.71 0.55 1" type="mesh" />
      <site name="1_part1_horizontal_radius_site" pos="0.0 -3.3333e-11 1.033323e-09" quat="1 0 0 0" rgba="0 0 0 0" size="0.00033333" />
      <site name="1_part1_top_site" pos="0.0 -3.3333e-11 0.095249057666565" quat="1 0 0 0" rgba="0 0 0 0" size="0.00033333" />
      <site name="1_part1_bottom_site" pos="0.0 -3.3333e-11 -0.09524905563325199" quat="1 0 0 0" rgba="0 0 0 0" size="0.00033333" />
      <site name="1_part1_corner_site8" pos="-0.101598984 0.004233296566611 0.095249057666565" quat="1 0 0 0" rgba="0 0 0 0" size="0.006666600000000001" />
      <site name="1_part1_corner_site7" pos="0.101598984 0.004233296566611 0.095249057666565" quat="1 0 0 0" rgba="0 0 0 0" size="0.006666600000000001" />
      <site name="1_part1_corner_site6" pos="0.101598984 -0.004233296666610001 0.095249057666565" quat="1 0 0 0" rgba="0 0 0 0" size="0.006666600000000001" />
      <site name="1_part1_corner_site5" pos="-0.101598984 -0.004233296666610001 0.095249057666565" quat="1 0 0 0" rgba="0 0 0 0" size="0.006666600000000001" />
      <site name="1_part1_corner_site4" pos="-0.101598984 0.004233296566611 -0.09524905563325199" quat="1 0 0 0" rgba="0 0 0 0" size="0.006666600000000001" />
      <site name="1_part1_corner_site3" pos="0.101598984 0.004233296566611 -0.09524905563325199" quat="1 0 0 0" rgba="0 0 0 0" size="0.006666600000000001" />
      <site name="1_part1_corner_site2" pos="0.101598984 -0.004233296666610001 -0.09524905563325199" quat="1 0 0 0" rgba="0 0 0 0" size="0.006666600000000001" />
      <site name="1_part1_corner_site1" pos="-0.101598984 -0.004233296666610001 -0.09524905563325199" quat="1 0 0 0" rgba="0 0 0 0" size="0.006666600000000001" />
      <site name="topcover-rightwall,0,conn_site2" pos="-0.100565661 -0.000166665 -0.0026999863332" quat="0.7071067 0 0.7071068 0" rgba="0.9019 0.0980 0.2941 0.3" size="0.006666600000000001" />
      <geom density="50" name="noviz_collision_1_part1_0" pos="0.0 6.6666e-09 -1.9999800000000003e-08" quat="1 0 0 0" rgba="0 0 0 0" size="0.101598984 0.0042333009999 0.0952490475" solref="0.001 1" type="box" />
    </body>
  </worldbody>
  <actuator />
  <sensor />
  <contact />
  <default />
</mujoco>
