<mujoco model="chair_bertil_0148">
  <custom>
    <numeric data="0.261174 0.055009 0.037727 0.011477 -0.011329 0.702426 -0.711574" name="0_part0_initpos" />
    <numeric data="0.013485 0.085632 0.007892 0.707107 0.0 -0.707107 -0.0" name="1_part1_initpos" />
    <numeric data="-0.094549 0.059042 0.007892 0.707107 0.0 -0.707107 0.0" name="2_part2_initpos" />
    <numeric data="-0.314275 -0.124592 0.011968 0.005613 -0.005613 0.707096 -0.707073" name="3_part3_initpos" />
    <numeric data="-0.321306 0.372008 0.002946 0.0 0.000565 -1.0 -0.0" name="4_part4_initpos" />
  </custom>
  <asset>
    <mesh file="chair_bertil_0148/backlleg.stl" name="backlleg" scale="0.0156 0.0156 0.0156" />
    <mesh file="chair_bertil_0148/backrleg.stl" name="backrleg" scale="0.0156 0.0156 0.0156" />
    <mesh file="chair_bertil_0148/back_support1.stl" name="backtoppanel" scale="0.0156 0.0156 0.0156" />
    <mesh file="chair_bertil_0148/back_support2.stl" name="backmidpanel" scale="0.0156 0.0156 0.0156" />
    <mesh file="chair_bertil_0148/frontleg1.stl" name="frontlleg" scale="0.0156 0.0156 0.0156" />
    <mesh file="chair_bertil_0148/frontleg2.stl" name="frontrleg" scale="0.0156 0.0156 0.0156" />
    <mesh file="chair_bertil_0148/seat.stl" name="seat" scale="0.0156 0.0156 0.0156" />
    <mesh file="chair_bertil_0148/seat_support1.stl" name="backbotpanel" scale="0.0156 0.0156 0.0156" />
    <mesh file="chair_bertil_0148/seat_support2nopeg.stl" name="rsidesupport" scale="0.0156 0.0156 0.0156" />
    <mesh file="chair_bertil_0148/seat_support3.stl" name="frontsupport" scale="0.0156 0.0156 0.0156" />
    <mesh file="chair_bertil_0148/seat_support4nopeg.stl" name="lsidesupport" scale="0.0156 0.0156 0.0156" />
    <texture file="../textures/light-wood.png" name="tex-light-wood" type="2d" />
    <material name="light-wood" reflectance="0.5" texrepeat="20 20" texture="tex-light-wood" texuniform="true" />
  </asset>
  <equality>
    <weld active="false" body1="0_part0" body2="1_part1" solimp="1 1 0.5" solref="0.01 0.3" />
    <weld active="false" body1="0_part0" body2="2_part2" solimp="1 1 0.5" solref="0.01 0.3" />
    <weld active="false" body1="3_part3" body2="4_part4" solimp="1 1 0.5" solref="0.01 0.3" />
    <weld active="false" body1="3_part3" body2="1_part1" solimp="1 1 0.5" solref="0.01 0.3" />
    <weld active="false" body1="3_part3" body2="2_part2" solimp="1 1 0.5" solref="0.01 0.3" />
  </equality>
  <worldbody>
    <body name="0_part0" pos="0 0.1622 0" quat="1 0 0 0">
      <geom density="100" material="light-wood" mesh="backlleg" name="1_backleg_1_geom" pos="0.13 0. 0.0312" rgba="0.82 0.71 0.55 1" type="mesh" />
      <geom density="100" material="light-wood" mesh="backrleg" name="1_backleg_2_geom" pos="-0.13 0. 0.0312" rgba="0.82 0.71 0.55 1" type="mesh" />
      <geom density="100" material="light-wood" mesh="backtoppanel" name="3_backtoppanel_geom" pos="0.0 0.025 0.3432" rgba="0.82 0.71 0.55 1" type="mesh" />
      <geom density="100" material="light-wood" mesh="backmidpanel" name="4_backmidpanel_geom" pos="0.0 0.0094 0.1872" rgba="0.82 0.71 0.55 1" type="mesh" />
      <geom density="100" material="light-wood" mesh="backbotpanel" name="6_backbotpanel_geom" pos="0.0 -0.0062 -0.023" rgba="0.82 0.71 0.55 1" type="mesh" />
      <site name="backlegs-lsidesupport,0,180,conn_site" pos="0.135 -0.0322 -0.02" quat="0.707 -0.707 0 0" rgba="0.9019 0.0980 0.2941 0.3" size="0.01" />
      <site name="backlegs-rsidesupport,0,180,conn_site" pos="-0.135 -0.0322 -0.02" quat="0.707 -0.707 0 0" rgba="0.2352 0.7058 0.2941 0.3" size="0.01" />
      <site name="0_part0_bottom_site" pos="0.1294 0.0178 -0.31" rgba="0 0 0 0" size="0.0093" />
      <site name="0_part0_top_site" pos="0.1294 0.0178 0.345" rgba="0 0 0 0" size="0.0093" />
      <site name="0_part0_horizontal_radius_site" pos="0.0 0.0168 0.0" rgba="0 0 0 0" size="0.0312" />
    </body>
    <body name="1_part1" pos="0.1353 0.0 -0.023" quat="1 0 0 0">
      <geom density="100" material="light-wood" mesh="lsidesupport" name="1_part1_mesh" pos="0 0 0" rgba="0.82 0.71 0.55 1" type="mesh" />
      <geom density="100" name="noviz_collision_1_part1_0" pos="0 0 0" rgba="0 0 0 0" size="0.008 0.129 0.02" type="box" />
      <site group="1" name="1_part1_ltgt_site0" pos="0 0 -0.02" rgba="0 0 0 0" size="0.01 0.01 0.01" type="sphere" />
      <site group="1" name="1_part1_rtgt_site0" pos="0 0 0.02" rgba="0 0 0 0" size="0.01 0.01 0.01" type="sphere" />
      <site name="lsidesupport-backlegs,0,180,conn_site" pos="0.0 0.13 0.0" quat="0.707 -0.707 0 0" rgba="0.9019 0.0980 0.2941 0.3" size="0.0093" />
      <site name="lsidesupport-frontlegs,0,180,conn_site" pos="-0.000 -0.126 0.0" quat="0.707 -0.707 0 0" rgba="1.0 0.8823 0.0980 0.3" size="0.0093" />
      <site name="1_part1_bottom_site" pos="0.0 -0.136 0.0" rgba="0 0 0 0" size="0.0093" />
      <site name="1_part1_top_site" pos="0.0 0.1372 0.0" rgba="0 0 0 0" size="0.0093" />
      <site name="1_part1_horizontal_radius_site" pos="0.0 0.0 0.0" rgba="0 0 0 0" size="0.0093" />
    </body>
    <body name="2_part2" pos="-0.133 0.0 -0.023" quat="1 0 0 0">
      <geom density="100" material="light-wood" mesh="rsidesupport" name="2_part2_mesh" pos="0 0 0" rgba="0.82 0.71 0.55 1" type="mesh" />
      <geom density="100" name="noviz_collision_2_part2_0" pos="0 0 0" rgba="0 0 0 0" size="0.008 0.129 0.02" type="box" />
      <site group="1" name="2_part2_ltgt_site0" pos="0 0 -0.02" rgba="0 0 0 0" size="0.01 0.01 0.01" type="sphere" />
      <site group="1" name="2_part2_rtgt_site0" pos="0 0 0.02" rgba="0 0 0 0" size="0.01 0.01 0.01" type="sphere" />
      <site name="rsidesupport-backlegs,0,180,conn_site" pos="0.0 0.13 0.0" quat="0.707 -0.707 0 0" rgba="0.2352 0.7058 0.2941 0.3" size="0.0093" />
      <site name="rsidesupport-frontlegs,0,180,conn_site" pos="0.000 -0.126 0.0" quat="0.707 -0.707 0 0" rgba="0.2627 0.3882 0.8470 0.3" size="0.0093" />
      <site name="2_part2_bottom_site" pos="0.0 -0.136 0.0" rgba="0 0 0 0" size="0.0093" />
      <site name="2_part2_top_site" pos="0.0 0.1372 0.0" rgba="0 0 0 0" size="0.0093" />
      <site name="2_part2_horizontal_radius_site" pos="0.0 0.0 0.0" rgba="0 0 0 0" size="0.0093" />
    </body>
    <body name="3_part3" pos="0 -0.141 0" quat="1 0 0 0">
      <geom density="100" material="light-wood" mesh="frontlleg" name="3_part3_1_mesh" pos="0.1248 0 -0.156" rgba="0.82 0.71 0.55 1" type="mesh" />
      <geom density="100" material="light-wood" mesh="frontrleg" name="3_part3_2_mesh" pos="-0.124 0 -0.156" rgba="0.82 0.71 0.55 1" type="mesh" />
      <geom density="100" material="light-wood" mesh="frontsupport" name="8_frontsupport_mesh" pos="0.0 -0.005 -0.023" rgba="0.82 0.71 0.55 1" type="mesh" />
      <geom density="100" name="noviz_collision_3_part3_0" pos="0.119 0 -0.156" rgba="0 0 0 0" size="0.012 0.012 0.15" type="box" />
      <geom density="100" euler="0 0.0471 0" name="noviz_collision_3_part3_1" pos="0.126 0 -0.156" rgba="0 0 0 0" size="0.012 0.012 0.15" type="box" />
      <geom density="100" name="noviz_collision_3_part3_2" pos="-0.118 0 -0.156" rgba="0 0 0 0" size="0.012 0.012 0.15" type="box" />
      <geom density="100" euler="0 -0.0471 0" name="noviz_collision_3_part3_3" pos="-0.126 0 -0.156" rgba="0 0 0 0" size="0.012 0.012 0.15" type="box" />
      <geom density="100" name="noviz_collision_3_part3_4" pos="0.0 -0.005 -0.023" rgba="0 0 0 0" size="0.107 0.007 0.02" type="box" />
      <site group="1" name="3_part3_ltgt_site0" pos="-0.14 0 -0.15" rgba="0 0 0 0" size="0.01 0.01 0.01" type="sphere" />
      <site group="1" name="3_part3_rtgt_site0" pos="-0.10 0 -0.15" rgba="0 0 0 0" size="0.01 0.01 0.01" type="sphere" />
      <site group="1" name="3_part3_ltgt_site1" pos="-0.14 0 -0.15" rgba="0 0 0 0" size="0.01 0.01 0.01" type="sphere" />
      <site group="1" name="3_part3_rtgt_site1" pos="-0.10 0 -0.15" rgba="0 0 0 0" size="0.01 0.01 0.01" type="sphere" />
      <site name="frontlegs-seat,0,conn_site" pos="0 0 0.0" rgba="0.9607 0.5098 0.1921 0.3" size="0.01" />
      <site name="frontlegs-lsidesupport,0,180,conn_site" pos="0.13 0.012 -0.0265" quat="0.707 -0.707 00 0" rgba="1.0 0.8823 0.0980 0.3" size="0.01" />
      <site name="frontlegs-rsidesupport,0,180,conn_site" pos="-0.13 0.012 -0.0265" quat="0.707 -0.707 0 0" rgba="0.2627 0.3882 0.8470 0.3" size="0.01" />
      <site name="3_part3_corner_site1" pos="0.0 0 0.0" rgba="0 0 0 0" size="0.0093" />
      <site name="3_part3_bottom_site" pos="0.0 0 -0.32" rgba="0 0 0 0" size="0.0093" />
      <site name="3_part3_top_site" pos="0.0 0 0.01" rgba="0 0 0 0" size="0.0093" />
      <site name="3_part3_horizontal_radius_site" pos="0.0 0 0.0" rgba="0 0 0 0" size="0.02" />
    </body>
    <body name="4_part4" pos="0.0 0.0 0.0" quat="1 0 0 0">
      <geom conaffinity="0" contype="0" density="0" material="light-wood" mesh="seat" name="4_part4_geom" pos="0 0 0" rgba="0.82 0.71 0.55 1" type="mesh" />
      <geom density="50" name="noviz_collision_4_part4_0" pos="0 -0.015 0" rgba="0 0 0 0" size="0.15 0.143 0.003" type="box" />
      <geom density="50" name="noviz_collision_4_part4_1" pos="0 0 0" rgba="0 0 0 0" size="0.115 0.16 0.003" type="box" />
      <site name="seat-frontlegs,0,conn_site" pos="0 -0.139 0.005" rgba="0.9607 0.5098 0.1921 0.3" size="0.01" />
      <site name="4_part4_bottom_site" pos="0.0 0.0 -0.005" rgba="0 0 0 0" size="0.0093" />
      <site name="4_part4_top_site" pos="0.0 0.0 0.0062" rgba="0 0 0 0" size="0.0093" />
      <site name="4_part4_horizontal_radius_site" pos="0.0 0.0 0.0" rgba="0 0 0 0" size="0.0093" />
    </body>
  </worldbody>
  <actuator />
  <sensor />
  <contact />
  <default />
</mujoco>
