<mujoco model="chair_ingolf_0650">
  <custom>
    <numeric data="0.17 0.23 0.007326 0.0 -0.0 0.70709 -0.707124" name="0_part0_initpos" />
    <numeric data="0.17 -0.22 0.024596 0.0 0.0 -0.698083 0.716017" name="4_part4_initpos" />
    <numeric data="-0.25 0.107139 0.002981 0.0 0.0 -1.0 -3.8e-05" name="3_part3_initpos" />
    <numeric data="-0.05 0.094433 0.015668 0.0 1.0 0.0 0.0" name="2_part2_initpos" />
    <numeric data="-0.45 0.091377 0.015668 0.0 1.0 0.0 0.0" name="1_part1_initpos" />
  </custom>
  <asset>
    <mesh file="chair_ingolf_0650/0.stl" name="part0" scale="0.0005 0.0005 0.0005" />
    <mesh file="chair_ingolf_0650/4.stl" name="part4" scale="0.0005 0.0005 0.0005" />
    <mesh file="chair_ingolf_0650/3.stl" name="part3" scale="0.0005 0.0005 0.0005" />
    <mesh file="chair_ingolf_0650/2.stl" name="part2" scale="0.0008 0.0005 0.0005" />
    <mesh file="chair_ingolf_0650/1.stl" name="part1" scale="0.0008 0.0005 0.0005" />
  </asset>
  <equality>
    <weld active="false" body1="3_part3" body2="2_part2" solimp="1 1 0.5" solref="0.01 0.3" />
    <weld active="false" body1="3_part3" body2="1_part1" solimp="1 1 0.5" solref="0.01 0.3" />
    <weld active="false" body1="1_part1" body2="4_part4" solimp="1 1 0.5" solref="0.01 0.3" />
    <weld active="false" body1="0_part0" body2="1_part1" solimp="1 1 0.5" solref="0.01 0.3" />
    <weld active="false" body1="2_part2" body2="4_part4" solimp="1 1 0.5" solref="0.01 0.3" />
    <weld active="false" body1="0_part0" body2="2_part2" solimp="1 1 0.5" solref="0.01 0.3" />
    <weld active="false" body1="4_part4" body2="2_part2" solimp="1 1 0.5" solref="0.01 0.3" />
    <weld active="false" body1="4_part4" body2="1_part1" solimp="1 1 0.5" solref="0.01 0.3" />
    <weld active="false" body1="0_part0" body2="2_part2" solimp="1 1 0.5" solref="0.01 0.3" />
    <weld active="false" body1="0_part0" body2="1_part1" solimp="1 1 0.5" solref="0.01 0.3" />
    <weld active="false" body1="3_part3" body2="2_part2" solimp="1 1 0.5" solref="0.01 0.3" />
    <weld active="false" body1="3_part3" body2="1_part1" solimp="1 1 0.5" solref="0.01 0.3" />
  </equality>
  <worldbody>
    <body name="0_part0" pos="-1.5e-09 0.0 -0.0" quat="1 0 0 0">
      <site group="1" name="0_part0_ltgt_site0" pos="0.1 0 0.02" rgba="0 0 0 0" size="0.01 0.01 0.01" type="sphere" />
      <site group="1" name="0_part0_rtgt_site0" pos="0.12 0 0.02" rgba="0 0 0 0" size="0.01 0.01 0.01" type="sphere" />
      <geom conaffinity="0" contype="0" density="0" mesh="part0" name="0_part0_mesh" pos="0.0 0.0 0.0" rgba="0.82 0.71 0.55 1" type="mesh" />
      <site name="0_part0_horizontal_radius_site" pos="-1.5e-09 0.0 -0.0" quat="1 0 0 0" rgba="0 0 0 0" size="0.0005" />
      <site name="0_part0_top_site" pos="-1.5e-09 0.0 0.123825" quat="1 0 0 0" rgba="0 0 0 0" size="0.0005" />
      <site name="0_part0_bottom_site" pos="-1.5e-09 0.0 -0.123825" quat="1 0 0 0" rgba="0 0 0 0" size="0.0005" />
      <site name="0_part0_corner_site8" pos="-0.11430000305 0.0182237549 0.123825" quat="1 0 0 0" rgba="0 0 0 0" size="0.01" />
      <site name="0_part0_corner_site7" pos="0.11430000005 0.0182237549 0.123825" quat="1 0 0 0" rgba="0 0 0 0" size="0.01" />
      <site name="0_part0_corner_site6" pos="0.11430000005 -0.0182237549 0.123825" quat="1 0 0 0" rgba="0 0 0 0" size="0.01" />
      <site name="0_part0_corner_site5" pos="-0.11430000305 -0.0182237549 0.123825" quat="1 0 0 0" rgba="0 0 0 0" size="0.01" />
      <site name="0_part0_corner_site4" pos="-0.11430000305 0.0182237549 -0.123825" quat="1 0 0 0" rgba="0 0 0 0" size="0.01" />
      <site name="0_part0_corner_site3" pos="0.11430000005 0.0182237549 -0.123825" quat="1 0 0 0" rgba="0 0 0 0" size="0.01" />
      <site name="0_part0_corner_site2" pos="0.11430000005 -0.0182237549 -0.123825" quat="1 0 0 0" rgba="0 0 0 0" size="0.01" />
      <site name="0_part0_corner_site1" pos="-0.11430000305 -0.0182237549 -0.123825" quat="1 0 0 0" rgba="0 0 0 0" size="0.01" />
      <site name="front-side,0,conn_site2" pos="0.10350000000000001 0.0105 0.11" quat="0.7071067 -0.7071068 0 0" rgba="0.9019 0.0980 0.2941 0.3" size="0.01" />
      <site name="front-side,0,conn_site1" pos="-0.10350000000000001 0.0105 0.11" quat="0.7071067 -0.7071068 0 0" rgba="0.9019 0.0980 0.2941 0.3" size="0.01" />
      <geom density="50" name="noviz_collision_0_part0_0" pos="0.0 -0.0105 0.107" quat="1 0 0 0" rgba="0 0 0 0" size="0.095 0.005 0.015" solref="0.001 1" type="box" />
      <geom density="50" name="noviz_collision_0_part0_1" pos="-0.105 -0.00521138 -0.001" quat="1 0 0 0" rgba="0 0 0 0" size="0.0095 0.0125 0.1225" solref="0.001 1" type="box" />
      <geom density="50" name="noviz_collision_0_part0_2" pos="0.105 -0.00521138 -0.001" quat="1 0 0 0" rgba="0 0 0 0" size="0.0095 0.0125 0.1225" solref="0.001 1" type="box" />
    </body>
    <body name="4_part4" pos="5.0049999999999995e-08 0.2449632293 0.15647654655" quat="1 0 0 0">
      <geom conaffinity="0" contype="0" density="0" mesh="part4" name="4_part4_mesh" pos="0.0 0.0 0.0" rgba="0.82 0.71 0.55 1" type="mesh" />
      <site name="4_part4_horizontal_radius_site" pos="0.0 0.0 -0.0" quat="1 0 0 0" rgba="0 0 0 0" size="0.0005" />
      <site name="4_part4_top_site" pos="0.0 0.0 0.28030154655" quat="1 0 0 0" rgba="0 0 0 0" size="0.0005" />
      <site name="4_part4_bottom_site" pos="0.0 0.0 -0.28030154655" quat="1 0 0 0" rgba="0 0 0 0" size="0.0005" />
      <site name="4_part4_corner_site8" pos="-0.13606130715 0.0383969598 0.28030154655" quat="1 0 0 0" rgba="0 0 0 0" size="0.01" />
      <site name="4_part4_corner_site7" pos="0.13606130715 0.0383969598 0.28030154655" quat="1 0 0 0" rgba="0 0 0 0" size="0.01" />
      <site name="4_part4_corner_site6" pos="0.13606130715 -0.0383969598 0.28030154655" quat="1 0 0 0" rgba="0 0 0 0" size="0.01" />
      <site name="4_part4_corner_site5" pos="-0.13606130715 -0.0383969598 0.28030154655" quat="1 0 0 0" rgba="0 0 0 0" size="0.01" />
      <site name="4_part4_corner_site4" pos="-0.13606130715 0.0383969598 -0.28030154655" quat="1 0 0 0" rgba="0 0 0 0" size="0.01" />
      <site name="4_part4_corner_site3" pos="0.13606130715 0.0383969598 -0.28030154655" quat="1 0 0 0" rgba="0 0 0 0" size="0.01" />
      <site name="4_part4_corner_site2" pos="0.13606130715 -0.0383969598 -0.28030154655" quat="1 0 0 0" rgba="0 0 0 0" size="0.01" />
      <site name="4_part4_corner_site1" pos="-0.13606130715 -0.0383969598 -0.28030154655" quat="1 0 0 0" rgba="0 0 0 0" size="0.01" />
      <site name="back-side,0,conn_site4" pos="-0.10350005000000001 -0.036463225 -0.047476545" quat="0.7071067 0.7071068 0 0" rgba="0.9019 0.0980 0.2941 0.3" size="0.01" />
      <site name="back-side,0,conn_site3" pos="0.10349995000000001 -0.036463225 -0.047476545" quat="0 0 -0.7071067 0.7071068" rgba="0.9019 0.0980 0.2941 0.3" size="0.01" />
      <geom density="50" name="noviz_collision_4_part4_0" pos="0.10499995 0.010036775000000001 -0.028976545000000003" quat="1 0 0 0" rgba="0 0 0 0" size="0.0075 0.0075 0.25" solref="0.001 1" type="box" />
      <geom density="50" name="noviz_collision_4_part4_1" pos="0.10499995 -0.009963225 0.09402345" quat="0.9981735 -0.06041241 0 0" rgba="0 0 0 0" size="0.0075 0.0075 0.13" solref="0.001 1" type="box" />
      <geom density="50" name="noviz_collision_4_part4_2" pos="0.10499995 -0.010463225 -0.15597655000000002" quat="0.9970338 0.0769648 0 0" rgba="0 0 0 0" size="0.0075 0.0075 0.1" solref="0.001 1" type="box" />
      <geom density="50" name="noviz_collision_4_part4_3" pos="0.10499995 -0.0009632250000000001 -0.028976545000000003" quat="1 0 0 0" rgba="0 0 0 0" size="0.0075 0.015 0.125" solref="0.001 1" type="box" />
      <geom density="50" name="noviz_collision_4_part4_4" pos="0.10499995 -0.014963225 -0.044976545" quat="1 0 0 0" rgba="0 0 0 0" size="0.0075 0.0175 0.025" solref="0.001 1" type="box" />
      <geom density="50" name="noviz_collision_4_part4_5" pos="-0.10350005000000001 0.010036775000000001 -0.028976545000000003" quat="1 0 0 0" rgba="0 0 0 0" size="0.0075 0.0075 0.25" solref="0.001 1" type="box" />
      <geom density="50" name="noviz_collision_4_part4_6" pos="-0.10350005000000001 -0.009963225 0.09402345" quat="0.9981735 -0.06041241 0 0" rgba="0 0 0 0" size="0.0075 0.0075 0.13" solref="0.001 1" type="box" />
      <geom density="50" name="noviz_collision_4_part4_7" pos="-0.10350005000000001 -0.010463225 -0.15597655000000002" quat="0.9970338 0.0769648 0 0" rgba="0 0 0 0" size="0.0075 0.0075 0.1" solref="0.001 1" type="box" />
      <geom density="50" name="noviz_collision_4_part4_8" pos="-0.10350005000000001 -0.0009632250000000001 -0.028976545000000003" quat="1 0 0 0" rgba="0 0 0 0" size="0.0075 0.015 0.125" solref="0.001 1" type="box" />
      <geom density="50" name="noviz_collision_4_part4_9" pos="-0.10350005000000001 -0.014963225 -0.044976545" quat="1 0 0 0" rgba="0 0 0 0" size="0.0075 0.0175 0.025" solref="0.001 1" type="box" />
      <geom density="50" name="noviz_collision_4_part4_10" pos="-0.001008885 -0.01561322 -0.048326545000000005" quat="1 0 0 0" rgba="0 0 0 0" size="0.1 0.005 0.013" solref="0.001 1" type="box" />
      <geom density="50" name="noviz_collision_4_part4_11" pos="-0.001008885 -0.008413225000000002 0.036323455000000004" quat="1 0 0 0" rgba="0 0 0 0" size="0.0925 0.00625 0.0095" solref="0.001 1" type="box" />
      <geom density="50" name="noviz_collision_4_part4_12" pos="0.00014995 -0.000213225 0.13497345000000002" quat="0.9340743 -0.01288588 0.3552339 -0.03388295" rgba="0 0 0 0" size="0.13 0.00625 0.005" solref="0.001 1" type="box" />
      <geom density="50" name="noviz_collision_4_part4_13" pos="0.00014995 -0.000213225 0.13497345000000002" quat="0.9344459 0.04088525 -0.3497861 0.05281232" rgba="0 0 0 0" size="0.13 0.00625 0.005" solref="0.001 1" type="box" />
      <geom density="50" name="noviz_collision_4_part4_14" pos="-0.001008885 0.017336760000000003 0.25182345" quat="1 0 0 0" rgba="0 0 0 0" size="0.0625 0.0125 0.025" solref="0.001 1" type="box" />
      <geom density="50" name="noviz_collision_4_part4_15" pos="-0.09550005 0.010336775 0.25182345" quat="0.9944634 0 0 0.1050839" rgba="0 0 0 0" size="0.0375 0.0125 0.025" solref="0.001 1" type="box" />
      <geom density="50" name="noviz_collision_4_part4_16" pos="0.09559995 0.010336775 0.25182345" quat="0.9944633 0 0 -0.1050842" rgba="0 0 0 0" size="0.0375 0.0125 0.025" solref="0.001 1" type="box" />
    </body>
    <body name="3_part3" pos="5e-11 0.10560126945000001 0.127" quat="1 0 0 0">
      <geom conaffinity="0" contype="0" density="0" mesh="part3" name="3_part3_mesh" pos="0.0 0.0 0.0" rgba="0.82 0.71 0.55 1" type="mesh" />
      <site group="1" name="3_part3_ltgt_site0" pos="0.11 -0.08 0" rgba="0 0 0 0" size="0.01 0.01 0.01" type="sphere" />
      <site group="1" name="3_part3_rtgt_site0" pos="0.13 -0.08 0" rgba="0 0 0 0" size="0.01 0.01 0.01" type="sphere" />
      <site name="3_part3_horizontal_radius_site" pos="0.0 -0.0 0.0" quat="1 0 0 0" rgba="0 0 0 0" size="0.0005" />
      <site name="3_part3_top_site" pos="0.0 0.0 0.003175" quat="1 0 0 0" rgba="0 0 0 0" size="0.0005" />
      <site name="3_part3_bottom_site" pos="0.0 0.0 -0.003175" quat="1 0 0 0" rgba="0 0 0 0" size="0.0005" />
      <site name="3_part3_corner_site8" pos="-0.12911666665000002 0.130175 0.003175" quat="1 0 0 0" rgba="0 0 0 0" size="0.01" />
      <site name="3_part3_corner_site7" pos="0.12911666665000002 0.130175 0.003175" quat="1 0 0 0" rgba="0 0 0 0" size="0.01" />
      <site name="3_part3_corner_site6" pos="0.12911666665000002 -0.130175 0.003175" quat="1 0 0 0" rgba="0 0 0 0" size="0.01" />
      <site name="3_part3_corner_site5" pos="-0.12911666665000002 -0.130175 0.003175" quat="1 0 0 0" rgba="0 0 0 0" size="0.01" />
      <site name="3_part3_corner_site4" pos="-0.12911666665000002 0.130175 -0.003175" quat="1 0 0 0" rgba="0 0 0 0" size="0.01" />
      <site name="3_part3_corner_site3" pos="0.12911666665000002 0.130175 -0.003175" quat="1 0 0 0" rgba="0 0 0 0" size="0.01" />
      <site name="3_part3_corner_site2" pos="0.12911666665000002 -0.130175 -0.003175" quat="1 0 0 0" rgba="0 0 0 0" size="0.01" />
      <site name="3_part3_corner_site1" pos="-0.12911666665000002 -0.130175 -0.003175" quat="1 0 0 0" rgba="0 0 0 0" size="0.01" />
      <site name="seat-side,0,180,conn_site2" pos="-0.105 0.0031749900000000004 -0.004" quat="1 0 0 0" rgba="0.2352 0.7058 0.2941 0.3" size="0.01" />
      <site name="seat-side,0,180,conn_site1" pos="0.105 0.0031749900000000004 -0.004" quat="1 0 0 0" rgba="0.2352 0.7058 0.2941 0.3" size="0.01" />
      <geom density="50" name="noviz_collision_3_part3_0" pos="0.0 -0.012601275 0.0" quat="1 0 0 0" rgba="0 0 0 0" size="0.123 0.113 0.003" solref="0.001 1" type="box" />
      <geom density="50" name="noviz_collision_3_part3_1" pos="0.0 0.115 0.0" quat="1 0 0 0" rgba="0 0 0 0" size="0.09 0.0120 0.003" solref="0.001 1" type="box" />
    </body>
    <body name="2_part2" pos="0.10715625155 0.11195125805000002 0.10794999705" quat="1 0 0 0">
      <geom conaffinity="0" contype="0" density="0" mesh="part2" name="2_part2_mesh" pos="0.0 0.0 0.0" rgba="0.82 0.71 0.55 1" type="mesh" />
      <site group="1" name="2_part2_ltgt_site0" pos="0.02 0 -0.01" rgba="0 0 0 0" size="0.01 0.01 0.01" type="sphere" />
      <site group="1" name="2_part2_rtgt_site0" pos="-0.02 0 -0.01" rgba="0 0 0 0" size="0.01 0.01 0.01" type="sphere" />
      <site name="2_part2_horizontal_radius_site" pos="0.0 7.5e-10 1e-10" quat="1 0 0 0" rgba="0 0 0 0" size="0.0005" />
      <site name="2_part2_top_site" pos="0.0 7e-10 0.01587500305" quat="1 0 0 0" rgba="0 0 0 0" size="0.0005" />
      <site name="2_part2_bottom_site" pos="0.0 7e-10 -0.01587500285" quat="1 0 0 0" rgba="0 0 0 0" size="0.0005" />
      <site name="2_part2_corner_site8" pos="-0.0047625046 0.09842501215 0.01587500305" quat="1 0 0 0" rgba="0 0 0 0" size="0.01" />
      <site name="2_part2_corner_site7" pos="0.0047625046 0.09842501215 0.01587500305" quat="1 0 0 0" rgba="0 0 0 0" size="0.01" />
      <site name="2_part2_corner_site6" pos="0.0047625046 -0.09842501070000001 0.01587500305" quat="1 0 0 0" rgba="0 0 0 0" size="0.01" />
      <site name="2_part2_corner_site5" pos="-0.0047625046 -0.09842501070000001 0.01587500305" quat="1 0 0 0" rgba="0 0 0 0" size="0.01" />
      <site name="2_part2_corner_site4" pos="-0.0047625046 0.09842501215 -0.01587500285" quat="1 0 0 0" rgba="0 0 0 0" size="0.01" />
      <site name="2_part2_corner_site3" pos="0.0047625046 0.09842501215 -0.01587500285" quat="1 0 0 0" rgba="0 0 0 0" size="0.01" />
      <site name="2_part2_corner_site2" pos="0.0047625046 -0.09842501070000001 -0.01587500285" quat="1 0 0 0" rgba="0 0 0 0" size="0.01" />
      <site name="2_part2_corner_site1" pos="-0.0047625046 -0.09842501070000001 -0.01587500285" quat="1 0 0 0" rgba="0 0 0 0" size="0.01" />
      <site name="side-front,0,conn_site1" pos="-0.00365625 0.09654875 0.0010500050000000001" quat="0.7071067 0.7071068 0 0" rgba="0.9019 0.0980 0.2941 0.3" size="0.01" />
      <site name="side-back,0,conn_site2" pos="-0.00365625 -0.10145125 0.0010500050000000001" quat="0.7071067 -0.7071068 0 0" rgba="0.9019 0.0980 0.2941 0.3" size="0.01" />
      <site name="side-seat,0,180,conn_site1" pos="-0.00215625 -0.003174995 0.015050005" quat="1 0 0 0" rgba="0.2352 0.7058 0.2941 0.3" size="0.01" />
      <geom density="50" name="noviz_collision_2_part2_0" pos="0.0 3.65e-05 -8.869e-05" quat="1 0 0 0" rgba="0 0 0 0" size="0.008 0.098 0.01578631" solref="0.001 1" type="box" />
    </body>
    <body name="1_part1" pos="-0.10715624985 0.11195125805000002 0.10794999705" quat="1 0 0 0">
      <geom conaffinity="0" contype="0" density="0" mesh="part1" name="1_part1_mesh" pos="0.0 0.0 0.0" rgba="0.82 0.71 0.55 1" type="mesh" />
      <site group="1" name="1_part1_ltgt_site0" pos="0.02 0.0 -0.01" rgba="0 0 0 0" size="0.01 0.01 0.01" type="sphere" />
      <site group="1" name="1_part1_rtgt_site0" pos="-0.02 0.0 -0.01" rgba="0 0 0 0" size="0.01 0.01 0.01" type="sphere" />
      <site group="1" name="1_part1_ltgt_site1" pos="0.02 0.06 -0.01" rgba="0 0 0 0" size="0.01 0.01 0.01" type="sphere" />
      <site group="1" name="1_part1_rtgt_site1" pos="-0.02 0.06 -0.01" rgba="0 0 0 0" size="0.01 0.01 0.01" type="sphere" />
      <site name="1_part1_horizontal_radius_site" pos="0.0 7.5e-10 1e-10" quat="1 0 0 0" rgba="0 0 0 0" size="0.0005" />
      <site name="1_part1_top_site" pos="0.0 7e-10 0.01587500305" quat="1 0 0 0" rgba="0 0 0 0" size="0.0005" />
      <site name="1_part1_bottom_site" pos="0.0 7e-10 -0.01587500285" quat="1 0 0 0" rgba="0 0 0 0" size="0.0005" />
      <site name="1_part1_corner_site8" pos="-0.0047625003 0.09842501215 0.01587500305" quat="1 0 0 0" rgba="0 0 0 0" size="0.01" />
      <site name="1_part1_corner_site7" pos="0.0047625003 0.09842501215 0.01587500305" quat="1 0 0 0" rgba="0 0 0 0" size="0.01" />
      <site name="1_part1_corner_site6" pos="0.0047625003 -0.09842501070000001 0.01587500305" quat="1 0 0 0" rgba="0 0 0 0" size="0.01" />
      <site name="1_part1_corner_site5" pos="-0.0047625003 -0.09842501070000001 0.01587500305" quat="1 0 0 0" rgba="0 0 0 0" size="0.01" />
      <site name="1_part1_corner_site4" pos="-0.0047625003 0.09842501215 -0.01587500285" quat="1 0 0 0" rgba="0 0 0 0" size="0.01" />
      <site name="1_part1_corner_site3" pos="0.0047625003 0.09842501215 -0.01587500285" quat="1 0 0 0" rgba="0 0 0 0" size="0.01" />
      <site name="1_part1_corner_site2" pos="0.0047625003 -0.09842501070000001 -0.01587500285" quat="1 0 0 0" rgba="0 0 0 0" size="0.01" />
      <site name="1_part1_corner_site1" pos="-0.0047625003 -0.09842501070000001 -0.01587500285" quat="1 0 0 0" rgba="0 0 0 0" size="0.01" />
      <site name="side-front,0,conn_site2" pos="0.00365625 0.09654875 0.0010500050000000001" quat="0 0 0.7071067 -0.7071068" rgba="0.9019 0.0980 0.2941 0.3" size="0.01" />
      <site name="side-back,0,conn_site1" pos="0.00365625 -0.10145125 0.0010500050000000001" quat="0.7071067 -0.7071068 0 0" rgba="0.9019 0.0980 0.2941 0.3" size="0.01" />
      <site name="side-seat,0,180,conn_site2" pos="0.00215625 -0.003174995 0.015050005" quat="1 0 0 0" rgba="0.2352 0.7058 0.2941 0.3" size="0.01" />
      <geom density="50" name="noviz_collision_1_part1_0" pos="0.0 3.65e-05 -8.869e-05" quat="1 0 0 0" rgba="0 0 0 0" size="0.008 0.098 0.01578631" solref="0.001 1" type="box" />
    </body>
  </worldbody>
  <actuator />
  <sensor />
  <contact />
  <default />
</mujoco>
