<mujoco model="chair_agne_0007">
  <custom>
    <numeric data="0.18 0.240276 0.012372 0.528869 -0.459028 0.536906 0.47045" name="0_part0_initpos" />
    <numeric data="-0.231087 0.269313 0.012537 0.706067 -0.705221 0.037962 -0.051879" name="1_part1_initpos" />
    <numeric data="-0.033647 -0.085565 0.00896 0.0 0.327939 0.944699 0.0" name="2_part2_initpos" />
  </custom>
  <asset>
    <mesh file="chair_agne_0007/leg1L.stl" name="leg1" scale="0.0005 0.0005 0.0005" />
    <mesh file="chair_agne_0007/leg2L.stl" name="leg2" scale="0.0005 0.0005 0.0005" />
    <mesh file="chair_agne_0007/seat.stl" name="seat" scale="0.0005 0.0005 0.0005" />
    <texture file="../textures/light-wood.png" name="tex-light-wood" type="2d" />
    <material name="light-wood" reflectance="0.5" texrepeat="20 20" texture="tex-light-wood" texuniform="true" />
  </asset>
  <equality>
    <weld active="false" body1="0_part0" body2="2_part2" solimp="1 1 0.5" solref="0.01 0.3" />
    <weld active="false" body1="1_part1" body2="0_part0" solimp="1 1 0.5" solref="0.01 0.3" />
  </equality>
  <worldbody>
    <body name="0_part0" pos="0 0 0" quat="1 0 0 0">
      <geom conaffinity="0" contype="0" density="0" material="light-wood" mesh="leg1" name="0_part0_mesh" pos="0 0 0" rgba="0.82 0.71 0.55 1" type="mesh" />
      <geom density="90" euler="1.57 0 0" name="noviz_collision_0_part0_1" pos="0 0 0.19" rgba="0 0 0 0" size="0.016 0.12" solref="0.001 1.5" type="cylinder" />
      <geom density="70" euler="0.11 0 0" name="noviz_collision_0_part0_2" pos="0 0.1315 0" rgba="0 0 0 0" size="0.019 0.195" solref="0.001 1.5" type="cylinder" />
      <geom density="70" euler="-0.11 0 0" name="noviz_collision_0_part0_3" pos="0 -0.1315 0" rgba="0 0 0 0" size="0.019 0.195" solref="0.001 1.5" type="cylinder" />
      <site group="1" name="0_part0_ltgt_site0" pos="0 0.13 -0.174" rgba="0 0 0 0" size="0.01 0.01 0.01" type="sphere" />
      <site group="1" name="0_part0_rtgt_site0" pos="0 0.17 -0.17" rgba="0 0 0 0" size="0.01 0.01 0.01" type="sphere" />
      <site name="leg1-leg2,0,180,conn_site" pos="0.0 0.0 0.18" rgba="0.9019 0.0980 0.2941 0.3" size="0.01" />
      <site name="leg1-seat,0,180,conn_site" pos="0.0 0.0 0.2" rgba="0.2352 0.7058 0.2941 0.3" size="0.01" />
      <site name="0_part0_bottom_site" pos="0 0 -0.18" rgba="0 0 0 0" size="0.01" />
      <site name="0_part0_top_site" pos="0.0 0.0 0.2" rgba="0 0 0 0" size="0.01" />
      <site name="0_part0_horizontal_radius_site" pos="0 0 0" rgba="0 0 0 0" size="0.04" />
    </body>
    <body name="1_part1" pos="-0.005 -0.01 0" quat="1 0 0 0">
      <geom conaffinity="0" contype="0" density="0" material="light-wood" mesh="leg2" name="1_part1_mesh" pos="0 0 0" rgba="0.82 0.71 0.55 1" type="mesh" />
      <geom density="90" euler="0 1.57 0" name="noviz_collision_1_part1_1" pos="0 0 0.19" rgba="0 0 0 0" size="0.016 0.12" solref="0.001 1.5" type="cylinder" />
      <geom density="70" euler="0 -0.11 0" name="noviz_collision_1_part1_2" pos="0.1315 0 0" rgba="0 0 0 0" size="0.019 0.195" solref="0.001 1.5" type="cylinder" />
      <geom density="70" euler="0 0.11 0" name="noviz_collision_1_part1_3" pos="-0.1315 0 0" rgba="0 0 0 0" size="0.019 0.195" solref="0.001 1.5" type="cylinder" />
      <site group="1" name="1_part1_rtgt_site0" pos="0.13 0 -0.174" rgba="0 0 0 0" size="0.01 0.01 0.01" type="sphere" />
      <site group="1" name="1_part1_ltgt_site0" pos="0.17 0 -0.169" rgba="0 0 0 0" size="0.01 0.01 0.01" type="sphere" />
      <site name="leg2-leg1,0,180,conn_site" pos="0.0 0.0 0.21" rgba="0.9019 0.0980 0.2941 0.3" size="0.01" />
      <site name="1_part1_bottom_site" pos="0 0 -0.18" rgba="0 0 0 0" size="0.01" />
      <site name="1_part1_top_site" pos="0.0 0.0 0.2" rgba="0 0 0 0" size="0.01" />
      <site name="1_part1_horizontal_radius_site" pos="0 0 0" rgba="0 0 0 0" size="0.04" />
    </body>
    <body name="2_part2" pos="0 0 0.2" quat="1 0 0 0">
      <geom conaffinity="0" contype="0" density="0" material="light-wood" mesh="seat" name="2_part2_mesh" pos="0 0 0" rgba="0.82 0.71 0.55 1" type="mesh" />
      <geom density="100" euler="0 0 0" name="noviz_collision_2_part2" pos="0 0 0.002" rgba="0 0 0 0" size="0.115 0.007" solref="0.001 1" type="cylinder" />
      <site name="seat-leg1,0,180,conn_site" pos="0.0 0.0 -0.006" rgba="0.2352 0.7058 0.2941 0.3" size="0.01" />
      <site name="2_part2_bottom_site" pos="0.0 0.0 -0.006" rgba="0 0 0 0" size="0.003" />
      <site name="2_part2_top_site" pos="0.0 0.0 0.01" rgba="0 0 0 0" size="0.003" />
      <site name="2_part2_horizontal_radius_site" pos="0.006 0.006 0.0" rgba="0 0 0 0" size="0.1" />
    </body>
  </worldbody>
<actuator /><sensor /><contact /><default /></mujoco>
