<mujoco model="chair_bernhard_0146">
  <custom>
    <numeric data="-0.025053 0.074995 0.03398 -0.707107 -8e-06 0.707107 -8e-06" name="0_part0_initpos" />
    <numeric data="-0.25 0.224993 0.034049 0.707107 8e-06 0.707107 -8e-06" name="1_part1_initpos" />
    <numeric data="-0.274994 -0.18096 0.010682 0.002099 -0.005231 -0.928024 0.372477" name="2_part2_initpos" />
  </custom>
  <asset>
    <mesh file="chair_bernhard_0146/left_leg.stl" name="0_part0" scale="0.576 0.576 0.576" />
    <mesh file="chair_bernhard_0146/right_leg.stl" name="1_part1" scale="0.576 0.576 0.576" />
    <mesh file="chair_bernhard_0146/seat.stl" name="2_part2" scale="0.576 0.576 0.576" />
    <texture file="../textures/light-wood.png" name="tex-light-wood" type="2d" />
    <material name="light-wood" reflectance="0.5" texrepeat="20 20" texture="tex-light-wood" texuniform="true" />
  </asset>
  <equality>
    <weld active="false" body1="0_part0" body2="2_part2" solimp="1 1 0.5" solref="0.01 0.3" />
    <weld active="false" body1="1_part1" body2="2_part2" solimp="1 1 0.5" solref="0.01 0.3" />
  </equality>
  <worldbody>
    <body name="0_part0" pos="-0.115 0.0 0.182" quat="1 0 0 0">
      <geom conaffinity="0" contype="0" density="0" material="light-wood" mesh="0_part0" name="0_part0_geom" pos="0 0 0" rgba="0.82 0.71 0.55 1" solref="0.001 1" type="mesh" />
      <geom density="50" euler="0.401426 0 0" name="noviz_collision_0_part0_1" pos="-0.02 0.08 0" rgba="0 0 0 0" size="0.014 0.14" solref="0.001 1" type="cylinder" />
      <geom density="50" euler="-0.401426 0 0" name="noviz_collision_0_part0_2" pos="-0.02 -0.08 0" rgba="0 0 0 0" size="0.014 0.14" solref="0.001 1" type="cylinder" />
      <geom density="50" euler="1.57 0 0" name="noviz_collision_0_part0_3" pos="-0.02 0 -0.135" rgba="0 0 0 0" size="0.014 0.14" solref="0.001 1" type="cylinder" />
      <site group="1" name="0_part0_ltgt_site0" pos="-0.04 -0.0 -0.16" rgba="0 0 0 0" size="0.01 0.01 0.01" type="sphere" />
      <site group="1" name="0_part0_rtgt_site0" pos="-0.04 -0.0 -0.12" rgba="0 0 0 0" size="0.01 0.01 0.01" type="sphere" />
      <site name="part1-part3,0,conn_site1" pos="0.0 0.0 0.1401" quat="1 0 0 0" rgba="0.9019 0.0980 0.2941 0.3" size="0.01" />
      <site name="0_part0_corner_site1" pos="-0.019 0.1305 -0.144" rgba="0 0 0 0" size="0.0057" />
      <site name="0_part0_corner_site2" pos="-0.019 -0.129 -0.144" rgba="0 0 0 0" size="0.0057" />
      <site name="0_part0_corner_site3" pos="0.0307 0.0230 0.1382" rgba="0 0 0 0" size="0.0057" />
      <site name="0_part0_corner_site4" pos="0.0307 -0.022 0.1382" rgba="0 0 0 0" size="0.0057" />
      <site name="0_part0_corner_site5" pos="-0.019 0.0230 0.1382" rgba="0 0 0 0" size="0.0057" />
      <site name="0_part0_corner_site6" pos="-0.019 -0.022 0.1382" rgba="0 0 0 0" size="0.0057" />
      <site name="0_part0_bottom_site" pos="-0.019 0.0 -0.134" rgba="0 0 0 0" size="0.0057" />
      <site name="0_part0_top_site" pos="0.0 0.0 0.1382" rgba="0 0 0 0" size="0.0057" />
      <site name="0_part0_horizontal_radius_site" pos="-0.019 0.0 0.0" rgba="0 0 0 0" size="0.0057" />
    </body>
    <body name="1_part1" pos="0.1152 0.0 0.182" quat="1 0 0 0">
      <geom conaffinity="0" contype="0" density="0" material="light-wood" mesh="1_part1" name="1_part1_geom" pos="0 0 0" rgba="0.82 0.71 0.55 1" solref="0.001 1" type="mesh" />
      <geom density="50" euler="0.401426 0 0" name="noviz_collision_1_part1_1" pos="0.02 0.08 0" rgba="0 0 0 0" size="0.014 0.14" solref="0.001 1" type="cylinder" />
      <geom density="50" euler="-0.401426 0 0" name="noviz_collision_1_part1_2" pos="0.02 -0.08 0" rgba="0 0 0 0" size="0.014 0.14" solref="0.001 1" type="cylinder" />
      <geom density="50" euler="1.57 0 0" name="noviz_collision_1_part1_3" pos="0.02 0 -0.135" rgba="0 0 0 0" size="0.014 0.14" solref="0.001 1" type="cylinder" />
      <site group="1" name="1_part1_ltgt_site0" pos="0.04 0 -0.12" rgba="0 0 0 0" size="0.01 0.01 0.01" type="sphere" />
      <site group="1" name="1_part1_rtgt_site0" pos="0.04 0 -0.16" rgba="0 0 0 0" size="0.01 0.01 0.01" type="sphere" />
      <site name="part2-part3,0,conn_site2" pos="0.0 0.0 0.1401" quat="1 0 0 0" rgba="0.2352 0.7058 0.2941 0.3" size="0.01" />
      <site name="1_part1_corner_site1" pos="0.0192 0.1305 -0.144" rgba="0 0 0 0" size="0.0057" />
      <site name="1_part1_corner_site2" pos="0.0192 -0.129 -0.144" rgba="0 0 0 0" size="0.0057" />
      <site name="1_part1_corner_site3" pos="0.0268 0.0230 0.1382" rgba="0 0 0 0" size="0.0057" />
      <site name="1_part1_corner_site4" pos="0.0268 -0.022 0.1382" rgba="0 0 0 0" size="0.0057" />
      <site name="1_part1_corner_site5" pos="-0.028 0.0230 0.1382" rgba="0 0 0 0" size="0.0057" />
      <site name="1_part1_corner_site6" pos="-0.028 -0.022 0.1382" rgba="0 0 0 0" size="0.0057" />
      <site name="1_part1_bottom_site" pos="0.0192 0.0 -0.134" rgba="0 0 0 0" size="0.0057" />
      <site name="1_part1_top_site" pos="0.0 0.0 0.1382" rgba="0 0 0 0" size="0.0057" />
      <site name="1_part1_horizontal_radius_site" pos="0.0172 0.0057 0.0" rgba="0 0 0 0" size="0.0057" />
    </body>
    <body name="2_part2" pos="0.0 0.0 0.4416" quat="1 0 0 0">
      <geom conaffinity="0" contype="0" density="0" material="light-wood" mesh="2_part2" name="2_part2_geom" pos="0 0 0" rgba="0.82 0.71 0.55 1" solref="0.001 1" type="mesh" />
      <geom density="50" name="noviz_collision_2_part2_1" pos="0 0 -0.11" rgba="0 0 0 0" size="0.14 0.12 0.01" solref="0.001 1" type="box" />
      <geom density="50" euler="1.57 0 0" name="noviz_collision_2_part2_2" pos="0 -0.12 0" rgba="0 0 0 0" size="0.14 0.12 0.01" solref="0.001 1" type="box" />
      <site name="part3-part1,0,conn_site1" pos="-0.115 0.0 -0.126" quat="1 0 0 0" rgba="0.9019 0.0980 0.2941 0.3" size="0.01" />
      <site name="part3-part2,0,conn_site2" pos="0.115 0.0 -0.126" quat="1 0 0 0" rgba="0.2352 0.7058 0.2941 0.3" size="0.01" />
      <site name="2_part2_corner_site1" pos="0.1420 -0.116 0.1267" rgba="0 0 0 0" size="0.0057" />
      <site name="2_part2_corner_site2" pos="0.0 -0.116 0.1267" rgba="0 0 0 0" size="0.0057" />
      <site name="2_part2_corner_site3" pos="-0.141 -0.116 0.1267" rgba="0 0 0 0" size="0.0057" />
      <site name="2_part2_corner_site4" pos="0.1420 -0.116 -0.115" rgba="0 0 0 0" size="0.0057" />
      <site name="2_part2_corner_site5" pos="-0.141 -0.116 -0.115" rgba="0 0 0 0" size="0.0057" />
      <site name="2_part2_corner_site6" pos="0.1420 0.1267 -0.109" rgba="0 0 0 0" size="0.0057" />
      <site name="2_part2_corner_site7" pos="-0.141 0.1267 -0.109" rgba="0 0 0 0" size="0.0057" />
      <site name="2_part2_bottom_site" pos="0.0 0.0 -0.115" rgba="0 0 0 0" size="0.0057" />
      <site name="2_part2_top_site" pos="0.0 -0.116 0.1267" rgba="0 0 0 0" size="0.0057" />
      <site name="2_part2_horizontal_radius_site" pos="0.0057 0.0057 0.0" rgba="0 0 0 0" size="0.0057" />
    </body>
  </worldbody>
<actuator /><sensor /><contact /><default /></mujoco>
