<mujoco model="table_hemnes_0539">
  <asset>
    <mesh file="table_hemnes_0539/0.stl" name="part0" scale="0.001 0.001 0.001" />
    <mesh file="table_hemnes_0539/7.stl" name="part7" scale="0.001 0.001 0.001" />
    <mesh file="table_hemnes_0539/6.stl" name="part6" scale="0.001 0.001 0.001" />
    <mesh file="table_hemnes_0539/5.stl" name="part5" scale="0.001 0.001 0.001" />
    <mesh file="table_hemnes_0539/4.stl" name="part4" scale="0.001 0.001 0.001" />
    <mesh file="table_hemnes_0539/3.stl" name="part3" scale="0.001 0.001 0.001" />
    <mesh file="table_hemnes_0539/2.stl" name="part2" scale="0.001 0.001 0.001" />
    <mesh file="table_hemnes_0539/1.stl" name="part1" scale="0.001 0.001 0.001" />
  </asset>
  <equality>
    <weld active="false" body1="6_part6" body2="3_part3" solimp="1 1 0.5" solref="0.01 0.3" />
    <weld active="false" body1="6_part6" body2="2_part2" solimp="1 1 0.5" solref="0.01 0.3" />
    <weld active="false" body1="7_part7" body2="6_part6" solimp="1 1 0.5" solref="0.01 0.3" />
    <weld active="false" body1="5_part5" body2="6_part6" solimp="1 1 0.5" solref="0.01 0.3" />
    <weld active="false" body1="4_part4" body2="3_part3" solimp="1 1 0.5" solref="0.01 0.3" />
    <weld active="false" body1="4_part4" body2="2_part2" solimp="1 1 0.5" solref="0.01 0.3" />
    <weld active="false" body1="0_part0" body2="3_part3" solimp="1 1 0.5" solref="0.01 0.3" />
    <weld active="false" body1="0_part0" body2="2_part2" solimp="1 1 0.5" solref="0.01 0.3" />
    <weld active="false" body1="1_part1" body2="3_part3" solimp="1 1 0.5" solref="0.01 0.3" />
    <weld active="false" body1="1_part1" body2="2_part2" solimp="1 1 0.5" solref="0.01 0.3" />
  </equality>
  <worldbody>
    <body name="0_part0" pos="0.0 -0.0 0.0" quat="1 0 0 0">
      <geom conaffinity="0" contype="0" density="0" mesh="part0" name="0_part0_mesh" pos="0.0 0.0 0.0" rgba="0.82 0.71 0.55 1" type="mesh" />
      <site name="0_part0_horizontal_radius_site" pos="0.0 -0.0 0.0" quat="1 0 0 0" rgba="0 0 1 0.3" size="0.015" />
      <site name="0_part0_top_site" pos="0.0 0.0 0.00635" quat="1 0 0 0" rgba="0 0 1 0.3" size="0.015" />
      <site name="0_part0_bottom_site" pos="0.0 0.0 -0.00635" quat="1 0 0 0" rgba="0 0 1 0.3" size="0.015" />
      <site name="0_part0_corner_site8" pos="-0.127 0.13067253969999998 0.00635" quat="1 0 0 0" rgba="0 0 1 0.3" size="0.015" />
      <site name="0_part0_corner_site7" pos="0.127 0.13067253969999998 0.00635" quat="1 0 0 0" rgba="0 0 1 0.3" size="0.015" />
      <site name="0_part0_corner_site6" pos="0.127 -0.13067253969999998 0.00635" quat="1 0 0 0" rgba="0 0 1 0.3" size="0.015" />
      <site name="0_part0_corner_site5" pos="-0.127 -0.13067253969999998 0.00635" quat="1 0 0 0" rgba="0 0 1 0.3" size="0.015" />
      <site name="0_part0_corner_site4" pos="-0.127 0.13067253969999998 -0.00635" quat="1 0 0 0" rgba="0 0 1 0.3" size="0.015" />
      <site name="0_part0_corner_site3" pos="0.127 0.13067253969999998 -0.00635" quat="1 0 0 0" rgba="0 0 1 0.3" size="0.015" />
      <site name="0_part0_corner_site2" pos="0.127 -0.13067253969999998 -0.00635" quat="1 0 0 0" rgba="0 0 1 0.3" size="0.015" />
      <site name="0_part0_corner_site1" pos="-0.127 -0.13067253969999998 -0.00635" quat="1 0 0 0" rgba="0 0 1 0.3" size="0.015" />
      <site name="centpanel-legpanel,0,180,conn_site1" pos="-0.127 -0.00158748 0.0" quat="0.7071067 0 -0.7071068 0" rgba="0.9019 0.0980 0.2941 0.3" size="0.015" />
      <site name="centpanel-legpanel,0,180,conn_site2" pos="0.127 -0.00158748 0.0" quat="0.7071067 0 0.7071068 0" rgba="0.9019 0.0980 0.2941 0.3" size="0.015" />
      <geom density="50" name="noviz_collision_0_part0_0" pos="0.0 0.0 0.0" quat="1 0 0 0" rgba="1 0 0 1" size="0.127 0.13067250000000002 0.00635" solref="0.001 1" type="box" />
    </body>
    <body name="7_part7" pos="6e-09 -0.1460223796 0.0412750107" quat="1 0 0 0">
      <geom conaffinity="0" contype="0" density="0" mesh="part7" name="7_part7_mesh" pos="0.0 0.0 0.0" rgba="0.82 0.71 0.55 1" type="mesh" />
      <site name="7_part7_horizontal_radius_site" pos="0.0 0.0 0.0" quat="1 0 0 0" rgba="0 0 1 0.3" size="0.015" />
      <site name="7_part7_top_site" pos="0.0 0.0 0.2921000137" quat="1 0 0 0" rgba="0 0 1 0.3" size="0.015" />
      <site name="7_part7_bottom_site" pos="0.0 0.0 -0.2921000137" quat="1 0 0 0" rgba="0 0 1 0.3" size="0.015" />
      <site name="7_part7_corner_site8" pos="-0.12700000620000002 0.015349792499999999 0.2921000137" quat="1 0 0 0" rgba="0 0 1 0.3" size="0.015" />
      <site name="7_part7_corner_site7" pos="0.12700000620000002 0.015349792499999999 0.2921000137" quat="1 0 0 0" rgba="0 0 1 0.3" size="0.015" />
      <site name="7_part7_corner_site6" pos="0.12700000620000002 -0.015349792499999999 0.2921000137" quat="1 0 0 0" rgba="0 0 1 0.3" size="0.015" />
      <site name="7_part7_corner_site5" pos="-0.12700000620000002 -0.015349792499999999 0.2921000137" quat="1 0 0 0" rgba="0 0 1 0.3" size="0.015" />
      <site name="7_part7_corner_site4" pos="-0.12700000620000002 0.015349792499999999 -0.2921000137" quat="1 0 0 0" rgba="0 0 1 0.3" size="0.015" />
      <site name="7_part7_corner_site3" pos="0.12700000620000002 0.015349792499999999 -0.2921000137" quat="1 0 0 0" rgba="0 0 1 0.3" size="0.015" />
      <site name="7_part7_corner_site2" pos="0.12700000620000002 -0.015349792499999999 -0.2921000137" quat="1 0 0 0" rgba="0 0 1 0.3" size="0.015" />
      <site name="7_part7_corner_site1" pos="-0.12700000620000002 -0.015349792499999999 -0.2921000137" quat="1 0 0 0" rgba="0 0 1 0.3" size="0.015" />
      <site name="sidepanel-toppanel,0,180,conn_site1" pos="-1e-08 0.01902238 0.293225" quat="1 0 0 0" rgba="0.2352 0.7058 0.2941 0.3" size="0.015" />
      <geom density="50" name="noviz_collision_7_part7_0" pos="-0.0005932 0.00952238 2.499e-05" quat="1 0 0 0" rgba="1 0 0 1" size="0.133 0.00725 0.292" solref="0.001 1" type="box" />
    </body>
    <body name="6_part6" pos="-3.9e-09 -0.0031750041000000004 0.33972500000000005" quat="1 0 0 0">
      <geom conaffinity="0" contype="0" density="0" mesh="part6" name="6_part6_mesh" pos="0.0 0.0 0.0" rgba="0.82 0.71 0.55 1" type="mesh" />
      <site name="6_part6_horizontal_radius_site" pos="-2.2000000000000003e-09 -2e-09 0.0" quat="1 0 0 0" rgba="0 0 1 0.3" size="0.015" />
      <site name="6_part6_top_site" pos="-2.2000000000000003e-09 -2e-09 0.00635" quat="1 0 0 0" rgba="0 0 1 0.3" size="0.015" />
      <site name="6_part6_bottom_site" pos="-2.2000000000000003e-09 -2e-09 -0.00635" quat="1 0 0 0" rgba="0 0 1 0.3" size="0.015" />
      <site name="6_part6_corner_site8" pos="-0.1651000061 0.1651000021 0.00635" quat="1 0 0 0" rgba="0 0 1 0.3" size="0.015" />
      <site name="6_part6_corner_site7" pos="0.1651000017 0.1651000021 0.00635" quat="1 0 0 0" rgba="0 0 1 0.3" size="0.015" />
      <site name="6_part6_corner_site6" pos="0.1651000017 -0.1651000061 0.00635" quat="1 0 0 0" rgba="0 0 1 0.3" size="0.015" />
      <site name="6_part6_corner_site5" pos="-0.1651000061 -0.1651000061 0.00635" quat="1 0 0 0" rgba="0 0 1 0.3" size="0.015" />
      <site name="6_part6_corner_site4" pos="-0.1651000061 0.1651000021 -0.00635" quat="1 0 0 0" rgba="0 0 1 0.3" size="0.015" />
      <site name="6_part6_corner_site3" pos="0.1651000017 0.1651000021 -0.00635" quat="1 0 0 0" rgba="0 0 1 0.3" size="0.015" />
      <site name="6_part6_corner_site2" pos="0.1651000017 -0.1651000061 -0.00635" quat="1 0 0 0" rgba="0 0 1 0.3" size="0.015" />
      <site name="6_part6_corner_site1" pos="-0.1651000061 -0.1651000061 -0.00635" quat="1 0 0 0" rgba="0 0 1 0.3" size="0.015" />
      <site name="toppanel-legpanel,0,180,conn_site2" pos="-0.1325 2e-08 -0.00972501" quat="1 0 0 0" rgba="1.0 0.8823 0.0980 0.3" size="0.015" />
      <site name="toppanel-legpanel,0,180,conn_site1" pos="0.13019999999999998 2e-08 -0.006625" quat="1 0 0 0" rgba="1.0 0.8823 0.0980 0.3" size="0.015" />
      <site name="toppanel-sidepanel,0,180,conn_site2" pos="0.0 0.130175 -0.00522501" quat="1 0 0 0" rgba="0.2352 0.7058 0.2941 0.3" size="0.015" />
      <site name="toppanel-sidepanel,0,180,conn_site1" pos="0.0 -0.123825 -0.00522501" quat="1 0 0 0" rgba="0.2352 0.7058 0.2941 0.3" size="0.015" />
      <geom density="50" name="noviz_collision_6_part6_0" pos="1e-08 1e-08 -2.847e-05" quat="1 0 0 0" rgba="1 0 0 1" size="0.1651 0.1651 0.0063215300000000006" solref="0.001 1" type="box" />
    </body>
    <body name="5_part5" pos="0.0 0.1338475397 0.041275" quat="1 0 0 0">
      <geom conaffinity="0" contype="0" density="0" mesh="part5" name="5_part5_mesh" pos="0.0 0.0 0.0" rgba="0.82 0.71 0.55 1" type="mesh" />
      <site name="5_part5_horizontal_radius_site" pos="-0.0 0.0 0.0" quat="1 0 0 0" rgba="0 0 1 0.3" size="0.015" />
      <site name="5_part5_top_site" pos="0.0 0.0 0.2921" quat="1 0 0 0" rgba="0 0 1 0.3" size="0.015" />
      <site name="5_part5_bottom_site" pos="0.0 0.0 -0.2921" quat="1 0 0 0" rgba="0 0 1 0.3" size="0.015" />
      <site name="5_part5_corner_site8" pos="-0.13335 0.003175 0.2921" quat="1 0 0 0" rgba="0 0 1 0.3" size="0.015" />
      <site name="5_part5_corner_site7" pos="0.13335 0.003175 0.2921" quat="1 0 0 0" rgba="0 0 1 0.3" size="0.015" />
      <site name="5_part5_corner_site6" pos="0.13335 -0.003175 0.2921" quat="1 0 0 0" rgba="0 0 1 0.3" size="0.015" />
      <site name="5_part5_corner_site5" pos="-0.13335 -0.003175 0.2921" quat="1 0 0 0" rgba="0 0 1 0.3" size="0.015" />
      <site name="5_part5_corner_site4" pos="-0.13335 0.003175 -0.2921" quat="1 0 0 0" rgba="0 0 1 0.3" size="0.015" />
      <site name="5_part5_corner_site3" pos="0.13335 0.003175 -0.2921" quat="1 0 0 0" rgba="0 0 1 0.3" size="0.015" />
      <site name="5_part5_corner_site2" pos="0.13335 -0.003175 -0.2921" quat="1 0 0 0" rgba="0 0 1 0.3" size="0.015" />
      <site name="5_part5_corner_site1" pos="-0.13335 -0.003175 -0.2921" quat="1 0 0 0" rgba="0 0 1 0.3" size="0.015" />
      <site name="sidepanel-toppanel,0,180,conn_site2" pos="0.0 -0.00684753 0.293225" quat="1 0 0 0" rgba="0.2352 0.7058 0.2941 0.3" size="0.015" />
      <geom density="50" name="noviz_collision_5_part5_0" pos="0.0 0.0 0.0" quat="1 0 0 0" rgba="1 0 0 1" size="0.13335 0.0031749900000000004 0.2921" solref="0.001 1" type="box" />
    </body>
    <body name="4_part4" pos="5.1e-09 4.06e-08 -0.2444750014" quat="1 0 0 0">
      <geom conaffinity="0" contype="0" density="0" mesh="part4" name="4_part4_mesh" pos="0.0 0.0 0.0" rgba="0.82 0.71 0.55 1" type="mesh" />
      <site name="4_part4_horizontal_radius_site" pos="0.0 -3.4000000000000003e-09 1e-10" quat="1 0 0 0" rgba="0 0 1 0.3" size="0.015" />
      <site name="4_part4_top_site" pos="0.0 -3.4000000000000003e-09 0.006350001500000001" quat="1 0 0 0" rgba="0 0 1 0.3" size="0.015" />
      <site name="4_part4_bottom_site" pos="0.0 -3.4000000000000003e-09 -0.0063500013" quat="1 0 0 0" rgba="0 0 1 0.3" size="0.015" />
      <site name="4_part4_corner_site8" pos="-0.12700000760000002 0.1306725769 0.006350001500000001" quat="1 0 0 0" rgba="0 0 1 0.3" size="0.015" />
      <site name="4_part4_corner_site7" pos="0.12700000760000002 0.1306725769 0.006350001500000001" quat="1 0 0 0" rgba="0 0 1 0.3" size="0.015" />
      <site name="4_part4_corner_site6" pos="0.12700000760000002 -0.13067258369999998 0.006350001500000001" quat="1 0 0 0" rgba="0 0 1 0.3" size="0.015" />
      <site name="4_part4_corner_site5" pos="-0.12700000760000002 -0.13067258369999998 0.006350001500000001" quat="1 0 0 0" rgba="0 0 1 0.3" size="0.015" />
      <site name="4_part4_corner_site4" pos="-0.12700000760000002 0.1306725769 -0.0063500013" quat="1 0 0 0" rgba="0 0 1 0.3" size="0.015" />
      <site name="4_part4_corner_site3" pos="0.12700000760000002 0.1306725769 -0.0063500013" quat="1 0 0 0" rgba="0 0 1 0.3" size="0.015" />
      <site name="4_part4_corner_site2" pos="0.12700000760000002 -0.13067258369999998 -0.0063500013" quat="1 0 0 0" rgba="0 0 1 0.3" size="0.015" />
      <site name="4_part4_corner_site1" pos="-0.12700000760000002 -0.13067258369999998 -0.0063500013" quat="1 0 0 0" rgba="0 0 1 0.3" size="0.015" />
      <site name="centpanel-legpanel,0,180,conn_site3" pos="-0.1275 -0.00158751 0.002375" quat="1 0 0 0" rgba="0.9019 0.0980 0.2941 0.3" size="0.015" />
      
      <site name="centpanel-legpanel,0,180,conn_site5" pos="-0.127 -0.00158751 0.002375" quat="0.7071067 0 -0.7071068 0" rgba="0.9019 0.0980 0.2941 0.3" size="0.015" />
      <site name="centpanel-legpanel,0,180,conn_site6" pos="0.127 -0.00158751 0.00107501" quat="0.7071067 0 0.7071068 0" rgba="0.9019 0.0980 0.2941 0.3" size="0.015" />
      <geom density="50" name="noviz_collision_4_part4_0" pos="-1e-08 -4e-08 -6.143e-05" quat="1 0 0 0" rgba="1 0 0 1" size="0.127 0.13067250000000002 0.00628856" solref="0.001 1" type="box" />
    </body>
    <body name="3_part3" pos="-0.133350001 -0.0031749685 -0.0285749878" quat="1 0 0 0">
      <geom conaffinity="0" contype="0" density="0" mesh="part3" name="3_part3_mesh" pos="0.0 0.0 0.0" rgba="0.82 0.71 0.55 1" type="mesh" />
      <site name="3_part3_horizontal_radius_site" pos="1e-10 -3e-10 -0.0" quat="1 0 0 0" rgba="0 0 1 0.3" size="0.015" />
      <site name="3_part3_top_site" pos="1e-10 -4e-10 0.3619500122" quat="1 0 0 0" rgba="0 0 1 0.3" size="0.015" />
      <site name="3_part3_bottom_site" pos="1e-10 -4e-10 -0.3619500122" quat="1 0 0 0" rgba="0 0 1 0.3" size="0.015" />
      <site name="3_part3_corner_site8" pos="-0.0063500009000000005 0.1401975708 0.3619500122" quat="1 0 0 0" rgba="0 0 1 0.3" size="0.015" />
      <site name="3_part3_corner_site7" pos="0.0063500011000000006 0.1401975708 0.3619500122" quat="1 0 0 0" rgba="0 0 1 0.3" size="0.015" />
      <site name="3_part3_corner_site6" pos="0.0063500011000000006 -0.1401975715 0.3619500122" quat="1 0 0 0" rgba="0 0 1 0.3" size="0.015" />
      <site name="3_part3_corner_site5" pos="-0.0063500009000000005 -0.1401975715 0.3619500122" quat="1 0 0 0" rgba="0 0 1 0.3" size="0.015" />
      <site name="3_part3_corner_site4" pos="-0.0063500009000000005 0.1401975708 -0.3619500122" quat="1 0 0 0" rgba="0 0 1 0.3" size="0.015" />
      <site name="3_part3_corner_site3" pos="0.0063500011000000006 0.1401975708 -0.3619500122" quat="1 0 0 0" rgba="0 0 1 0.3" size="0.015" />
      <site name="3_part3_corner_site2" pos="0.0063500011000000006 -0.1401975715 -0.3619500122" quat="1 0 0 0" rgba="0 0 1 0.3" size="0.015" />
      <site name="3_part3_corner_site1" pos="-0.0063500009000000005 -0.1401975715 -0.3619500122" quat="1 0 0 0" rgba="0 0 1 0.3" size="0.015" />
      <site name="legpanel-centpanel,0,180,conn_site0" pos="0.00585001 0.0015875 -0.21352500000000002" quat="1 0 0 0" rgba="0.9019 0.0980 0.2941 0.3" size="0.015" />
      <site name="legpanel-centpanel,0,180,conn_site1" pos="0.0063500100000000005 0.0015875 -0.21352500000000002" quat="0.7071067 0 -0.7071068 0" rgba="0.9019 0.0980 0.2941 0.3" size="0.015" />
      <site name="legpanel-centpanel,0,180,conn_site2" pos="0.0063500100000000005 0.00158748 0.130575" quat="0.7071067 0 -0.7071068 0" rgba="0.9019 0.0980 0.2941 0.3" size="0.015" />
      <site name="legpanel-centpanel,0,180,conn_site3" pos="0.0063500100000000005 0.00158748 0.02857499" quat="0.7071067 0 -0.7071068 0" rgba="0.9019 0.0980 0.2941 0.3" size="0.015" />
      <site name="legpanel-toppanel,0,180,conn_site2" pos="0.0008500100000000001 -2e-08 0.358575" quat="1 0 0 0" rgba="1.0 0.8823 0.0980 0.3" size="0.015" />
      <geom density="50" name="noviz_collision_3_part3_1" pos="0.00311 0.00017497 0.06957499" quat="1 0 0 0" rgba="1 0 0 1" size="0.00565508 0.1145 0.292" solref="0.001 1" type="box" />
      <geom density="50" name="noviz_collision_3_part3_2" pos="-4.999e-05 0.127495 -0.00022501" quat="1 0 0 0" rgba="1 0 0 1" size="0.006500000000000001 0.0127 0.362" solref="0.001 1" type="box" />
      <geom density="50" name="noviz_collision_3_part3_3" pos="-4.999e-05 -0.1274975 -0.00022501" quat="1 0 0 0" rgba="1 0 0 1" size="0.006500000000000001 0.0127 0.362" solref="0.001 1" type="box" />
    </body>
    <body name="2_part2" pos="0.13335 -0.0031749685 -0.0285749878" quat="1 0 0 0">
      <geom conaffinity="0" contype="0" density="0" mesh="part2" name="2_part2_mesh" pos="0.0 0.0 0.0" rgba="0.82 0.71 0.55 1" type="mesh" />
      <site name="2_part2_horizontal_radius_site" pos="0.0 -3e-10 -0.0" quat="1 0 0 0" rgba="0 0 1 0.3" size="0.015" />
      <site name="2_part2_top_site" pos="0.0 -4e-10 0.3619500122" quat="1 0 0 0" rgba="0 0 1 0.3" size="0.015" />
      <site name="2_part2_bottom_site" pos="0.0 -4e-10 -0.3619500122" quat="1 0 0 0" rgba="0 0 1 0.3" size="0.015" />
      <site name="2_part2_corner_site8" pos="-0.00635 0.1401975708 0.3619500122" quat="1 0 0 0" rgba="0 0 1 0.3" size="0.015" />
      <site name="2_part2_corner_site7" pos="0.00635 0.1401975708 0.3619500122" quat="1 0 0 0" rgba="0 0 1 0.3" size="0.015" />
      <site name="2_part2_corner_site6" pos="0.00635 -0.1401975715 0.3619500122" quat="1 0 0 0" rgba="0 0 1 0.3" size="0.015" />
      <site name="2_part2_corner_site5" pos="-0.00635 -0.1401975715 0.3619500122" quat="1 0 0 0" rgba="0 0 1 0.3" size="0.015" />
      <site name="2_part2_corner_site4" pos="-0.00635 0.1401975708 -0.3619500122" quat="1 0 0 0" rgba="0 0 1 0.3" size="0.015" />
      <site name="2_part2_corner_site3" pos="0.00635 0.1401975708 -0.3619500122" quat="1 0 0 0" rgba="0 0 1 0.3" size="0.015" />
      <site name="2_part2_corner_site2" pos="0.00635 -0.1401975715 -0.3619500122" quat="1 0 0 0" rgba="0 0 1 0.3" size="0.015" />
      <site name="2_part2_corner_site1" pos="-0.00635 -0.1401975715 -0.3619500122" quat="1 0 0 0" rgba="0 0 1 0.3" size="0.015" />
      
      <site name="legpanel-centpanel,0,180,conn_site5" pos="-0.0063500100000000005 0.0015875 -0.214825" quat="0.7071067 0 0.7071068 0" rgba="0.9019 0.0980 0.2941 0.3" size="0.015" />
      <site name="legpanel-centpanel,0,180,conn_site6" pos="-0.0063500100000000005 0.00158748 0.130575" quat="0.7071067 0 0.7071068 0" rgba="0.9019 0.0980 0.2941 0.3" size="0.015" />
      <site name="legpanel-centpanel,0,180,conn_site7" pos="-0.0063500100000000005 0.00158748 0.02857499" quat="0.7071067 0 0.7071068 0" rgba="0.9019 0.0980 0.2941 0.3" size="0.015" />
      <site name="legpanel-toppanel,0,180,conn_site4" pos="-0.00315001 -2e-08 0.361675" quat="1 0 0 0" rgba="1.0 0.8823 0.0980 0.3" size="0.015" />
      <geom density="50" name="noviz_collision_2_part2_0" pos="-0.0006949300000000001 0.00017497 0.06957499" quat="1 0 0 0" rgba="1 0 0 1" size="0.00565508 0.1145 0.292" solref="0.001 1" type="box" />
      <geom density="50" name="noviz_collision_2_part2_1" pos="4.999e-05 -0.1274975 -0.00022501" quat="1 0 0 0" rgba="1 0 0 1" size="0.006500000000000001 0.0127 0.362" solref="0.001 1" type="box" />
      <geom density="50" name="noviz_collision_2_part2_2" pos="4.999e-05 0.127495 -0.00022501" quat="1 0 0 0" rgba="1 0 0 1" size="0.006500000000000001 0.0127 0.362" solref="0.001 1" type="box" />
    </body>
    <body name="1_part1" pos="-0.0 0.0 0.1016" quat="1 0 0 0">
      <geom conaffinity="0" contype="0" density="0" mesh="part1" name="1_part1_mesh" pos="0.0 0.0 0.0" rgba="0.82 0.71 0.55 1" type="mesh" />
      <site name="1_part1_horizontal_radius_site" pos="-0.0 0.0 0.0" quat="1 0 0 0" rgba="0 0 1 0.3" size="0.015" />
      <site name="1_part1_top_site" pos="0.0 0.0 0.00635" quat="1 0 0 0" rgba="0 0 1 0.3" size="0.015" />
      <site name="1_part1_bottom_site" pos="0.0 0.0 -0.00635" quat="1 0 0 0" rgba="0 0 1 0.3" size="0.015" />
      <site name="1_part1_corner_site8" pos="-0.127 0.13067253969999998 0.00635" quat="1 0 0 0" rgba="0 0 1 0.3" size="0.015" />
      <site name="1_part1_corner_site7" pos="0.127 0.13067253969999998 0.00635" quat="1 0 0 0" rgba="0 0 1 0.3" size="0.015" />
      <site name="1_part1_corner_site6" pos="0.127 -0.13067253969999998 0.00635" quat="1 0 0 0" rgba="0 0 1 0.3" size="0.015" />
      <site name="1_part1_corner_site5" pos="-0.127 -0.13067253969999998 0.00635" quat="1 0 0 0" rgba="0 0 1 0.3" size="0.015" />
      <site name="1_part1_corner_site4" pos="-0.127 0.13067253969999998 -0.00635" quat="1 0 0 0" rgba="0 0 1 0.3" size="0.015" />
      <site name="1_part1_corner_site3" pos="0.127 0.13067253969999998 -0.00635" quat="1 0 0 0" rgba="0 0 1 0.3" size="0.015" />
      <site name="1_part1_corner_site2" pos="0.127 -0.13067253969999998 -0.00635" quat="1 0 0 0" rgba="0 0 1 0.3" size="0.015" />
      <site name="1_part1_corner_site1" pos="-0.127 -0.13067253969999998 -0.00635" quat="1 0 0 0" rgba="0 0 1 0.3" size="0.015" />
      <site name="centpanel-legpanel,0,180,conn_site7" pos="0.127 -0.00158748 0.0004" quat="0.7071067 0 0.7071068 0" rgba="0.9019 0.0980 0.2941 0.3" size="0.015" />
      <site name="centpanel-legpanel,0,180,conn_site8" pos="-0.127 -0.00158748 0.0004" quat="0.7071067 0 -0.7071068 0" rgba="0.9019 0.0980 0.2941 0.3" size="0.015" />
      <geom density="50" name="noviz_collision_1_part1_0" pos="0.0 0.0 0.0" quat="1 0 0 0" rgba="1 0 0 1" size="0.127 0.13067250000000002 0.00635" solref="0.001 1" type="box" />
    </body>
  </worldbody>
</mujoco>