<mujoco model="table_benno_0141">
  <custom>
    <numeric data="0.481747 0.210961 0.00505 -0.003953 0.003953 0.707096 -0.707096" name="0_part0_initpos" />
    <numeric data="0.071332 -0.159161 0.00632 0.0 -0.999969 -0.007934 -0.0" name="7_part7_initpos" />
    <numeric data="-0.419935 -0.164663 0.00505 0.707099 -0.0032 0.7071 0.0032" name="6_part6_initpos" />
    <numeric data="0.55709 -0.143364 0.00505 6.8e-05 0.707107 6.8e-05 -0.707107" name="5_part5_initpos" />
    <numeric data="0.086775 0.165266 0.00505 0.999999 -0.0 -0.0 -0.001302" name="4_part4_initpos" />
    <numeric data="0.635713 0.217374 0.00505 0.707104 0.707104 -0.00196 -0.00196" name="3_part3_initpos" />
    <numeric data="-0.457154 0.177846 0.00505 0.707104 0.707105 0.001793 0.001793" name="2_part2_initpos" />
    <numeric data="-0.295801 0.17976 0.00505 0.707089 -0.707089 -0.005055 0.005055" name="1_part1_initpos" />
  </custom>
  <asset>
    <mesh file="table_benno_0141/0.stl" name="part0" scale="0.0005 0.0005 0.0005" />
    <mesh file="table_benno_0141/7.stl" name="part7" scale="0.0005 0.0005 0.0005" />
    <mesh file="table_benno_0141/6.stl" name="part6" scale="0.0005 0.0005 0.0005" />
    <mesh file="table_benno_0141/5.stl" name="part5" scale="0.0005 0.0005 0.0005" />
    <mesh file="table_benno_0141/4.stl" name="part4" scale="0.0005 0.0005 0.0005" />
    <mesh file="table_benno_0141/3.stl" name="part3" scale="0.0005 0.0005 0.0005" />
    <mesh file="table_benno_0141/2.stl" name="part2" scale="0.0005 0.0005 0.0005" />
    <mesh file="table_benno_0141/1.stl" name="part1" scale="0.0005 0.0005 0.0005" />
  </asset>
  <equality>
    <weld active="false" body1="1_part1" body2="4_part4" solimp="1 1 0.5" solref="0.01 0.3" />
    <weld active="false" body1="0_part0" body2="4_part4" solimp="1 1 0.5" solref="0.01 0.3" />
    <weld active="false" body1="3_part3" body2="4_part4" solimp="1 1 0.5" solref="0.01 0.3" />
    <weld active="false" body1="2_part2" body2="4_part4" solimp="1 1 0.5" solref="0.01 0.3" />
    <weld active="false" body1="1_part1" body2="6_part6" solimp="1 1 0.5" solref="0.01 0.3" />
    <weld active="false" body1="1_part1" body2="5_part5" solimp="1 1 0.5" solref="0.01 0.3" />
    <weld active="false" body1="0_part0" body2="6_part6" solimp="1 1 0.5" solref="0.01 0.3" />
    <weld active="false" body1="0_part0" body2="5_part5" solimp="1 1 0.5" solref="0.01 0.3" />
    <weld active="false" body1="3_part3" body2="6_part6" solimp="1 1 0.5" solref="0.01 0.3" />
    <weld active="false" body1="3_part3" body2="5_part5" solimp="1 1 0.5" solref="0.01 0.3" />
    <weld active="false" body1="2_part2" body2="6_part6" solimp="1 1 0.5" solref="0.01 0.3" />
    <weld active="false" body1="2_part2" body2="5_part5" solimp="1 1 0.5" solref="0.01 0.3" />
    <weld active="false" body1="7_part7" body2="6_part6" solimp="1 1 0.5" solref="0.01 0.3" />
    <weld active="false" body1="7_part7" body2="5_part5" solimp="1 1 0.5" solref="0.01 0.3" />
  </equality>
  <worldbody>
    <body name="0_part0" pos="0.0 0.0 0.0" quat="1 0 0 0">
      <geom conaffinity="0" contype="0" density="0" mesh="part0" name="0_part0_mesh" pos="0.0 0.0 0.0" rgba="0.82 0.71 0.55 1" type="mesh" />
      <site name="0_part0_horizontal_radius_site" pos="0.0 0.0 0.0" quat="1 0 0 0" rgba="0 0 0 0" size="0.01" />
      <site name="0_part0_top_site" pos="0.0 0.0 0.12065000155" quat="1 0 0 0" rgba="0 0 0 0" size="0.01" />
      <site name="0_part0_bottom_site" pos="0.0 0.0 -0.12065000155" quat="1 0 0 0" rgba="0 0 0 0" size="0.01" />
      <site name="0_part0_corner_site8" pos="-0.0349250183 0.00508 0.12065000155" quat="1 0 0 0" rgba="0 0 0 0" size="0.01" />
      <site name="0_part0_corner_site7" pos="0.0349250183 0.00508 0.12065000155" quat="1 0 0 0" rgba="0 0 0 0" size="0.01" />
      <site name="0_part0_corner_site6" pos="0.0349250183 -0.00508 0.12065000155" quat="1 0 0 0" rgba="0 0 0 0" size="0.01" />
      <site name="0_part0_corner_site5" pos="-0.0349250183 -0.00508 0.12065000155" quat="1 0 0 0" rgba="0 0 0 0" size="0.01" />
      <site name="0_part0_corner_site4" pos="-0.0349250183 0.00508 -0.12065000155" quat="1 0 0 0" rgba="0 0 0 0" size="0.01" />
      <site name="0_part0_corner_site3" pos="0.0349250183 0.00508 -0.12065000155" quat="1 0 0 0" rgba="0 0 0 0" size="0.01" />
      <site name="0_part0_corner_site2" pos="0.0349250183 -0.00508 -0.12065000155" quat="1 0 0 0" rgba="0 0 0 0" size="0.01" />
      <site name="0_part0_corner_site1" pos="-0.0349250183 -0.00508 -0.12065000155" quat="1 0 0 0" rgba="0 0 0 0" size="0.01" />
      <site name="leg-botpanel,0,180,conn_site2" pos="0.0 -0.005 0.0" quat="0.7071067 -0.7071068 0 0" rgba="0.9019 0.0980 0.2941 0.3" size="0.01" />
      <site name="leg-sidepanel,0,180,conn_site2" pos="0.035 0 0" quat="0.7071067 0 0.7071068 0" rgba="0.2352 0.7058 0.2941 0.3" size="0.01" />
      <geom density="50" name="noviz_collision_0_part0_0" pos="-0.001155665 0.0 0.003592" quat="1 0 0 0" rgba="0 0 0 0" size="0.033769355 0.00508 0.124242" solref="0.001 1" type="box" />
    </body>
    <body name="7_part7" pos="-0.2247900042 -0.11953875 0.12699999845" quat="1 0 0 0">
      <geom conaffinity="0" contype="0" density="0" mesh="part7" name="7_part7_mesh" pos="0.0 0.0 0.0" rgba="0.82 0.71 0.55 1" type="mesh" />
      <site name="7_part7_horizontal_radius_site" pos="0.0 0.0 0.0" quat="1 0 0 0" rgba="0 0 0 0" size="0.01" />
      <site name="7_part7_top_site" pos="0.0 0.0 0.00635" quat="1 0 0 0" rgba="0 0 0 0" size="0.01" />
      <site name="7_part7_bottom_site" pos="0.0 0.0 -0.00635" quat="1 0 0 0" rgba="0 0 0 0" size="0.01" />
      <site name="7_part7_corner_site8" pos="-0.295275 0.15001875 0.00635" quat="1 0 0 0" rgba="0 0 0 0" size="0.01" />
      <site name="7_part7_corner_site7" pos="0.295275 0.15001875 0.00635" quat="1 0 0 0" rgba="0 0 0 0" size="0.01" />
      <site name="7_part7_corner_site6" pos="0.295275 -0.15001875 0.00635" quat="1 0 0 0" rgba="0 0 0 0" size="0.01" />
      <site name="7_part7_corner_site5" pos="-0.295275 -0.15001875 0.00635" quat="1 0 0 0" rgba="0 0 0 0" size="0.01" />
      <site name="7_part7_corner_site4" pos="-0.295275 0.15001875 -0.00635" quat="1 0 0 0" rgba="0 0 0 0" size="0.01" />
      <site name="7_part7_corner_site3" pos="0.295275 0.15001875 -0.00635" quat="1 0 0 0" rgba="0 0 0 0" size="0.01" />
      <site name="7_part7_corner_site2" pos="0.295275 -0.15001875 -0.00635" quat="1 0 0 0" rgba="0 0 0 0" size="0.01" />
      <site name="7_part7_corner_site1" pos="-0.295275 -0.15001875 -0.00635" quat="1 0 0 0" rgba="0 0 0 0" size="0.01" />
      <site name="toppanel-sidepanel,0,180,conn_site2" pos="0.26129 0.0 -0.00635" quat="1 0 0 0" rgba="1.0 0.8823 0.0980 0.3" size="0.01" />
      <site name="toppanel-sidepanel,0,180,conn_site1" pos="-0.26471 0.0 -0.00635" quat="1 0 0 0" rgba="1.0 0.8823 0.0980 0.3" size="0.01" />
      <geom density="50" name="noviz_collision_7_part7_0" pos="0.0 0.0 0.0" quat="1 0 0 0" rgba="0 0 0 0" size="0.295275 0.15001875 0.00635" solref="0.001 1" type="box" />
    </body>
    <body name="6_part6" pos="-0.48958500644999997 -0.11953875 0.0" quat="1 0 0 0">
      <geom conaffinity="0" contype="0" density="0" mesh="part6" name="6_part6_mesh" pos="0.0 0.0 0.0" rgba="0.82 0.71 0.55 1" type="mesh" />
      <site name="6_part6_horizontal_radius_site" pos="-5e-11 -0.0 0.0" quat="1 0 0 0" rgba="0 0 0 0" size="0.01" />
      <site name="6_part6_top_site" pos="-5e-11 0.0 0.12065000155" quat="1 0 0 0" rgba="0 0 0 0" size="0.01" />
      <site name="6_part6_bottom_site" pos="-5e-11 0.0 -0.12065000155" quat="1 0 0 0" rgba="0 0 0 0" size="0.01" />
      <site name="6_part6_corner_site8" pos="-0.005080002300000001 0.12461875000000001 0.12065000155" quat="1 0 0 0" rgba="0 0 0 0" size="0.01" />
      <site name="6_part6_corner_site7" pos="0.00508000215 0.12461875000000001 0.12065000155" quat="1 0 0 0" rgba="0 0 0 0" size="0.01" />
      <site name="6_part6_corner_site6" pos="0.00508000215 -0.12461875000000001 0.12065000155" quat="1 0 0 0" rgba="0 0 0 0" size="0.01" />
      <site name="6_part6_corner_site5" pos="-0.005080002300000001 -0.12461875000000001 0.12065000155" quat="1 0 0 0" rgba="0 0 0 0" size="0.01" />
      <site name="6_part6_corner_site4" pos="-0.005080002300000001 0.12461875000000001 -0.12065000155" quat="1 0 0 0" rgba="0 0 0 0" size="0.01" />
      <site name="6_part6_corner_site3" pos="0.00508000215 0.12461875000000001 -0.12065000155" quat="1 0 0 0" rgba="0 0 0 0" size="0.01" />
      <site name="6_part6_corner_site2" pos="0.00508000215 -0.12461875000000001 -0.12065000155" quat="1 0 0 0" rgba="0 0 0 0" size="0.01" />
      <site name="6_part6_corner_site1" pos="-0.005080002300000001 -0.12461875000000001 -0.12065000155" quat="1 0 0 0" rgba="0 0 0 0" size="0.01" />
      <site name="sidepanel-toppanel,0,180,conn_site1" pos="8.499e-05 0.0 0.12065000000000001" quat="1 0 0 0" rgba="1.0 0.8823 0.0980 0.3" size="0.01" />
      <site name="sidepanel-leg,0,180,conn_site4" pos="0.004584990000000001 -0.11946125 0.0" quat="0.7071067 0 -0.7071068 0" rgba="0.2352 0.7058 0.2941 0.3" size="0.01" />
      <site name="sidepanel-leg,0,180,conn_site3" pos="0.004584990000000001 0.11953875 0.0" quat="0.7071067 0 -0.7071068 0" rgba="0.2352 0.7058 0.2941 0.3" size="0.01" />
      <geom density="50" name="noviz_collision_6_part6_0" pos="0.0 0.0 0.0" quat="1 0 0 0" rgba="0 0 0 0" size="0.005080015 0.12461875000000001 0.12065000000000001" solref="0.001 1" type="box" />
    </body>
    <body name="5_part5" pos="0.040004995800000005 -0.11953875 0.0" quat="1 0 0 0">
      <geom conaffinity="0" contype="0" density="0" mesh="part5" name="5_part5_mesh" pos="0.0 0.0 0.0" rgba="0.82 0.71 0.55 1" type="mesh" />
      <site name="5_part5_horizontal_radius_site" pos="0.0 -0.0 0.0" quat="1 0 0 0" rgba="0 0 0 0" size="0.01" />
      <site name="5_part5_top_site" pos="0.0 0.0 0.12065000155" quat="1 0 0 0" rgba="0 0 0 0" size="0.01" />
      <site name="5_part5_bottom_site" pos="0.0 0.0 -0.12065000155" quat="1 0 0 0" rgba="0 0 0 0" size="0.01" />
      <site name="5_part5_corner_site8" pos="-0.00508 0.12461875000000001 0.12065000155" quat="1 0 0 0" rgba="0 0 0 0" size="0.01" />
      <site name="5_part5_corner_site7" pos="0.00508 0.12461875000000001 0.12065000155" quat="1 0 0 0" rgba="0 0 0 0" size="0.01" />
      <site name="5_part5_corner_site6" pos="0.00508 -0.12461875000000001 0.12065000155" quat="1 0 0 0" rgba="0 0 0 0" size="0.01" />
      <site name="5_part5_corner_site5" pos="-0.00508 -0.12461875000000001 0.12065000155" quat="1 0 0 0" rgba="0 0 0 0" size="0.01" />
      <site name="5_part5_corner_site4" pos="-0.00508 0.12461875000000001 -0.12065000155" quat="1 0 0 0" rgba="0 0 0 0" size="0.01" />
      <site name="5_part5_corner_site3" pos="0.00508 0.12461875000000001 -0.12065000155" quat="1 0 0 0" rgba="0 0 0 0" size="0.01" />
      <site name="5_part5_corner_site2" pos="0.00508 -0.12461875000000001 -0.12065000155" quat="1 0 0 0" rgba="0 0 0 0" size="0.01" />
      <site name="5_part5_corner_site1" pos="-0.00508 -0.12461875000000001 -0.12065000155" quat="1 0 0 0" rgba="0 0 0 0" size="0.01" />
      <site name="sidepanel-toppanel,0,180,conn_site2" pos="-0.0035049950000000003 0.0 0.12065000000000001" quat="1 0 0 0" rgba="1.0 0.8823 0.0980 0.3" size="0.01" />
      <site name="sidepanel-leg,0,180,conn_site2" pos="-0.005004995 -0.11946125 0.0" quat="0.7071067 0 0.7071068 0" rgba="0.2352 0.7058 0.2941 0.3" size="0.01" />
      <site name="sidepanel-leg,0,180,conn_site1" pos="-0.005004995 0.11953875 0.0" quat="0.7071067 0 0.7071068 0" rgba="0.2352 0.7058 0.2941 0.3" size="0.01" />
      <geom density="50" name="noviz_collision_5_part5_0" pos="0.0 0.0 0.0" quat="1 0 0 0" rgba="0 0 0 0" size="0.00508 0.12461875000000001 0.12065000000000001" solref="0.001 1" type="box" />
    </body>
    <body name="4_part4" pos="-0.2247900042 -0.11953875 -1.55e-09" quat="1 0 0 0">
      <geom conaffinity="0" contype="0" density="0" mesh="part4" name="4_part4_mesh" pos="0.0 0.0 0.0" rgba="0.82 0.71 0.55 1" type="mesh" />
      <site name="4_part4_horizontal_radius_site" pos="0.0 0.0 0.0" quat="1 0 0 0" rgba="0 0 0 0" size="0.01" />
      <site name="4_part4_top_site" pos="0.0 0.0 0.00508" quat="1 0 0 0" rgba="0 0 0 0" size="0.01" />
      <site name="4_part4_bottom_site" pos="0.0 0.0 -0.00508" quat="1 0 0 0" rgba="0 0 0 0" size="0.01" />
      <site name="4_part4_corner_site8" pos="-0.259715 0.11445875 0.00508" quat="1 0 0 0" rgba="0 0 0 0" size="0.01" />
      <site name="4_part4_corner_site7" pos="0.259715 0.11445875 0.00508" quat="1 0 0 0" rgba="0 0 0 0" size="0.01" />
      <site name="4_part4_corner_site6" pos="0.259715 -0.11445875 0.00508" quat="1 0 0 0" rgba="0 0 0 0" size="0.01" />
      <site name="4_part4_corner_site5" pos="-0.259715 -0.11445875 0.00508" quat="1 0 0 0" rgba="0 0 0 0" size="0.01" />
      <site name="4_part4_corner_site4" pos="-0.259715 0.11445875 -0.00508" quat="1 0 0 0" rgba="0 0 0 0" size="0.01" />
      <site name="4_part4_corner_site3" pos="0.259715 0.11445875 -0.00508" quat="1 0 0 0" rgba="0 0 0 0" size="0.01" />
      <site name="4_part4_corner_site2" pos="0.259715 -0.11445875 -0.00508" quat="1 0 0 0" rgba="0 0 0 0" size="0.01" />
      <site name="4_part4_corner_site1" pos="-0.259715 -0.11445875 -0.00508" quat="1 0 0 0" rgba="0 0 0 0" size="0.01" />
      <site name="botpanel-leg,0,180,conn_site4" pos="-0.22521000000000002 -0.11446125000000001 0.0" quat="0.7071067 0.7071068 0 0" rgba="0.9019 0.0980 0.2941 0.3" size="0.01" />
      <site name="botpanel-leg,0,180,conn_site3" pos="-0.22521000000000002 0.11453875 0.0" quat="0.7071067 -0.7071068 0 0" rgba="0.9019 0.0980 0.2941 0.3" size="0.01" />
      <site name="botpanel-leg,0,180,conn_site2" pos="0.22479 0.11453875 0.0" quat="0.7071067 -0.7071068 0 0" rgba="0.9019 0.0980 0.2941 0.3" size="0.01" />
      <site name="botpanel-leg,0,180,conn_site1" pos="0.22479 -0.11446125000000001 0.0" quat="0.7071067 0.7071068 0 0" rgba="0.9019 0.0980 0.2941 0.3" size="0.01" />
      <geom density="50" name="noviz_collision_4_part4_0" pos="0.0 0.0 0.0" quat="1 0 0 0" rgba="0 0 0 0" size="0.259715 0.11445875 0.00508" solref="0.001 1" type="box" />
    </body>
    <body name="3_part3" pos="-0.44958000945 -0.2390775 0.0" quat="1 0 0 0">
      <geom conaffinity="0" contype="0" density="0" mesh="part3" name="3_part3_mesh" pos="0.0 0.0 0.0" rgba="0.82 0.71 0.55 1" type="mesh" />
      <site name="3_part3_horizontal_radius_site" pos="0.0 -0.0 0.0" quat="1 0 0 0" rgba="0 0 0 0" size="0.01" />
      <site name="3_part3_top_site" pos="0.0 0.0 0.12065000155" quat="1 0 0 0" rgba="0 0 0 0" size="0.01" />
      <site name="3_part3_bottom_site" pos="0.0 0.0 -0.12065000155" quat="1 0 0 0" rgba="0 0 0 0" size="0.01" />
      <site name="3_part3_corner_site8" pos="-0.0349250107 0.00508 0.12065000155" quat="1 0 0 0" rgba="0 0 0 0" size="0.01" />
      <site name="3_part3_corner_site7" pos="0.0349250107 0.00508 0.12065000155" quat="1 0 0 0" rgba="0 0 0 0" size="0.01" />
      <site name="3_part3_corner_site6" pos="0.0349250107 -0.00508 0.12065000155" quat="1 0 0 0" rgba="0 0 0 0" size="0.01" />
      <site name="3_part3_corner_site5" pos="-0.0349250107 -0.00508 0.12065000155" quat="1 0 0 0" rgba="0 0 0 0" size="0.01" />
      <site name="3_part3_corner_site4" pos="-0.0349250107 0.00508 -0.12065000155" quat="1 0 0 0" rgba="0 0 0 0" size="0.01" />
      <site name="3_part3_corner_site3" pos="0.0349250107 0.00508 -0.12065000155" quat="1 0 0 0" rgba="0 0 0 0" size="0.01" />
      <site name="3_part3_corner_site2" pos="0.0349250107 -0.00508 -0.12065000155" quat="1 0 0 0" rgba="0 0 0 0" size="0.01" />
      <site name="3_part3_corner_site1" pos="-0.0349250107 -0.00508 -0.12065000155" quat="1 0 0 0" rgba="0 0 0 0" size="0.01" />
      <site name="leg-botpanel,0,180,conn_site4" pos="-0.000419985 0.0050774999999999995 0.0" quat="0.7071067 0.7071068 0 0" rgba="0.9019 0.0980 0.2941 0.3" size="0.01" />
      <site name="leg-sidepanel,0,180,conn_site4" pos="-0.035419985 7.75e-05 0.0" quat="0.7071067 0 -0.7071068 0" rgba="0.2352 0.7058 0.2941 0.3" size="0.01" />
      <geom density="50" name="noviz_collision_3_part3_0" pos="0.0 0.0 0.0" quat="1 0 0 0" rgba="0 0 0 0" size="0.03492502 0.00508 0.12065000000000001" solref="0.001 1" type="box" />
    </body>
    <body name="2_part2" pos="0.0 -0.2390775 0.0" quat="1 0 0 0">
      <geom conaffinity="0" contype="0" density="0" mesh="part2" name="2_part2_mesh" pos="0.0 0.0 0.0" rgba="0.82 0.71 0.55 1" type="mesh" />
      <site name="2_part2_horizontal_radius_site" pos="0.0 -0.0 0.0" quat="1 0 0 0" rgba="0 0 0 0" size="0.01" />
      <site name="2_part2_top_site" pos="0.0 0.0 0.12065000155" quat="1 0 0 0" rgba="0 0 0 0" size="0.01" />
      <site name="2_part2_bottom_site" pos="0.0 0.0 -0.12065000155" quat="1 0 0 0" rgba="0 0 0 0" size="0.01" />
      <site name="2_part2_corner_site8" pos="-0.0349250183 0.00508 0.12065000155" quat="1 0 0 0" rgba="0 0 0 0" size="0.01" />
      <site name="2_part2_corner_site7" pos="0.0349250183 0.00508 0.12065000155" quat="1 0 0 0" rgba="0 0 0 0" size="0.01" />
      <site name="2_part2_corner_site6" pos="0.0349250183 -0.00508 0.12065000155" quat="1 0 0 0" rgba="0 0 0 0" size="0.01" />
      <site name="2_part2_corner_site5" pos="-0.0349250183 -0.00508 0.12065000155" quat="1 0 0 0" rgba="0 0 0 0" size="0.01" />
      <site name="2_part2_corner_site4" pos="-0.0349250183 0.00508 -0.12065000155" quat="1 0 0 0" rgba="0 0 0 0" size="0.01" />
      <site name="2_part2_corner_site3" pos="0.0349250183 0.00508 -0.12065000155" quat="1 0 0 0" rgba="0 0 0 0" size="0.01" />
      <site name="2_part2_corner_site2" pos="0.0349250183 -0.00508 -0.12065000155" quat="1 0 0 0" rgba="0 0 0 0" size="0.01" />
      <site name="2_part2_corner_site1" pos="-0.0349250183 -0.00508 -0.12065000155" quat="1 0 0 0" rgba="0 0 0 0" size="0.01" />
      <site name="leg-botpanel,0,180,conn_site1" pos="0.0 0.0050774999999999995 0.0" quat="0.7071067 0.7071068 0 0" rgba="0.9019 0.0980 0.2941 0.3" size="0.01" />
      <site name="leg-sidepanel,0,180,conn_site1" pos="0.035 0.0000775 0" quat="0.7071067 0 0.7071068 0" rgba="0.2352 0.7058 0.2941 0.3" size="0.01" />
      <geom density="50" name="noviz_collision_2_part2_0" pos="-5e-09 0.0 0.0" quat="1 0 0 0" rgba="0 0 0 0" size="0.034925015000000004 0.00508 0.12065000000000001" solref="0.001 1" type="box" />
    </body>
    <body name="1_part1" pos="-0.44958000945 0.0 0.0" quat="1 0 0 0">
      <geom conaffinity="0" contype="0" density="0" mesh="part1" name="1_part1_mesh" pos="0.0 0.0 0.0" rgba="0.82 0.71 0.55 1" type="mesh" />
      <site name="1_part1_horizontal_radius_site" pos="0.0 0.0 0.0" quat="1 0 0 0" rgba="0 0 0 0" size="0.01" />
      <site name="1_part1_top_site" pos="0.0 0.0 0.12065000155" quat="1 0 0 0" rgba="0 0 0 0" size="0.01" />
      <site name="1_part1_bottom_site" pos="0.0 0.0 -0.12065000155" quat="1 0 0 0" rgba="0 0 0 0" size="0.01" />
      <site name="1_part1_corner_site8" pos="-0.0349250107 0.00508 0.12065000155" quat="1 0 0 0" rgba="0 0 0 0" size="0.01" />
      <site name="1_part1_corner_site7" pos="0.0349250107 0.00508 0.12065000155" quat="1 0 0 0" rgba="0 0 0 0" size="0.01" />
      <site name="1_part1_corner_site6" pos="0.0349250107 -0.00508 0.12065000155" quat="1 0 0 0" rgba="0 0 0 0" size="0.01" />
      <site name="1_part1_corner_site5" pos="-0.0349250107 -0.00508 0.12065000155" quat="1 0 0 0" rgba="0 0 0 0" size="0.01" />
      <site name="1_part1_corner_site4" pos="-0.0349250107 0.00508 -0.12065000155" quat="1 0 0 0" rgba="0 0 0 0" size="0.01" />
      <site name="1_part1_corner_site3" pos="0.0349250107 0.00508 -0.12065000155" quat="1 0 0 0" rgba="0 0 0 0" size="0.01" />
      <site name="1_part1_corner_site2" pos="0.0349250107 -0.00508 -0.12065000155" quat="1 0 0 0" rgba="0 0 0 0" size="0.01" />
      <site name="1_part1_corner_site1" pos="-0.0349250107 -0.00508 -0.12065000155" quat="1 0 0 0" rgba="0 0 0 0" size="0.01" />
      <site name="leg-botpanel,0,180,conn_site3" pos="-0.000419985 -0.005 0.0" quat="0.7071067 -0.7071068 0 0" rgba="0.9019 0.0980 0.2941 0.3" size="0.01" />
      <site name="leg-sidepanel,0,180,conn_site3" pos="0.035419985 0.0 0.0" quat="0.7071067 0 -0.7071068 0" rgba="0.2352 0.7058 0.2941 0.3" size="0.01" />
      <geom density="50" name="noviz_collision_1_part1_0" pos="0.00115567 0.0 0.003592" quat="1 0 0 0" rgba="0 0 0 0" size="0.03608069 0.00508 0.124242" solref="0.001 1" type="box" />
    </body>
  </worldbody>
  <actuator />
  <sensor />
  <contact />
  <default />
</mujoco>
