<mujoco model="table_liden_0920">
  <custom>
    <numeric data="0.4 0.3 0.027405 0.0 1.0 0.0 0.0" name="0_part0_initpos" />
    <numeric data="-0.185209 0.125035 0.006726 0.0 -1.0 0 0.0" name="5_part5_initpos" />
    <numeric data="-0.185924 0.309664 0.006829 0.0 -1.0 0 0.0" name="4_part4_initpos" />
    <numeric data="-0.450277 -0.090518 0.170664 0.0 0.705513 0.708697 0.0" name="3_part3_initpos" />
    <numeric data="-0.101199 -0.259353 0.170664 1.6e-05 -0.699554 -0.71458 -1.6e-05" name="2_part2_initpos" />
    <numeric data="0.399995 0.139968 0.027405 0.0 -1.0 8.8e-05 -0.0" name="1_part1_initpos" />
  </custom>
  <asset>
    <mesh file="table_liden_0920/0.stl" name="part0" scale="0.00054 0.00054 0.00054" />
    <mesh file="table_liden_0920/5.stl" name="part5" scale="0.00054 0.00054 0.00054" />
    <mesh file="table_liden_0920/4.stl" name="part4" scale="0.00054 0.00054 0.00054" />
    <mesh file="table_liden_0920/3.stl" name="part3" scale="0.00054 0.00054 0.00054" />
    <mesh file="table_liden_0920/2.stl" name="part2" scale="0.00054 0.00054 0.00054" />
    <mesh file="table_liden_0920/1.stl" name="part1" scale="0.00054 0.00054 0.00054" />
  </asset>
  <equality>
    <weld active="false" body1="0_part0" body2="4_part4" solimp="1 1 0.5" solref="0.01 0.3" />
    <weld active="false" body1="1_part1" body2="5_part5" solimp="1 1 0.5" solref="0.01 0.3" />
    <weld active="false" body1="5_part5" body2="3_part3" solimp="1 1 0.5" solref="0.01 0.3" />
    <weld active="false" body1="5_part5" body2="2_part2" solimp="1 1 0.5" solref="0.01 0.3" />
    <weld active="false" body1="0_part0" body2="5_part5" solimp="1 1 0.5" solref="0.01 0.3" />
    <weld active="false" body1="1_part1" body2="4_part4" solimp="1 1 0.5" solref="0.01 0.3" />
    <weld active="false" body1="4_part4" body2="2_part2" solimp="1 1 0.5" solref="0.01 0.3" />
    <weld active="false" body1="4_part4" body2="3_part3" solimp="1 1 0.5" solref="0.01 0.3" />
  </equality>
  <worldbody>
    <body name="0_part0" pos="-0.0 0.0 0.0" quat="1 0 0 0">
      <geom conaffinity="0" contype="0" density="0" mesh="part0" name="0_part0_mesh" pos="0.0 0.0 0.0" rgba="0.82 0.71 0.55 1" type="mesh" />
      <site group="1" name="0_part0_ltgt_site0" pos="0.0 -0.024 0.0" rgba="0 0 0 0" size="0.012 0.012 0.012" type="sphere" />
      <site group="1" name="0_part0_rtgt_site0" pos="0.0 0.024 0.0" rgba="0 0 0 0" size="0.012 0.012 0.012" type="sphere" />
      <site name="0_part0_horizontal_radius_site" pos="-0.0 0.0 0.0" quat="1 0 0 0" rgba="0 0 0 0" size="0.010799999999999999" />
      <site name="0_part0_top_site" pos="0.0 0.0 0.027432" quat="1 0 0 0" rgba="0 0 0 0" size="0.010799999999999999" />
      <site name="0_part0_bottom_site" pos="0.0 0.0 -0.027432" quat="1 0 0 0" rgba="0 0 0 0" size="0.010799999999999999" />
      <site name="0_part0_corner_site8" pos="-0.222885 0.010287 0.027432" quat="1 0 0 0" rgba="0 0 0 0" size="0.010799999999999999" />
      <site name="0_part0_corner_site7" pos="0.222885 0.010287 0.027432" quat="1 0 0 0" rgba="0 0 0 0" size="0.010799999999999999" />
      <site name="0_part0_corner_site6" pos="0.222885 -0.010287 0.027432" quat="1 0 0 0" rgba="0 0 0 0" size="0.010799999999999999" />
      <site name="0_part0_corner_site5" pos="-0.222885 -0.010287 0.027432" quat="1 0 0 0" rgba="0 0 0 0" size="0.010799999999999999" />
      <site name="0_part0_corner_site4" pos="-0.222885 0.010287 -0.027432" quat="1 0 0 0" rgba="0 0 0 0" size="0.010799999999999999" />
      <site name="0_part0_corner_site3" pos="0.222885 0.010287 -0.027432" quat="1 0 0 0" rgba="0 0 0 0" size="0.010799999999999999" />
      <site name="0_part0_corner_site2" pos="0.222885 -0.010287 -0.027432" quat="1 0 0 0" rgba="0 0 0 0" size="0.010799999999999999" />
      <site name="0_part0_corner_site1" pos="-0.222885 -0.010287 -0.027432" quat="1 0 0 0" rgba="0 0 0 0" size="0.010799999999999999" />
      <site name="support-toppanel,0,180,conn_site1" pos="0.0 -0.005399999999999999 0.027648000000000002" quat="1 0 0 0" rgba="0.9019 0.0980 0.2941 0.3" size="0.010799999999999999" />
      <geom density="50" name="noviz_collision_0_part0_0" pos="0.0 0.00022637339999999998 1.3716000000000001e-06" quat="1 0 0 0" rgba="0 0 0 0" size="0.22 0.0105133734 0.027433371599999996" solref="0.001 1" type="box" />
    </body>
    <body name="5_part5" pos="-0.0 0.20745452797199998 0.034290006588" quat="1 0 0 0">
      <geom conaffinity="0" contype="0" density="0" mesh="part5" name="5_part5_mesh" pos="0.0 0.0 0.0" rgba="0.82 0.71 0.55 1" type="mesh" />
      <site name="5_part5_horizontal_radius_site" pos="-0.0 1.674e-09 0.0" quat="1 0 0 0" rgba="0 0 0 0" size="0.010799999999999999" />
      <site name="5_part5_top_site" pos="0.0 1.674e-09 0.006858006587999999" quat="1 0 0 0" rgba="0 0 0 0" size="0.010799999999999999" />
      <site name="5_part5_bottom_site" pos="0.0 1.674e-09 -0.006858006587999999" quat="1 0 0 0" rgba="0 0 0 0" size="0.010799999999999999" />
      <site name="5_part5_corner_site8" pos="-0.27432 0.09086852964599998 0.006858006587999999" quat="1 0 0 0" rgba="0 0 0 0" size="0.010799999999999999" />
      <site name="5_part5_corner_site7" pos="0.27432 0.09086852964599998 0.006858006587999999" quat="1 0 0 0" rgba="0 0 0 0" size="0.010799999999999999" />
      <site name="5_part5_corner_site6" pos="0.27432 -0.090868526298 0.006858006587999999" quat="1 0 0 0" rgba="0 0 0 0" size="0.010799999999999999" />
      <site name="5_part5_corner_site5" pos="-0.27432 -0.090868526298 0.006858006587999999" quat="1 0 0 0" rgba="0 0 0 0" size="0.010799999999999999" />
      <site name="5_part5_corner_site4" pos="-0.27432 0.09086852964599998 -0.006858006587999999" quat="1 0 0 0" rgba="0 0 0 0" size="0.010799999999999999" />
      <site name="5_part5_corner_site3" pos="0.27432 0.09086852964599998 -0.006858006587999999" quat="1 0 0 0" rgba="0 0 0 0" size="0.010799999999999999" />
      <site name="5_part5_corner_site2" pos="0.27432 -0.090868526298 -0.006858006587999999" quat="1 0 0 0" rgba="0 0 0 0" size="0.010799999999999999" />
      <site name="5_part5_corner_site1" pos="-0.27432 -0.090868526298 -0.006858006587999999" quat="1 0 0 0" rgba="0 0 0 0" size="0.010799999999999999" />
      <site name="toppanel-support,0,180,conn_site2" pos="0.0 0.019507467599999998 -0.0066420054000000004" quat="1 0 0 0" rgba="0.9019 0.0980 0.2941 0.3" size="0.010799999999999999" />
      <site name="toppanel-leg,0,180,conn_site3" pos="0.24029999999999996 -0.04714876619999999 -0.0068580054" quat="1 0 0 0" rgba="0.2352 0.7058 0.2941 0.3" size="0.010799999999999999" />
      <site name="toppanel-leg,0,180,conn_site2" pos="-0.24029999999999996 -0.04714876619999999 -0.0068580054" quat="1 0 0 0" rgba="0.2352 0.7058 0.2941 0.3" size="0.010799999999999999" />
      <geom density="50" name="noviz_collision_5_part5_0" pos="0.0 -0.00048312719999999993 -5.107319999999999e-05" quat="1 0 0 0" rgba="0 0 0 0" size="0.27432 0.090385416 0.0068069322" solref="0.001 1" type="box" />
    </body>
    <body name="4_part4" pos="-0.0 0.018859527972 0.034290006588" quat="1 0 0 0">
      <geom conaffinity="0" contype="0" density="0" mesh="part4" name="4_part4_mesh" pos="0.0 0.0 0.0" rgba="0.82 0.71 0.55 1" type="mesh" />
      <site name="4_part4_horizontal_radius_site" pos="-0.0 1.674e-09 0.0" quat="1 0 0 0" rgba="0 0 0 0" size="0.010799999999999999" />
      <site name="4_part4_top_site" pos="0.0 1.674e-09 0.006858006587999999" quat="1 0 0 0" rgba="0 0 0 0" size="0.010799999999999999" />
      <site name="4_part4_bottom_site" pos="0.0 1.674e-09 -0.006858006587999999" quat="1 0 0 0" rgba="0 0 0 0" size="0.010799999999999999" />
      <site name="4_part4_corner_site8" pos="-0.27432 0.09086852964599998 0.006858006587999999" quat="1 0 0 0" rgba="0 0 0 0" size="0.010799999999999999" />
      <site name="4_part4_corner_site7" pos="0.27432 0.09086852964599998 0.006858006587999999" quat="1 0 0 0" rgba="0 0 0 0" size="0.010799999999999999" />
      <site name="4_part4_corner_site6" pos="0.27432 -0.090868526298 0.006858006587999999" quat="1 0 0 0" rgba="0 0 0 0" size="0.010799999999999999" />
      <site name="4_part4_corner_site5" pos="-0.27432 -0.090868526298 0.006858006587999999" quat="1 0 0 0" rgba="0 0 0 0" size="0.010799999999999999" />
      <site name="4_part4_corner_site4" pos="-0.27432 0.09086852964599998 -0.006858006587999999" quat="1 0 0 0" rgba="0 0 0 0" size="0.010799999999999999" />
      <site name="4_part4_corner_site3" pos="0.27432 0.09086852964599998 -0.006858006587999999" quat="1 0 0 0" rgba="0 0 0 0" size="0.010799999999999999" />
      <site name="4_part4_corner_site2" pos="0.27432 -0.090868526298 -0.006858006587999999" quat="1 0 0 0" rgba="0 0 0 0" size="0.010799999999999999" />
      <site name="4_part4_corner_site1" pos="-0.27432 -0.090868526298 -0.006858006587999999" quat="1 0 0 0" rgba="0 0 0 0" size="0.010799999999999999" />
      <site name="toppanel-support,0,180,conn_site1" pos="0.0 -0.024259527 -0.0066420054000000004" quat="1 0 0 0" rgba="0.9019 0.0980 0.2941 0.3" size="0.010799999999999999" />
      <site name="toppanel-leg,0,180,conn_site4" pos="0.24029999999999996 0.0471487338 -0.0068580054" quat="1 0 0 0" rgba="0.2352 0.7058 0.2941 0.3" size="0.010799999999999999" />
      <site name="toppanel-leg,0,180,conn_site1" pos="-0.24029999999999996 0.0471487338 -0.0068580054" quat="1 0 0 0" rgba="0.2352 0.7058 0.2941 0.3" size="0.010799999999999999" />
      <geom density="50" name="noviz_collision_4_part4_0" pos="0.0 0.0004830732 -5.107319999999999e-05" quat="1 0 0 0" rgba="0 0 0 0" size="0.27432 0.091351584 0.0068069322" solref="0.001 1" type="box" />
    </body>
    <body name="3_part3" pos="-0.24003 0.113156996652 -0.14401799999999998" quat="1 0 0 0">
      <geom conaffinity="0" contype="0" density="0" mesh="part3" name="3_part3_mesh" pos="0.0 0.0 0.0" rgba="0.82 0.71 0.55 1" type="mesh" />
      <site group="1" name="3_part3_ltgt_site0" pos="-0.02 0.047 0.15" rgba="0 0 0 0" size="0.012 0.012 0.012" type="sphere" />
      <site group="1" name="3_part3_rtgt_site0" pos="0.02 0.047 0.15" rgba="0 0 0 0" size="0.012 0.012 0.012" type="sphere" />
      <site name="3_part3_horizontal_radius_site" pos="0.0 -3.24e-09 0.0" quat="1 0 0 0" rgba="0 0 0 0" size="0.010799999999999999" />
      <site name="3_part3_top_site" pos="0.0 -3.24e-09 0.17145" quat="1 0 0 0" rgba="0 0 0 0" size="0.010799999999999999" />
      <site name="3_part3_bottom_site" pos="0.0 -3.24e-09 -0.17145" quat="1 0 0 0" rgba="0 0 0 0" size="0.010799999999999999" />
      <site name="3_part3_corner_site8" pos="-0.017145 0.17830800010799996 0.17145" quat="1 0 0 0" rgba="0 0 0 0" size="0.010799999999999999" />
      <site name="3_part3_corner_site7" pos="0.017145 0.17830800010799996 0.17145" quat="1 0 0 0" rgba="0 0 0 0" size="0.010799999999999999" />
      <site name="3_part3_corner_site6" pos="0.017145 -0.178308006588 0.17145" quat="1 0 0 0" rgba="0 0 0 0" size="0.010799999999999999" />
      <site name="3_part3_corner_site5" pos="-0.017145 -0.178308006588 0.17145" quat="1 0 0 0" rgba="0 0 0 0" size="0.010799999999999999" />
      <site name="3_part3_corner_site4" pos="-0.017145 0.17830800010799996 -0.17145" quat="1 0 0 0" rgba="0 0 0 0" size="0.010799999999999999" />
      <site name="3_part3_corner_site3" pos="0.017145 0.17830800010799996 -0.17145" quat="1 0 0 0" rgba="0 0 0 0" size="0.010799999999999999" />
      <site name="3_part3_corner_site2" pos="0.017145 -0.178308006588 -0.17145" quat="1 0 0 0" rgba="0 0 0 0" size="0.010799999999999999" />
      <site name="3_part3_corner_site1" pos="-0.017145 -0.178308006588 -0.17145" quat="1 0 0 0" rgba="0 0 0 0" size="0.010799999999999999" />
      <site name="leg-toppanel,0,180,conn_site2" pos="-0.00027 0.04714876619999999 0.17145" quat="1 0 0 0" rgba="0.2352 0.7058 0.2941 0.3" size="0.010799999999999999" />
      <site name="leg-toppanel,0,180,conn_site1" pos="-0.00027 -0.0471487338 0.17145" quat="1 0 0 0" rgba="0.2352 0.7058 0.2941 0.3" size="0.010799999999999999" />
      <geom density="50" name="noviz_collision_3_part3_0" pos="-0.00027 0.0 0.14369400000000002" quat="1 0 0 0" rgba="0 0 0 0" size="0.015 0.13662 0.027" solref="0.001 1" type="box" />
      <geom density="50" name="noviz_collision_3_part3_1" pos="-0.00027 -0.157977 -0.0068579892" quat="1 0 0 0" rgba="0 0 0 0" size="0.015 0.02025 0.1647" solref="0.001 1" type="box" />
      <geom density="50" name="noviz_collision_3_part3_2" pos="-0.00027 0.15808499999999998 -0.0068579892" quat="1 0 0 0" rgba="0 0 0 0" size="0.015 0.02025 0.1647" solref="0.001 1" type="box" />
    </body>
    <body name="2_part2" pos="0.24003 0.113156996652 -0.14401799999999998" quat="1 0 0 0">
      <geom conaffinity="0" contype="0" density="0" mesh="part2" name="2_part2_mesh" pos="0.0 0.0 0.0" rgba="0.82 0.71 0.55 1" type="mesh" />
      <site group="1" name="2_part2_ltgt_site0" pos="-0.02 0.047 0.15" rgba="0 0 0 0" size="0.012 0.012 0.012" type="sphere" />
      <site group="1" name="2_part2_rtgt_site0" pos="0.02 0.047 0.15" rgba="0 0 0 0" size="0.012 0.012 0.012" type="sphere" />
      <site name="2_part2_horizontal_radius_site" pos="0.0 -3.24e-09 0.0" quat="1 0 0 0" rgba="0 0 0 0" size="0.010799999999999999" />
      <site name="2_part2_top_site" pos="0.0 -3.24e-09 0.17145" quat="1 0 0 0" rgba="0 0 0 0" size="0.010799999999999999" />
      <site name="2_part2_bottom_site" pos="0.0 -3.24e-09 -0.17145" quat="1 0 0 0" rgba="0 0 0 0" size="0.010799999999999999" />
      <site name="2_part2_corner_site8" pos="-0.017145 0.17830800010799996 0.17145" quat="1 0 0 0" rgba="0 0 0 0" size="0.010799999999999999" />
      <site name="2_part2_corner_site7" pos="0.017145 0.17830800010799996 0.17145" quat="1 0 0 0" rgba="0 0 0 0" size="0.010799999999999999" />
      <site name="2_part2_corner_site6" pos="0.017145 -0.178308006588 0.17145" quat="1 0 0 0" rgba="0 0 0 0" size="0.010799999999999999" />
      <site name="2_part2_corner_site5" pos="-0.017145 -0.178308006588 0.17145" quat="1 0 0 0" rgba="0 0 0 0" size="0.010799999999999999" />
      <site name="2_part2_corner_site4" pos="-0.017145 0.17830800010799996 -0.17145" quat="1 0 0 0" rgba="0 0 0 0" size="0.010799999999999999" />
      <site name="2_part2_corner_site3" pos="0.017145 0.17830800010799996 -0.17145" quat="1 0 0 0" rgba="0 0 0 0" size="0.010799999999999999" />
      <site name="2_part2_corner_site2" pos="0.017145 -0.178308006588 -0.17145" quat="1 0 0 0" rgba="0 0 0 0" size="0.010799999999999999" />
      <site name="2_part2_corner_site1" pos="-0.017145 -0.178308006588 -0.17145" quat="1 0 0 0" rgba="0 0 0 0" size="0.010799999999999999" />
      <site name="leg-toppanel,0,180,conn_site4" pos="0.00027 -0.0471487338 0.17145" quat="1 0 0 0" rgba="0.2352 0.7058 0.2941 0.3" size="0.010799999999999999" />
      <site name="leg-toppanel,0,180,conn_site3" pos="0.00027 0.04714876619999999 0.17145" quat="1 0 0 0" rgba="0.2352 0.7058 0.2941 0.3" size="0.010799999999999999" />
      <geom density="50" name="noviz_collision_2_part2_0" pos="0.0004319946 0.0 0.14369400000000002" quat="1 0 0 0" rgba="0 0 0 0" size="0.015 0.13662 0.027" solref="0.001 1" type="box" />
      <geom density="50" name="noviz_collision_2_part2_1" pos="-8.69616e-05 -0.157977 -0.0068579892" quat="1 0 0 0" rgba="0 0 0 0" size="0.015 0.02025 0.1647" solref="0.001 1" type="box" />
      <geom density="50" name="noviz_collision_2_part2_2" pos="-8.69616e-05 0.15808499999999998 -0.0068579892" quat="1 0 0 0" rgba="0 0 0 0" size="0.015 0.02025 0.1647" solref="0.001 1" type="box" />
    </body>
    <body name="1_part1" pos="-0.0 0.226313999838 0.0" quat="1 0 0 0">
      <geom conaffinity="0" contype="0" density="0" mesh="part1" name="1_part1_mesh" pos="0.0 0.0 0.0" rgba="0.82 0.71 0.55 1" type="mesh" />
      <site group="1" name="1_part1_ltgt_site0" pos="0.0 -0.024 0.0" rgba="0 0 0 0" size="0.012 0.012 0.012" type="sphere" />
      <site group="1" name="1_part1_rtgt_site0" pos="0.0 0.024 0.0" rgba="0 0 0 0" size="0.012 0.012 0.012" type="sphere" />
      <site name="1_part1_horizontal_radius_site" pos="-0.0 0.0 0.0" quat="1 0 0 0" rgba="0 0 0 0" size="0.010799999999999999" />
      <site name="1_part1_top_site" pos="0.0 0.0 0.027432" quat="1 0 0 0" rgba="0 0 0 0" size="0.010799999999999999" />
      <site name="1_part1_bottom_site" pos="0.0 0.0 -0.027432" quat="1 0 0 0" rgba="0 0 0 0" size="0.010799999999999999" />
      <site name="1_part1_corner_site8" pos="-0.222885 0.010287026351999998 0.027432" quat="1 0 0 0" rgba="0 0 0 0" size="0.010799999999999999" />
      <site name="1_part1_corner_site7" pos="0.222885 0.010287026351999998 0.027432" quat="1 0 0 0" rgba="0 0 0 0" size="0.010799999999999999" />
      <site name="1_part1_corner_site6" pos="0.222885 -0.010287026351999998 0.027432" quat="1 0 0 0" rgba="0 0 0 0" size="0.010799999999999999" />
      <site name="1_part1_corner_site5" pos="-0.222885 -0.010287026351999998 0.027432" quat="1 0 0 0" rgba="0 0 0 0" size="0.010799999999999999" />
      <site name="1_part1_corner_site4" pos="-0.222885 0.010287026351999998 -0.027432" quat="1 0 0 0" rgba="0 0 0 0" size="0.010799999999999999" />
      <site name="1_part1_corner_site3" pos="0.222885 0.010287026351999998 -0.027432" quat="1 0 0 0" rgba="0 0 0 0" size="0.010799999999999999" />
      <site name="1_part1_corner_site2" pos="0.222885 -0.010287026351999998 -0.027432" quat="1 0 0 0" rgba="0 0 0 0" size="0.010799999999999999" />
      <site name="1_part1_corner_site1" pos="-0.222885 -0.010287026351999998 -0.027432" quat="1 0 0 0" rgba="0 0 0 0" size="0.010799999999999999" />
      <site name="support-toppanel,0,180,conn_site2" pos="0.0 0.0006479891999999999 0.027648000000000002" quat="1 0 0 0" rgba="0.9019 0.0980 0.2941 0.3" size="0.010799999999999999" />
      <geom density="50" name="noviz_collision_1_part1_0" pos="0.0 -0.0002263788 1.3716000000000001e-06" quat="1 0 0 0" rgba="0 0 0 0" size="0.22 0.0100606482 0.027433371599999996" solref="0.001 1" type="box" />
    </body>
  </worldbody>
<actuator /><sensor /><contact /><default /></mujoco>