<mujoco model="table_dockstra_0279">
  <custom>
    <numeric data="-0.332024 -0.069709 0.02821 0.999971 -0.0 -0.0 0.007559" name="0_part0_initpos" />
    <numeric data="-0.112954 -0.076936 0.026272 0.0 1.0 -9.4e-05 0.0" name="3_part3_initpos" />
    <numeric data="-0.316383 0.24 0.003274 0.0 0.082519 0.99659 0.0" name="2_part2_initpos" />
    <numeric data="0.01172 0.107275 0.022457 0.583591 -0.47236 0.52619 -0.399276" name="1_part1_initpos" />
  </custom>
  <asset>
    <mesh file="table_dockstra_0279/0.stl" name="part0" scale="0.0005 0.0005 0.0005" />
    <mesh file="table_dockstra_0279/3.stl" name="part3" scale="0.0005 0.0005 0.0005" />
    <mesh file="table_dockstra_0279/2.stl" name="part2" scale="0.0005 0.0005 0.0005" />
    <mesh file="table_dockstra_0279/1.stl" name="part1" scale="0.0005 0.0005 0.0005" />
  </asset>
  <equality>
    <weld active="false" body1="0_part0" body2="1_part1" solimp="1 1 0.5" solref="0.01 0.3" />
    <weld active="false" body1="3_part3" body2="1_part1" solimp="1 1 0.5" solref="0.01 0.3" />
    <weld active="false" body1="3_part3" body2="2_part2" solimp="1 1 0.5" solref="0.01 0.3" />
  </equality>
  <worldbody>
    <body name="0_part0" pos="-6.5e-10 2.5e-10 -2e-10" quat="1 0 0 0">
      <geom conaffinity="0" contype="0" density="0" mesh="part0" name="0_part0_mesh" pos="0.0 0.0 0.0" rgba="0.82 0.71 0.55 1" type="mesh" />
      <site name="0_part0_horizontal_radius_site" pos="0 0 0" quat="1 0 0 0" rgba="0 0 0 0" size="0.01" />
      <site name="0_part0_top_site" pos="0 0 0.0285" quat="1 0 0 0" rgba="0 0 0 0" size="0.01" />
      <site name="0_part0_bottom_site" pos="0 0 -0.0285" quat="1 0 0 0" rgba="0 0 0 0" size="0.01" />
      <site name="0_part0_corner_site8" pos="-0.09525 0.09525 0.02857" quat="1 0 0 0" rgba="0 0 0 0" size="0.01" />
      <site name="0_part0_corner_site7" pos="0.09525 0.09525 0.02857" quat="1 0 0 0" rgba="0 0 0 0" size="0.01" />
      <site name="0_part0_corner_site6" pos="0.09525 -0.09525 0.02857" quat="1 0 0 0" rgba="0 0 0 0" size="0.01" />
      <site name="0_part0_corner_site5" pos="-0.09525 -0.09525 0.02857" quat="1 0 0 0" rgba="0 0 0 0" size="0.01" />
      <site name="0_part0_corner_site4" pos="-0.09525 0.09525 -0.02857" quat="1 0 0 0" rgba="0 0 0 0" size="0.01" />
      <site name="0_part0_corner_site3" pos="0.09525 0.09525 -0.02857" quat="1 0 0 0" rgba="0 0 0 0" size="0.01" />
      <site name="0_part0_corner_site2" pos="0.09525 -0.09525 -0.02857" quat="1 0 0 0" rgba="0 0 0 0" size="0.01" />
      <site name="0_part0_corner_site1" pos="-0.09525 -0.09525 -0.02857" quat="1 0 0 0" rgba="0 0 0 0" size="0.01" />
      <site name="base-column,conn_site1" pos="0.0 0 0.0295" quat="1 0 0 0" rgba="0.9019 0.0980 0.2941 0.3" size="0.01" />
      <geom density="50" name="noviz_collision_0_part0_0" pos="0 0 -0.0252" quat="1 0 0 0" rgba="0 0 0 0" size="0.09525 0.003" solref="0.001 1" type="cylinder" />
      <geom density="50" name="noviz_collision_0_part0_1" pos="0 0 -0.00625" quat="1 0 0 0" rgba="0 0 0 0" size="0.01925 0.022" solref="0.001 1" type="cylinder" />
      <geom density="50" name="noviz_collision_0_part0_2" pos="0 0 0.022" quat="1 0 0 0" rgba="0 0 0 0" size="0.013 0.0075" solref="0.001 1" type="cylinder" />
    </body>
    <body name="3_part3" pos="0 0 0.3468" quat="1 0 0 0">
      <geom conaffinity="0" contype="0" density="0" mesh="part3" name="3_part3_mesh" pos="0.0 0.0 0.0" rgba="0.82 0.71 0.55 1" type="mesh" />
      <site group="1" name="3_part3_ltgt_site0" pos="0.02 0 -0.3" rgba="0 0 0 0" size="0.01 0.01 0.01" type="sphere" />
      <site group="1" name="3_part3_rtgt_site0" pos="-0.02 0 -0.3" rgba="0 0 0 0" size="0.01 0.01 0.01" type="sphere" />
      <site name="3_part3_horizontal_radius_site" pos="0.0 -0.0 0.0" quat="1 0 0 0" rgba="0 0 0 0" size="0.01" />
      <site name="3_part3_top_site" pos="0.0 0.0 0.02619" quat="1 0 0 0" rgba="0 0 0 0" size="0.01" />
      <site name="3_part3_bottom_site" pos="0.0 0.0 -0.02619" quat="1 0 0 0" rgba="0 0 0 0" size="0.01" />
      <site name="3_part3_corner_site8" pos="-0.09525 0.09525 0.02619" quat="1 0 0 0" rgba="0 0 0 0" size="0.01" />
      <site name="3_part3_corner_site7" pos="0.09525 0.09525 0.02619" quat="1 0 0 0" rgba="0 0 0 0" size="0.01" />
      <site name="3_part3_corner_site6" pos="0.09525 -0.09525 0.02619" quat="1 0 0 0" rgba="0 0 0 0" size="0.01" />
      <site name="3_part3_corner_site5" pos="-0.09525 -0.09525 0.02619" quat="1 0 0 0" rgba="0 0 0 0" size="0.01" />
      <site name="3_part3_corner_site4" pos="-0.09525 0.09525 -0.02619" quat="1 0 0 0" rgba="0 0 0 0" size="0.01" />
      <site name="3_part3_corner_site3" pos="0.09525 0.09525 -0.02619" quat="1 0 0 0" rgba="0 0 0 0" size="0.01" />
      <site name="3_part3_corner_site2" pos="0.09525 -0.09525 -0.02619" quat="1 0 0 0" rgba="0 0 0 0" size="0.01" />
      <site name="3_part3_corner_site1" pos="-0.09525 -0.09525 -0.02619" quat="1 0 0 0" rgba="0 0 0 0" size="0.01" />
      <site name="topsupp-column,conn_site2" pos="0.0 0.0 -0.0275" quat="1 0 0 0" rgba="0.2352 0.7058 0.2941 0.3" size="0.01" />
      <site name="topsupp-topplane,conn_site1" pos="0.0 0.0 0.0254" quat="1 0 0 0" rgba="1.0 0.8823 0.0980 0.3" size="0.01" />
      <geom density="50" name="noviz_collision_3_part3_0" pos="0 0 0.0253" quat="1 0 0 0" rgba="0 0 0 0" size="0.095 0.001" solref="0.001 1" type="cylinder" />
      <geom density="50" name="noviz_collision_3_part3_1" pos="0 0 0.00528125" quat="1 0 0 0" rgba="0 0 0 0" size="0.025 0.019" solref="0.001 1" type="cylinder" />
      <geom density="50" name="noviz_collision_3_part3_2" pos="0 0 -0.02" quat="1 0 0 0" rgba="0 0 0 0" size="0.013 0.0075" solref="0.001 1" type="cylinder" />
    </body>
    <body name="2_part2" pos="0 0 0.3746500065" quat="1 0 0 0">
      <geom conaffinity="0" contype="0" density="0" mesh="part2" name="2_part2_mesh" pos="0.0 0.0 0.0" rgba="0.82 0.71 0.55 1" type="mesh" />
      <site name="2_part2_horizontal_radius_site" pos="-6.5e-10 0.0 0.0" quat="1 0 0 0" rgba="0 0 0 0" size="0.01" />
      <site name="2_part2_top_site" pos="0 0.0 0.003175" quat="1 0 0 0" rgba="0 0 0 0" size="0.01" />
      <site name="2_part2_bottom_site" pos="0 0.0 -0.003175" quat="1 0 0 0" rgba="0 0 0 0" size="0.01" />
      <site name="2_part2_corner_site8" pos="-0.1905 0.1905 0.003175" quat="1 0 0 0" rgba="0 0 0 0" size="0.01" />
      <site name="2_part2_corner_site7" pos="0.1905 0.1905 0.003175" quat="1 0 0 0" rgba="0 0 0 0" size="0.01" />
      <site name="2_part2_corner_site6" pos="0.1905 -0.1905 0.003175" quat="1 0 0 0" rgba="0 0 0 0" size="0.01" />
      <site name="2_part2_corner_site5" pos="-0.1905 -0.1905 0.003175" quat="1 0 0 0" rgba="0 0 0 0" size="0.01" />
      <site name="2_part2_corner_site4" pos="-0.1905 0.1905 -0.003175" quat="1 0 0 0" rgba="0 0 0 0" size="0.01" />
      <site name="2_part2_corner_site3" pos="0.1905 0.1905 -0.003175" quat="1 0 0 0" rgba="0 0 0 0" size="0.01" />
      <site name="2_part2_corner_site2" pos="0.1905 -0.1905 -0.003175" quat="1 0 0 0" rgba="0 0 0 0" size="0.01" />
      <site name="2_part2_corner_site1" pos="-0.1905 -0.1905 -0.003175" quat="1 0 0 0" rgba="0 0 0 0" size="0.01" />
      <site name="topplane-topsupp,conn_site1" pos="0.0 0.0 -0.0035" quat="1 0 0 0" rgba="1.0 0.8823 0.0980 0.3" size="0.01" />
      <geom density="50" name="noviz_collision_2_part2_0" pos="0 0 0" quat="1 0 0 0" rgba="0 0 0 0" size="0.1905 0.0035" solref="0.001 1" type="cylinder" />
    </body>
    <body name="1_part1" pos="0 0 0.17462500035" quat="1 0 0 0">
      <geom conaffinity="0" contype="0" density="0" mesh="part1" name="1_part1_mesh" pos="0.0 0.0 0.0" rgba="0.82 0.71 0.55 1" type="mesh" />
      <site group="1" name="1_part1_ltgt_site0" pos="0.02 0 0.01" rgba="0 0 0 0" size="0.01 0.01 0.01" type="sphere" />
      <site group="1" name="1_part1_rtgt_site0" pos="-0.02 0 0.01" rgba="0 0 0 0" size="0.01 0.01 0.01" type="sphere" />
      <site group="1" name="1_part1_ltgt_site1" pos="0.02 0 -0.1" rgba="0 0 0 0" size="0.01 0.01 0.01" type="sphere" />
      <site group="1" name="1_part1_rtgt_site1" pos="-0.02 0 -0.1" rgba="0 0 0 0" size="0.01 0.01 0.01" type="sphere" />
      <site name="1_part1_horizontal_radius_site" pos="0.0 0.0 0.0" quat="1 0 0 0" rgba="0 0 0 0" size="0.01" />
      <site name="1_part1_top_site" pos="0.0 0.0 0.15875" quat="1 0 0 0" rgba="0 0 0 0" size="0.01" />
      <site name="1_part1_bottom_site" pos="0.0 0.0 -0.15875" quat="1 0 0 0" rgba="0 0 0 0" size="0.01" />
      <site name="1_part1_corner_site8" pos="-0.02632 0.02632 0.15875" quat="1 0 0 0" rgba="0 0 0 0" size="0.01" />
      <site name="1_part1_corner_site7" pos="0.02632 0.02632 0.15875" quat="1 0 0 0" rgba="0 0 0 0" size="0.01" />
      <site name="1_part1_corner_site6" pos="0.02632 -0.02632 0.15875" quat="1 0 0 0" rgba="0 0 0 0" size="0.01" />
      <site name="1_part1_corner_site5" pos="-0.02632 -0.02632 0.15875" quat="1 0 0 0" rgba="0 0 0 0" size="0.01" />
      <site name="1_part1_corner_site4" pos="-0.02632 0.02632 -0.15875" quat="1 0 0 0" rgba="0 0 0 0" size="0.01" />
      <site name="1_part1_corner_site3" pos="0.02632 0.02632 -0.15875" quat="1 0 0 0" rgba="0 0 0 0" size="0.01" />
      <site name="1_part1_corner_site2" pos="0.02632 -0.02632 -0.15875" quat="1 0 0 0" rgba="0 0 0 0" size="0.01" />
      <site name="1_part1_corner_site1" pos="-0.02632 -0.02632 -0.15875" quat="1 0 0 0" rgba="0 0 0 0" size="0.01" />
      <site name="column-base,conn_site1" pos="0.0 0 -0.135" quat="1 0 0 0" rgba="0.9019 0.0980 0.2941 0.3" size="0.01" />
      <site name="column-topsupp,conn_site2" pos="0.0 0.0 0.135" quat="1 0 0 0" rgba="0.2352 0.7058 0.2941 0.3" size="0.01" />
      <geom density="50" name="noviz_collision_1_part1_0" pos="0 0 0.000125" quat="1 0 0 0" rgba="0 0 0 0" size="0.0225 0.135" solref="0.001 1" type="cylinder" />

      <geom density="50" name="noviz_collision_1_part1_1" pos="-0.00 -0.018 -0.145" quat="1 0 0 0" rgba="1 0 0 1" size="0.007 0.001 0.015" solref="0.001 1" type="box" />
      <geom density="50" name="noviz_collision_1_part1_2" pos="-0.00 0.018 -0.145" quat="1 0 0 0" rgba="1 0 0 1" size="0.007 0.001 0.015" solref="0.001 1" type="box" />
      <geom density="50" name="noviz_collision_1_part1_3" pos="-0.013 -0.013 -0.145" quat="0.9238796 0 0 -0.3826834" rgba="1 0 0 1" size="0.007 0.001 0.015" solref="0.001 1" type="box" />
      <geom density="50" name="noviz_collision_1_part1_4" pos="0.018 0.00 -0.145" quat="0.7071067 0 0 -0.7071068" rgba="1 0 0 1" size="0.007 0.001 0.015" solref="0.001 1" type="box" />
      <geom density="50" name="noviz_collision_1_part1_5" pos="-0.018 0.00 -0.145" quat="0.7071067 0 0 -0.7071068" rgba="1 0 0 1" size="0.007 0.001 0.015" solref="0.001 1" type="box" />
      <geom density="50" name="noviz_collision_1_part1_6" pos="0.013 0.013 -0.145" quat="0.9238796 0 0 -0.3826834" rgba="1 0 0 1" size="0.007 0.001 0.015" solref="0.001 1" type="box" />
      <geom density="50" name="noviz_collision_1_part1_7" pos="-0.013 0.013 -0.145" quat="0.9238796 0 0 0.3826834" rgba="1 0 0 1" size="0.007 0.001 0.015" solref="0.001 1" type="box" />
      <geom density="50" name="noviz_collision_1_part1_8" pos="0.013 -0.013 -0.145" quat="0.9238796 0 0 0.3826834" rgba="1 0 0 1" size="0.007 0.001 0.015" solref="0.001 1" type="box" />

      <geom density="50" name="noviz_collision_1_part1_11" pos="-0.00 -0.02 0.145" quat="1 0 0 0" rgba="1 0 0 1" size="0.007 0.003 0.015" solref="0.001 1" type="box" />
      <geom density="50" name="noviz_collision_1_part1_12" pos="-0.00 0.02 0.145" quat="1 0 0 0" rgba="1 0 0 1" size="0.007 0.003 0.015" solref="0.001 1" type="box" />
      <geom density="50" name="noviz_collision_1_part1_13" pos="-0.015 -0.015 0.145" quat="0.9238796 0 0 -0.3826834" rgba="1 0 0 1" size="0.007 0.003 0.015" solref="0.001 1" type="box" />
      <geom density="50" name="noviz_collision_1_part1_14" pos="0.02 0.00 0.145" quat="0.7071067 0 0 -0.7071068" rgba="1 0 0 1" size="0.007 0.003 0.015" solref="0.001 1" type="box" />
      <geom density="50" name="noviz_collision_1_part1_15" pos="-0.02 0.00 0.145" quat="0.7071067 0 0 -0.7071068" rgba="1 0 0 1" size="0.007 0.003 0.015" solref="0.001 1" type="box" />
      <geom density="50" name="noviz_collision_1_part1_16" pos="0.015 0.015 0.145" quat="0.9238796 0 0 -0.3826834" rgba="1 0 0 1" size="0.007 0.003 0.015" solref="0.001 1" type="box" />
      <geom density="50" name="noviz_collision_1_part1_17" pos="-0.015 0.015 0.145" quat="0.9238796 0 0 0.3826834" rgba="1 0 0 1" size="0.007 0.003 0.015" solref="0.001 1" type="box" />
      <geom density="50" name="noviz_collision_1_part1_18" pos="0.015 -0.015 0.145" quat="0.9238796 0 0 0.3826834" rgba="1 0 0 1" size="0.007 0.003 0.015" solref="0.001 1" type="box" />
    </body>
  </worldbody>
<actuator /><sensor /><contact /><default /></mujoco>
