<mujoco model="table_lack_0825">
  <custom>
    <numeric data="0.0   0.21 0.01497 0.5 -0.5 0.5 -0.5" name="0_part0_initpos" />
    <numeric data="-0.37 0.31 0.01497 0.499854 0.499854 0.500146 0.500146" name="1_part1_initpos" />
    <numeric data="-0.37 0.21 0.01497 0.500129 0.500129 0.499871 0.499871" name="2_part2_initpos" />
    <numeric data="0.0   0.31 0.01497 0.5 -0.5 0.5 -0.5" name="3_part3_initpos" />
    <numeric data="-0.19 0.00  0.019527 0 1.0 0 0" name="4_part4_initpos" />
  </custom>
  <asset>
    <mesh file="table_lack_0825/leg1.stl" name="part0" scale="0.02 0.02 0.02" />
    <mesh file="table_lack_0825/leg2.stl" name="part1" scale="0.02 0.02 0.02" />
    <mesh file="table_lack_0825/leg3.stl" name="part2" scale="0.02 0.02 0.02" />
    <mesh file="table_lack_0825/leg4.stl" name="part3" scale="0.02 0.02 0.02" />
    <mesh file="table_lack_0825/table.stl" name="part4" scale="0.015 0.015 0.02" />
    <texture file="../textures/light-wood.png" name="tex-light-wood" type="2d" />
    <material name="pencil-wood" reflectance="0.5" texrepeat="20 20" texture="tex-light-wood" texuniform="true" />
  </asset>
  <equality>
    <weld active="false" body1="0_part0" body2="4_part4" solimp="1 1 0.5" solref="0.01 0.3" />
    <weld active="false" body1="2_part2" body2="4_part4" solimp="1 1 0.5" solref="0.01 0.3" />
    <weld active="false" body1="3_part3" body2="4_part4" solimp="1 1 0.5" solref="0.01 0.3" />
    <weld active="false" body1="1_part1" body2="4_part4" solimp="1 1 0.5" solref="0.01 0.3" />
  </equality>
  <worldbody>
    <body name="0_part0" pos="-0.305 -0.105 0.095">
      <geom density="5" name="noviz_collision_0_part0_0" pos="0 0 0" quat="1 0 0 0" rgba="0 0 0 0" size="0.015 0.015 0.13125" solref="0.001 1" type="box" />
      <geom conaffinity="0" contype="0" density="0" material="pencil-wood" mesh="part0" name="0_part0_mesh" pos="0 0 0" rgba="0.82 0.71 0.55 1" solref="0.001 1" type="mesh" />
      <site group="1" name="0_part0_ltgt_site0" pos="-0.02 0 0" rgba="0 0 0 0" size="0.01 0.01 0.01" type="sphere" />
      <site group="1" name="0_part0_rtgt_site0" pos="0.02 0 0" rgba="0 0 0 0" size="0.01 0.01 0.01" type="sphere" />
      <site group="0" name="leg-table,0,90,180,270,conn_site1" pos="0.0 0.0 0.1355" rgba="0.9019 0.0980 0.2941 0.3" size="0.0116" />
      <site name="0_part0_bottom_site" pos="0.0 0.0 -0.133" rgba="0 0 0 0" size="0.0116" />
      <site name="0_part0_top_site" pos="0.0 0.0 0.1333" rgba="0 0 0 0" size="0.0116" />
      <site name="0_part0_corner_site1" pos="0.02 0.02 -0.133" rgba="0 0 0 0" size="0.005" />
      <site name="0_part0_corner_site2" pos="0.02 -0.02 -0.133" rgba="0 0 0 0" size="0.005" />
      <site name="0_part0_corner_site3" pos="-0.02 0.02 -0.133" rgba="0 0 0 0" size="0.005" />
      <site name="0_part0_corner_site4" pos="-0.02 -0.02 -0.133" rgba="0 0 0 0" size="0.005" />
      <site name="0_part0_corner_site5" pos="0.02 0.02 0.1333" rgba="0 0 0 0" size="0.005" />
      <site name="0_part0_corner_site6" pos="0.02 -0.02 0.1333" rgba="0 0 0 0" size="0.005" />
      <site name="0_part0_corner_site7" pos="-0.02 0.02 0.1333" rgba="0 0 0 0" size="0.005" />
      <site name="0_part0_corner_site8" pos="-0.02 -0.02 0.1333" rgba="0 0 0 0" size="0.005" />
      <site name="0_part0_horizontal_radius_site" pos="0.0 0.0 0.0" rgba="0 0 0 0" size="0.02" />
    </body>
    <body name="1_part1" pos="-0.305 0.105 0.095" quat="-0.7 0 0 0.7">
      <geom conaffinity="0" contype="0" density="0" material="pencil-wood" mesh="part1" name="1_part1_mesh" pos="0 0 0" rgba="0.82 0.71 0.55 1" solref="0.001 1" type="mesh" />
      <geom density="5" name="noviz_collision_1_part1_0" pos="0 0 0" quat="1 0 0 0" rgba="0 0 0 0" size="0.015 0.015 0.13125" solref="0.001 1" type="box" />
      <site group="1" name="1_part1_ltgt_site0" pos="-0.02 0 0" rgba="0 0 0 0" size="0.01 0.01 0.01" type="sphere" />
      <site group="1" name="1_part1_rtgt_site0" pos="0.02 0 0" rgba="0 0 0 0" size="0.01 0.01 0.01" type="sphere" />
      <site group="0" name="leg-table,0,90,180,270,conn_site2" pos="0.0 0.0 0.13125" rgba="0.9019 0.0980 0.2941 0.3" size="0.0116" />
      <site name="1_part1_bottom_site" pos="0.0 0.0 -0.133" rgba="0 0 0 0" size="0.0116" />
      <site name="1_part1_top_site" pos="0.0 0.0 0.1333" rgba="0 0 0 0" size="0.0116" />
      <site name="1_part1_corner_site1" pos="0.02 0.02 -0.133" rgba="0 0 0 0" size="0.005" />
      <site name="1_part1_corner_site2" pos="0.02 -0.02 -0.133" rgba="0 0 0 0" size="0.005" />
      <site name="1_part1_corner_site3" pos="-0.02 0.02 -0.133" rgba="0 0 0 0" size="0.005" />
      <site name="1_part1_corner_site4" pos="-0.02 -0.02 -0.133" rgba="0 0 0 0" size="0.005" />
      <site name="1_part1_corner_site5" pos="0.02 0.02 0.1333" rgba="0 0 0 0" size="0.005" />
      <site name="1_part1_corner_site6" pos="0.02 -0.02 0.1333" rgba="0 0 0 0" size="0.005" />
      <site name="1_part1_corner_site7" pos="-0.02 0.02 0.1333" rgba="0 0 0 0" size="0.005" />
      <site name="1_part1_corner_site8" pos="-0.02 -0.02 0.1333" rgba="0 0 0 0" size="0.005" />
      <site name="1_part1_horizontal_radius_site" pos="0.0 0.0 0.0" rgba="0 0 0 0" size="0.02" />
    </body>
    <body name="2_part2" pos="0.305 -0.105 0.095" quat="1 0 0 0">
      <geom conaffinity="0" contype="0" density="0" material="pencil-wood" mesh="part2" name="2_part2_mesh" pos="0 0 0" rgba="0.82 0.71 0.55 1" solref="0.001 1" type="mesh" />
      <geom density="5" name="noviz_collision_2_part2_0" pos="0 0 0" quat="1 0 0 0" rgba="0 0 0 0" size="0.015 0.015 0.13125" solref="0.001 1" type="box" />
      <site group="1" name="2_part2_rtgt_site0" pos="-0.02 0 0" rgba="0 0 0 0" size="0.01 0.01 0.01" type="sphere" />
      <site group="1" name="2_part2_ltgt_site0" pos="0.02 0 0" rgba="0 0 0 0" size="0.01 0.01 0.01" type="sphere" />
      <site group="0" name="leg-table,0,90,180,270,conn_site3" pos="0.0 0.0 0.13125" rgba="0.9019 0.0980 0.2941 0.3" size="0.0116" />
      <site name="2_part2_bottom_site" pos="0.0 0.0 -0.133" rgba="0 0 0 0" size="0.0116" />
      <site name="2_part2_top_site" pos="0.0 0.0 0.1333" rgba="0 0 0 0" size="0.0116" />
      <site name="2_part2_corner_site1" pos="0.02 0.02 -0.133" rgba="0 0 0 0" size="0.005" />
      <site name="2_part2_corner_site2" pos="0.02 -0.02 -0.133" rgba="0 0 0 0" size="0.005" />
      <site name="2_part2_corner_site3" pos="-0.02 0.02 -0.133" rgba="0 0 0 0" size="0.005" />
      <site name="2_part2_corner_site4" pos="-0.02 -0.02 -0.133" rgba="0 0 0 0" size="0.005" />
      <site name="2_part2_corner_site5" pos="0.02 0.02 0.1333" rgba="0 0 0 0" size="0.005" />
      <site name="2_part2_corner_site6" pos="0.02 -0.02 0.1333" rgba="0 0 0 0" size="0.005" />
      <site name="2_part2_corner_site7" pos="-0.02 0.02 0.1333" rgba="0 0 0 0" size="0.005" />
      <site name="2_part2_corner_site8" pos="-0.02 -0.02 0.1333" rgba="0 0 0 0" size="0.005" />
      <site name="2_part2_horizontal_radius_site" pos="0.0 0.0 0.0" rgba="0 0 0 0" size="0.02" />
    </body>
    <body name="3_part3" pos="0.305 0.105 0.095" quat="1 0 0 0">
      <geom conaffinity="0" contype="0" density="0" material="pencil-wood" mesh="part3" name="3_part3_mesh" pos="0 0 0" rgba="0.82 0.71 0.55 1" solref="0.001 1" type="mesh" />
      <geom density="5" name="noviz_collision_3_part3_0" pos="0 0 0" quat="1 0 0 0" rgba="0 0 0 0" size="0.015 0.015 0.13125" solref="0.001 1" type="box" />
      <site group="1" name="3_part3_ltgt_site0" pos="-0.02 0 0" rgba="0 0 0 0" size="0.01 0.01 0.01" type="sphere" />
      <site group="1" name="3_part3_rtgt_site0" pos="0.02 0 0" rgba="0 0 0 0" size="0.01 0.01 0.01" type="sphere" />
      <site group="0" name="leg-table,0,90,180,270,conn_site4" pos="0.0 0.0 0.13125" rgba="0.9019 0.0980 0.2941 0.3" size="0.0116" />
      <site name="3_part3_bottom_site" pos="0.0 0.0 -0.133" rgba="0 0 0 0" size="0.0116" />
      <site name="3_part3_top_site" pos="0.0 0.0 0.1333" rgba="0 0 0 0" size="0.0116" />
      <site name="3_part3_corner_site1" pos="0.02 0.02 -0.133" rgba="0 0 0 0" size="0.005" />
      <site name="3_part3_corner_site2" pos="0.02 -0.02 -0.133" rgba="0 0 0 0" size="0.005" />
      <site name="3_part3_corner_site3" pos="-0.02 0.02 -0.133" rgba="0 0 0 0" size="0.005" />
      <site name="3_part3_corner_site4" pos="-0.02 -0.02 -0.133" rgba="0 0 0 0" size="0.005" />
      <site name="3_part3_corner_site5" pos="0.02 0.02 0.1333" rgba="0 0 0 0" size="0.005" />
      <site name="3_part3_corner_site6" pos="0.02 -0.02 0.1333" rgba="0 0 0 0" size="0.005" />
      <site name="3_part3_corner_site7" pos="-0.02 0.02 0.1333" rgba="0 0 0 0" size="0.005" />
      <site name="3_part3_corner_site8" pos="-0.02 -0.02 0.1333" rgba="0 0 0 0" size="0.005" />
      <site name="3_part3_horizontal_radius_site" pos="0.0 0.0 0.0" rgba="0 0 0 0" size="0.02" />
    </body>
    <body name="4_part4" pos="0.0 0.0 0.2433" quat="1 0 0 0">
      <geom conaffinity="0" contype="0" density="0" material="pencil-wood" mesh="part4" name="4_part4_geom" pos="0 0 0" rgba="0.82 0.71 0.55 1" solref="0.001 1" type="mesh" />
      <geom density="50" name="noviz_collision_4_part4_0" pos="0 0 0" quat="1 0 0 0" rgba="0 0 0 0" size="0.32 0.12 0.02" solref="0.001 1" type="box" />

      <site group="0" name="table-leg,0,90,180,270,conn_site1" pos="-0.305 -0.095 -0.02" rgba="0.9019 0.0980 0.2941 0.3" size="0.0116" />
      <site group="0" name="table-leg,0,90,180,270,conn_site2" pos="-0.305 0.095 -0.02" rgba="0.9019 0.0980 0.2941 0.3" size="0.0116" />
      <site group="0" name="table-leg,0,90,180,270,conn_site3" pos="0.305 -0.095 -0.02" rgba="0.9019 0.0980 0.2941 0.3" size="0.0116" />
      <site group="0" name="table-leg,0,90,180,270,conn_site4" pos="0.305 0.095 -0.02" rgba="0.9019 0.0980 0.2941 0.3" size="0.0116" />
      <site name="4_part4_corner_site1" pos="-0.385 -0.140 -0.023" rgba="0 0 0 0" size="0.005" />
      <site name="4_part4_corner_site2" pos="-0.385 0.140 -0.023" rgba="0 0 0 0" size="0.005" />
      <site name="4_part4_corner_site3" pos="0.385 -0.140 -0.023" rgba="0 0 0 0" size="0.005" />
      <site name="4_part4_corner_site4" pos="0.385 0.140 -0.023" rgba="0 0 0 0" size="0.005" />
      <site name="4_part4_corner_site5" pos="-0.385 -0.140 0.0233" rgba="0 0 0 0" size="0.005" />
      <site name="4_part4_corner_site6" pos="-0.385 0.140 0.0233" rgba="0 0 0 0" size="0.005" />
      <site name="4_part4_corner_site7" pos="0.385 -0.140 0.0233" rgba="0 0 0 0" size="0.005" />
      <site name="4_part4_corner_site8" pos="0.385 0.140 0.0233" rgba="0 0 0 0" size="0.005" />
      <site name="4_part4_bottom_site" pos="0.0 0.0 -0.0" rgba="0 0 0 0" size="0.0066" />
      <site name="4_part4_top_site" pos="0.0 0.0 0.02" rgba="0 0 0 0" size="0.0066" />
      <site name="4_part4_horizontal_radius_site" pos="0.0 0.0 0.0" rgba="0 0 0 0" size="0.18" />
    </body>
  </worldbody>
<actuator /><sensor /><contact /><default /></mujoco>
