<mujoco model="table_torsby_1549">
  <custom>
    <numeric data="0.06762 0.214951 0.009789 1 0 0 0" name="0_part0_initpos" />
    <numeric data="0.022888 -0.22714 0.002904 0 0 -1 0" name="3_part3_initpos" />
    <numeric data="0.653362 0.202809 0.009636 0.707105 -0.000293 -0.707108 -0.000293" name="2_part2_initpos" />
    <numeric data="-0.544775 0.237335 0.009636 -0.000293 -0.707105 0.000293 -0.707105" name="1_part1_initpos" />
  </custom>
  <asset>
    <mesh file="table_torsby_1549/0.stl" name="part0" scale="0.00044 0.00044 0.00044" />
    <mesh file="table_torsby_1549/3.stl" name="part3" scale="0.00044 0.00044 0.00044" />
    <mesh file="table_torsby_1549/2.stl" name="part2" scale="0.00044 0.00044 0.00044" />
    <mesh file="table_torsby_1549/1.stl" name="part1" scale="0.00044 0.00044 0.00044" />
  </asset>
  <equality>
    <weld active="false" body1="0_part0" body2="3_part3" solimp="1 1 0.5" solref="0.01 0.3" />
    <weld active="false" body1="0_part0" body2="2_part2" solimp="1 1 0.5" solref="0.01 0.3" />
    <weld active="false" body1="0_part0" body2="1_part1" solimp="1 1 0.5" solref="0.01 0.3" />
    <weld active="false" body1="0_part0" body2="2_part2" solimp="1 1 0.5" solref="0.01 0.3" />
    <weld active="false" body1="0_part0" body2="1_part1" solimp="1 1 0.5" solref="0.01 0.3" />
  </equality>
  <worldbody>
    <body name="0_part0" pos="0.0 0.0 0.0" quat="1 0 0 0">
      <geom conaffinity="0" contype="0" density="0" mesh="part0" name="0_part0_mesh" pos="0.0 0.0 0.0" rgba="0.82 0.71 0.55 1" type="mesh" />
      <site name="0_part0_horizontal_radius_site" pos="0.0 0.0 0.0" quat="1 0 0 0" rgba="0 0 0 0" size="0.00044" />
      <site name="0_part0_top_site" pos="0.0 0.0 0.0097953174" quat="1 0 0 0" rgba="0 0 0 0" size="0.00044" />
      <site name="0_part0_bottom_site" pos="0.0 0.0 -0.0097953174" quat="1 0 0 0" rgba="0 0 0 0" size="0.00044" />
      <site name="0_part0_corner_site8" pos="-0.37745569250399996 0.18999200000000002 0.0097953174" quat="1 0 0 0" rgba="0 0 0 0" size="0.0088" />
      <site name="0_part0_corner_site7" pos="0.37745569250399996 0.18999200000000002 0.0097953174" quat="1 0 0 0" rgba="0 0 0 0" size="0.0088" />
      <site name="0_part0_corner_site6" pos="0.37745569250399996 -0.18999200000000002 0.0097953174" quat="1 0 0 0" rgba="0 0 0 0" size="0.0088" />
      <site name="0_part0_corner_site5" pos="-0.37745569250399996 -0.18999200000000002 0.0097953174" quat="1 0 0 0" rgba="0 0 0 0" size="0.0088" />
      <site name="0_part0_corner_site4" pos="-0.37745569250399996 0.18999200000000002 -0.0097953174" quat="1 0 0 0" rgba="0 0 0 0" size="0.0088" />
      <site name="0_part0_corner_site3" pos="0.37745569250399996 0.18999200000000002 -0.0097953174" quat="1 0 0 0" rgba="0 0 0 0" size="0.0088" />
      <site name="0_part0_corner_site2" pos="0.37745569250399996 -0.18999200000000002 -0.0097953174" quat="1 0 0 0" rgba="0 0 0 0" size="0.0088" />
      <site name="0_part0_corner_site1" pos="-0.37745569250399996 -0.18999200000000002 -0.0097953174" quat="1 0 0 0" rgba="0 0 0 0" size="0.0088" />
      <geom density="50" name="noviz_collision_0_part0_0" pos="0.0 0.0 -0.00012960199999999998" quat="1 0 0 0" rgba="0 0 0 0" size="0.009460000000000001 0.18999200000000002 0.0096657132" solref="0.001 1" type="box" />
      <geom density="50" name="noviz_collision_0_part0_1" pos="-0.188496 0.0 -0.00012960199999999998" quat="1 0 0 0" rgba="0 0 0 0" size="0.009460000000000001 0.18999200000000002 0.0096657132" solref="0.001 1" type="box" />
      <geom density="50" name="noviz_collision_0_part0_2" pos="0.18876 0.0 -0.00012960199999999998" quat="1 0 0 0" rgba="0 0 0 0" size="0.009460000000000001 0.18999200000000002 0.0096657132" solref="0.001 1" type="box" />
      <geom density="50" name="noviz_collision_0_part0_3" pos="0.0 -0.1804 -0.00012960199999999998" quat="0.7071067 0 0 -0.7071068" rgba="0 0 0 0" size="0.009460000000000001 0.374 0.0096657132" solref="0.001 1" type="box" />
      <geom density="50" name="noviz_collision_0_part0_4" pos="0.0 0.18128000000000002 -0.00012960199999999998" quat="0.7071067 0 0 -0.7071068" rgba="0 0 0 0" size="0.009460000000000001 0.374 0.0096657132" solref="0.001 1" type="box" />
      <site name="spine-top,0,180,conn_site1" pos="-0.003960000000000001 0.0 0.009636" quat="1 0 0 0" rgba="0.9019 0.0980 0.2941 0.3" size="0.0088" />
      <site name="spine1-side,0,conn_site2" pos="0.37576 0.18216000000000002 -0.0030800000000000003" quat="0.7071067 0 0.7071068 0" rgba="0.2352 0.7058 0.2941 0.3" size="0.0088" />
      <site name="spine2-side,0,conn_site2" pos="0.37707999999999997 -0.180576 -0.002904" quat="0.7071067 0 0.7071068 0" rgba="1.0 0.8823 0.0980 0.3" size="0.0088" />
      <site name="spine2-side,0,conn_site1" pos="-0.377432 -0.183216 -0.002552" quat="0.7071067 0 -0.7071068 0" rgba="1.0 0.8823 0.0980 0.3" size="0.0088" />
      <site name="spine1-side,0,conn_site1" pos="-0.37532 0.18128000000000002 -0.00264" quat="0.7071067 0 -0.7071068 0" rgba="0.2352 0.7058 0.2941 0.3" size="0.0088" />
    </body>
    <body name="3_part3" pos="0.0 0.0 0.012729470468" quat="1 0 0 0">
      <geom conaffinity="0" contype="0" density="0" mesh="part3" name="3_part3_mesh" pos="0.0 0.0 0.0" rgba="0.82 0.71 0.55 1" type="mesh" />
      <site name="3_part3_horizontal_radius_site" pos="0.0 0.0 0.0" quat="1 0 0 0" rgba="0 0 0 0" size="0.00044" />
      <site name="3_part3_top_site" pos="0.0 0.0 0.0029341609" quat="1 0 0 0" rgba="0 0 0 0" size="0.00044" />
      <site name="3_part3_bottom_site" pos="0.0 0.0 -0.0029341609" quat="1 0 0 0" rgba="0 0 0 0" size="0.00044" />
      <site name="3_part3_corner_site8" pos="-0.39674800000000005 0.18999200000000002 0.0029341609" quat="1 0 0 0" rgba="0 0 0 0" size="0.0088" />
      <site name="3_part3_corner_site7" pos="0.39674800000000005 0.18999200000000002 0.0029341609" quat="1 0 0 0" rgba="0 0 0 0" size="0.0088" />
      <site name="3_part3_corner_site6" pos="0.39674800000000005 -0.18999200000000002 0.0029341609" quat="1 0 0 0" rgba="0 0 0 0" size="0.0088" />
      <site name="3_part3_corner_site5" pos="-0.39674800000000005 -0.18999200000000002 0.0029341609" quat="1 0 0 0" rgba="0 0 0 0" size="0.0088" />
      <site name="3_part3_corner_site4" pos="-0.39674800000000005 0.18999200000000002 -0.0029341609" quat="1 0 0 0" rgba="0 0 0 0" size="0.0088" />
      <site name="3_part3_corner_site3" pos="0.39674800000000005 0.18999200000000002 -0.0029341609" quat="1 0 0 0" rgba="0 0 0 0" size="0.0088" />
      <site name="3_part3_corner_site2" pos="0.39674800000000005 -0.18999200000000002 -0.0029341609" quat="1 0 0 0" rgba="0 0 0 0" size="0.0088" />
      <site name="3_part3_corner_site1" pos="-0.39674800000000005 -0.18999200000000002 -0.0029341609" quat="1 0 0 0" rgba="0 0 0 0" size="0.0088" />
      <geom density="50" name="noviz_collision_3_part3_0" pos="0.0 0.0 0.0" quat="1 0 0 0" rgba="0 0 0 0" size="0.39674800000000005 0.18999200000000002 0.0029341619999999997" solref="0.001 1" type="box" />
      <site name="top-spine,0,180,conn_site1" pos="-0.003960000000000001 0.0 -0.0030934684000000004" quat="1 0 0 0" rgba="0.9019 0.0980 0.2941 0.3" size="0.0088" />
    </body>
    <body name="2_part2" pos="0.387101843788 0.0 -0.1461196924" quat="1 0 0 0">
      <geom conaffinity="0" contype="0" density="0" mesh="part2" name="2_part2_mesh" pos="0.0 0.0 0.0" rgba="0.82 0.71 0.55 1" type="mesh" />
      <site name="2_part2_horizontal_radius_site" pos="-4.4e-11 0.0 0.0" quat="1 0 0 0" rgba="0 0 0 0" size="0.00044" />
      <site name="2_part2_top_site" pos="-4.4e-11 0.0 0.155915009756" quat="1 0 0 0" rgba="0 0 0 0" size="0.00044" />
      <site name="2_part2_bottom_site" pos="-4.4e-11 0.0 -0.155915009756" quat="1 0 0 0" rgba="0 0 0 0" size="0.00044" />
      <site name="2_part2_corner_site8" pos="-0.009646156256 0.18999200000000002 0.155915009756" quat="1 0 0 0" rgba="0 0 0 0" size="0.0088" />
      <site name="2_part2_corner_site7" pos="0.009646156168 0.18999200000000002 0.155915009756" quat="1 0 0 0" rgba="0 0 0 0" size="0.0088" />
      <site name="2_part2_corner_site6" pos="0.009646156168 -0.18999200000000002 0.155915009756" quat="1 0 0 0" rgba="0 0 0 0" size="0.0088" />
      <site name="2_part2_corner_site5" pos="-0.009646156256 -0.18999200000000002 0.155915009756" quat="1 0 0 0" rgba="0 0 0 0" size="0.0088" />
      <site name="2_part2_corner_site4" pos="-0.009646156256 0.18999200000000002 -0.155915009756" quat="1 0 0 0" rgba="0 0 0 0" size="0.0088" />
      <site name="2_part2_corner_site3" pos="0.009646156168 0.18999200000000002 -0.155915009756" quat="1 0 0 0" rgba="0 0 0 0" size="0.0088" />
      <site name="2_part2_corner_site2" pos="0.009646156168 -0.18999200000000002 -0.155915009756" quat="1 0 0 0" rgba="0 0 0 0" size="0.0088" />
      <site name="2_part2_corner_site1" pos="-0.009646156256 -0.18999200000000002 -0.155915009756" quat="1 0 0 0" rgba="0 0 0 0" size="0.0088" />
      <geom density="50" name="noviz_collision_2_part2_0" pos="2.19428e-05 -0.17996 3.96924e-05" quat="1 0 0 0" rgba="0 0 0 0" size="0.0096681024 0.009460000000000001 0.15400000000000003" solref="0.001 1" type="box" />
      <geom density="50" name="noviz_collision_2_part2_2" pos="2.19428e-05 0.18128000000000002 3.96924e-05" quat="1 0 0 0" rgba="0 0 0 0" size="0.0096681024 0.009460000000000001 0.15400000000000003" solref="0.001 1" type="box" />
      <geom density="50" name="noviz_collision_2_part2_1" pos="2.19428e-05 0.0 0.146999688" quat="1 0 0 0" rgba="0 0 0 0" size="0.0096681024 0.18999200000000002 0.009460000000000001" solref="0.001 1" type="box" />
      <site name="side-spine1,0,conn_site2" pos="-0.0113418448 0.18216000000000002 0.143039688" quat="0.7071067 0 0.7071068 0" rgba="0.2352 0.7058 0.2941 0.3" size="0.0088" />
      <site name="side-spine2,0,conn_site2" pos="-0.0100218448 -0.180576 0.143215688" quat="0.7071067 0 0.7071068 0" rgba="1.0 0.8823 0.0980 0.3" size="0.0088" />
    </body>
    <body name="1_part1" pos="-0.38710184392 0.0 -0.1461196924" quat="1 0 0 0">
      <geom conaffinity="0" contype="0" density="0" mesh="part1" name="1_part1_mesh" pos="0.0 0.0 0.0" rgba="0.82 0.71 0.55 1" type="mesh" />
      <site name="1_part1_horizontal_radius_site" pos="1.32e-10 0.0 0.0" quat="1 0 0 0" rgba="0 0 0 0" size="0.00044" />
      <site name="1_part1_top_site" pos="1.32e-10 0.0 0.155915009756" quat="1 0 0 0" rgba="0 0 0 0" size="0.00044" />
      <site name="1_part1_bottom_site" pos="1.32e-10 0.0 -0.155915009756" quat="1 0 0 0" rgba="0 0 0 0" size="0.0088" />
      <site name="1_part1_corner_site8" pos="-0.009646155948000001 0.18999200000000002 0.155915009756" quat="1 0 0 0" rgba="0 0 0 0" size="0.0088" />
      <site name="1_part1_corner_site7" pos="0.009646156256 0.18999200000000002 0.155915009756" quat="1 0 0 0" rgba="0 0 0 0" size="0.0088" />
      <site name="1_part1_corner_site6" pos="0.009646156256 -0.18999200000000002 0.155915009756" quat="1 0 0 0" rgba="0 0 0 0" size="0.0088" />
      <site name="1_part1_corner_site5" pos="-0.009646155948000001 -0.18999200000000002 0.155915009756" quat="1 0 0 0" rgba="0 0 0 0" size="0.0088" />
      <site name="1_part1_corner_site4" pos="-0.009646155948000001 0.18999200000000002 -0.155915009756" quat="1 0 0 0" rgba="0 0 0 0" size="0.0088" />
      <site name="1_part1_corner_site3" pos="0.009646156256 0.18999200000000002 -0.155915009756" quat="1 0 0 0" rgba="0 0 0 0" size="0.0088" />
      <site name="1_part1_corner_site2" pos="0.009646156256 -0.18999200000000002 -0.155915009756" quat="1 0 0 0" rgba="0 0 0 0" size="0.0088" />
      <site name="1_part1_corner_site1" pos="-0.009646155948000001 -0.18999200000000002 -0.155915009756" quat="1 0 0 0" rgba="0 0 0 0" size="0.0088" />
      <geom density="50" name="noviz_collision_1_part1_0" pos="2.19428e-05 -0.17996 3.96924e-05" quat="1 0 0 0" rgba="0 0 0 0" size="0.0096681024 0.009460000000000001 0.15400000000000003" solref="0.001 1" type="box" />
      <geom density="50" name="noviz_collision_1_part1_2" pos="2.19428e-05 0.18128000000000002 3.96924e-05" quat="1 0 0 0" rgba="0 0 0 0" size="0.0096681024 0.009460000000000001 0.15400000000000003" solref="0.001 1" type="box" />
      <geom density="50" name="noviz_collision_1_part1_1" pos="2.19428e-05 0.0 0.146999688" quat="1 0 0 0" rgba="0 0 0 0" size="0.0096681024 0.18999200000000002 0.009460000000000001" solref="0.001 1" type="box" />
      <site name="side-spine2,0,conn_site1" pos="0.009669849199999999 -0.183216 0.14356768800000003" quat="0.7071067 0 -0.7071068 0" rgba="1.0 0.8823 0.0980 0.3" size="0.0088" />
      <site name="side-spine1,0,conn_site1" pos="0.011781844800000002 0.18128000000000002 0.143479688" quat="0.7071067 0 -0.7071068 0" rgba="0.2352 0.7058 0.2941 0.3" size="0.0088" />
    </body>
  </worldbody>
  <actuator/>
  <sensor/>
  <contact/>
  <default/>
</mujoco>
