<mujoco model="tvunit_lack_0829">
  <custom>
    <numeric data="0.26089 -0.240639 0.01521 0.499478 -0.500522 -0.499478 -0.500522" name="0_part0_initpos" />
    <numeric data="0.311578 0.061012 0.020513 0.0 -1.0 0.000384 0.0" name="7_part7_initpos" />
    <numeric data="-0.185525 0.337753 0.01521 0.493568 0.506351 0.493568 -0.506351" name="6_part6_initpos" />
    <numeric data="-0.195727 -0.028723 0.020067 -0.0 -0.707056 -0.707157 -0.0" name="5_part5_initpos" />
    <numeric data="0.148198 0.350031 0.01521 0.707107 0.0 -0.707107 0.0" name="4_part4_initpos" />
    <numeric data="0.552606 0.369512 0.01521 0.707107 -0.0 -0.707107 -0.0" name="3_part3_initpos" />
    <numeric data="0.424874 0.365065 0.01521 0.707106 0.000731 -0.707106 0.000731" name="2_part2_initpos" />
    <numeric data="0.283024 0.357894 0.01521 0.707107 0.0005 -0.707107 0.0005" name="1_part1_initpos" />
  </custom>
  <asset>
    <mesh file="tvunit_lack_0829/0.stl" name="part0" scale="0.0008 0.0008 0.0008" />
    <mesh file="tvunit_lack_0829/7.stl" name="part7" scale="0.0008 0.0008 0.0008" />
    <mesh file="tvunit_lack_0829/6.stl" name="part6" scale="0.0008 0.0008 0.0008" />
    <mesh file="tvunit_lack_0829/5.stl" name="part5" scale="0.0008 0.0008 0.0008" />
    <mesh file="tvunit_lack_0829/4.stl" name="part4" scale="0.0008 0.0008 0.0008" />
    <mesh file="tvunit_lack_0829/3.stl" name="part3" scale="0.0008 0.0008 0.0008" />
    <mesh file="tvunit_lack_0829/2.stl" name="part2" scale="0.0008 0.0008 0.0008" />
    <mesh file="tvunit_lack_0829/1.stl" name="part1" scale="0.0008 0.0008 0.0008" />
  </asset>
  <equality>
    <weld active="false" body1="6_part6" body2="7_part7" solimp="1 1 0.5" solref="0.01 0.3" />
    <weld active="false" body1="0_part0" body2="7_part7" solimp="1 1 0.5" solref="0.01 0.3" />
    <weld active="false" body1="7_part7" body2="3_part3" solimp="1 1 0.5" solref="0.01 0.3" />
    <weld active="false" body1="7_part7" body2="4_part4" solimp="1 1 0.5" solref="0.01 0.3" />
    <weld active="false" body1="7_part7" body2="1_part1" solimp="1 1 0.5" solref="0.01 0.3" />
    <weld active="false" body1="7_part7" body2="2_part2" solimp="1 1 0.5" solref="0.01 0.3" />
    <weld active="false" body1="6_part6" body2="5_part5" solimp="1 1 0.5" solref="0.01 0.3" />
    <weld active="false" body1="0_part0" body2="5_part5" solimp="1 1 0.5" solref="0.01 0.3" />
  </equality>
  <worldbody>
    <body name="0_part0" pos="0.0 0.0 -4.8e-10" quat="1 0 0 0">
      <geom conaffinity="0" contype="0" density="0" mesh="part0" name="0_part0_mesh" pos="0.0 0.0 0.0" rgba="0.82 0.71 0.55 1" type="mesh" />
      <site name="0_part0_horizontal_radius_site" pos="0.0 0.0 -4.8e-10" quat="1 0 0 0" rgba="0 0 0 0" size="0.016" />
      <site name="0_part0_top_site" pos="0.0 0.0 0.050800000000000005" quat="1 0 0 0" rgba="0 0 0 0" size="0.016" />
      <site name="0_part0_bottom_site" pos="0.0 0.0 -0.05080000088" quat="1 0 0 0" rgba="0 0 0 0" size="0.016" />
      <site name="0_part0_corner_site8" pos="-0.015240000000000002 0.17272 0.050800000000000005" quat="1 0 0 0" rgba="0 0 0 0" size="0.016" />
      <site name="0_part0_corner_site7" pos="0.015240000000000002 0.17272 0.050800000000000005" quat="1 0 0 0" rgba="0 0 0 0" size="0.016" />
      <site name="0_part0_corner_site6" pos="0.015240000000000002 -0.17272 0.050800000000000005" quat="1 0 0 0" rgba="0 0 0 0" size="0.016" />
      <site name="0_part0_corner_site5" pos="-0.015240000000000002 -0.17272 0.050800000000000005" quat="1 0 0 0" rgba="0 0 0 0" size="0.016" />
      <site name="0_part0_corner_site4" pos="-0.015240000000000002 0.17272 -0.05080000088" quat="1 0 0 0" rgba="0 0 0 0" size="0.016" />
      <site name="0_part0_corner_site3" pos="0.015240000000000002 0.17272 -0.05080000088" quat="1 0 0 0" rgba="0 0 0 0" size="0.016" />
      <site name="0_part0_corner_site2" pos="0.015240000000000002 -0.17272 -0.05080000088" quat="1 0 0 0" rgba="0 0 0 0" size="0.016" />
      <site name="0_part0_corner_site1" pos="-0.015240000000000002 -0.17272 -0.05080000088" quat="1 0 0 0" rgba="0 0 0 0" size="0.016" />
      <site name="sidebar-toppane,0,180,conn_site2" pos="0.0 0.0 0.052079999999999994" quat="1 0 0 0" rgba="0.9019 0.0980 0.2941 0.3" size="0.016" />
      <site name="sidebar-botpane,0,180,conn_site2" pos="0.0024000000000000002 0.0 -0.050800000000000005" quat="1 0 0 0" rgba="0.2352 0.7058 0.2941 0.3" size="0.016" />
      <geom density="50" name="noviz_collision_0_part0_1" pos="0.0 0.0 0.0" quat="1 0 0 0" rgba="0 0 0 0" size="0.015240000000000002 0.17272 0.050800000000000005" solref="0.001 1" type="box" />
    </body>
    <body name="7_part7" pos="0.21844000488000004 0.0 -0.07112000088" quat="1 0 0 0">
      <geom conaffinity="0" contype="0" density="0" mesh="part7" name="7_part7_mesh" pos="0.0 0.0 0.0" rgba="0.82 0.71 0.55 1" type="mesh" />
      <site name="7_part7_horizontal_radius_site" pos="0.0 0.0 -0.0" quat="1 0 0 0" rgba="0 0 0 0" size="0.016" />
      <site name="7_part7_top_site" pos="0.0 0.0 0.02032" quat="1 0 0 0" rgba="0 0 0 0" size="0.016" />
      <site name="7_part7_bottom_site" pos="0.0 0.0 -0.02032" quat="1 0 0 0" rgba="0 0 0 0" size="0.016" />
      <site name="7_part7_corner_site8" pos="-0.23368000488 0.17272 0.02032" quat="1 0 0 0" rgba="0 0 0 0" size="0.016" />
      <site name="7_part7_corner_site7" pos="0.23368000488 0.17272 0.02032" quat="1 0 0 0" rgba="0 0 0 0" size="0.016" />
      <site name="7_part7_corner_site6" pos="0.23368000488 -0.17272 0.02032" quat="1 0 0 0" rgba="0 0 0 0" size="0.016" />
      <site name="7_part7_corner_site5" pos="-0.23368000488 -0.17272 0.02032" quat="1 0 0 0" rgba="0 0 0 0" size="0.016" />
      <site name="7_part7_corner_site4" pos="-0.23368000488 0.17272 -0.02032" quat="1 0 0 0" rgba="0 0 0 0" size="0.016" />
      <site name="7_part7_corner_site3" pos="0.23368000488 0.17272 -0.02032" quat="1 0 0 0" rgba="0 0 0 0" size="0.016" />
      <site name="7_part7_corner_site2" pos="0.23368000488 -0.17272 -0.02032" quat="1 0 0 0" rgba="0 0 0 0" size="0.016" />
      <site name="7_part7_corner_site1" pos="-0.23368000488 -0.17272 -0.02032" quat="1 0 0 0" rgba="0 0 0 0" size="0.016" />
      <site name="botpane-sidebar,0,180,conn_site2" pos="-0.21604 0.0 0.02032" quat="1 0 0 0" rgba="0.2352 0.7058 0.2941 0.3" size="0.016" />
      <site name="botpane-sidebar,0,180,conn_site1" pos="0.2174 0.0 0.02032" quat="1 0 0 0" rgba="0.2352 0.7058 0.2941 0.3" size="0.016" />
      <site name="botpane-leg,0,90,180,270,conn_site6" pos="-0.2214 -0.15568 -0.02032" quat="1 0 0 0" rgba="1.0 0.8823 0.0980 0.3" size="0.016" />
      <site name="botpane-leg,0,90,180,270,conn_site5" pos="-0.21868000000000004 0.15880000000000002 -0.02032" quat="1 0 0 0" rgba="1.0 0.8823 0.0980 0.3" size="0.016" />
      <site name="botpane-leg,0,90,180,270,conn_site4" pos="0.21628000000000003 0.15752000000000002 -0.02032" quat="1 0 0 0" rgba="1.0 0.8823 0.0980 0.3" size="0.016" />
      <site name="botpane-leg,0,90,180,270,conn_site3" pos="0.21964000000000003 -0.16408 -0.02032" quat="1 0 0 0" rgba="1.0 0.8823 0.0980 0.3" size="0.016" />
      <geom density="50" name="noviz_collision_7_part7_1" pos="0.0 0.0 0.000111472" quat="1 0 0 0" rgba="0 0 0 0" size="0.23368000000000003 0.17272 0.020431472000000003" solref="0.001 1" type="box" />
    </body>
    <body name="6_part6" pos="0.43687999512 0.0 -4.8e-10" quat="1 0 0 0">
      <geom conaffinity="0" contype="0" density="0" mesh="part6" name="6_part6_mesh" pos="0.0 0.0 0.0" rgba="0.82 0.71 0.55 1" type="mesh" />
      <site name="6_part6_horizontal_radius_site" pos="0.0 0.0 -4.8e-10" quat="1 0 0 0" rgba="0 0 0 0" size="0.016" />
      <site name="6_part6_top_site" pos="0.0 0.0 0.050800000000000005" quat="1 0 0 0" rgba="0 0 0 0" size="0.016" />
      <site name="6_part6_bottom_site" pos="0.0 0.0 -0.05080000088" quat="1 0 0 0" rgba="0 0 0 0" size="0.016" />
      <site name="6_part6_corner_site8" pos="-0.015240014640000002 0.17272 0.050800000000000005" quat="1 0 0 0" rgba="0 0 0 0" size="0.016" />
      <site name="6_part6_corner_site7" pos="0.015240014640000002 0.17272 0.050800000000000005" quat="1 0 0 0" rgba="0 0 0 0" size="0.016" />
      <site name="6_part6_corner_site6" pos="0.015240014640000002 -0.17272 0.050800000000000005" quat="1 0 0 0" rgba="0 0 0 0" size="0.016" />
      <site name="6_part6_corner_site5" pos="-0.015240014640000002 -0.17272 0.050800000000000005" quat="1 0 0 0" rgba="0 0 0 0" size="0.016" />
      <site name="6_part6_corner_site4" pos="-0.015240014640000002 0.17272 -0.05080000088" quat="1 0 0 0" rgba="0 0 0 0" size="0.016" />
      <site name="6_part6_corner_site3" pos="0.015240014640000002 0.17272 -0.05080000088" quat="1 0 0 0" rgba="0 0 0 0" size="0.016" />
      <site name="6_part6_corner_site2" pos="0.015240014640000002 -0.17272 -0.05080000088" quat="1 0 0 0" rgba="0 0 0 0" size="0.016" />
      <site name="6_part6_corner_site1" pos="-0.015240014640000002 -0.17272 -0.05080000088" quat="1 0 0 0" rgba="0 0 0 0" size="0.016" />
      <site name="sidebar-toppane,0,180,conn_site1" pos="-0.001039992 0.0 0.052079999999999994" quat="1 0 0 0" rgba="0.9019 0.0980 0.2941 0.3" size="0.016" />
      <site name="sidebar-botpane,0,180,conn_site1" pos="-0.001039992 0.0 -0.050800000000000005" quat="1 0 0 0" rgba="0.2352 0.7058 0.2941 0.3" size="0.016" />
      <geom density="50" name="noviz_collision_6_part6_0" pos="0.0 0.0 0.0" quat="1 0 0 0" rgba="0 0 0 0" size="0.015239992000000003 0.17272 0.050800000000000005" solref="0.001 1" type="box" />
    </body>
    <body name="5_part5" pos="0.21844000488000004 0.0 0.07112000168" quat="1 0 0 0">
      <geom conaffinity="0" contype="0" density="0" mesh="part5" name="5_part5_mesh" pos="0.0 0.0 0.0" rgba="0.82 0.71 0.55 1" type="mesh" />
      <site name="5_part5_horizontal_radius_site" pos="0.0 0.0 1.6000000000000002e-10" quat="1 0 0 0" rgba="0 0 0 0" size="0.016" />
      <site name="5_part5_top_site" pos="0.0 0.0 0.02032000272" quat="1 0 0 0" rgba="0 0 0 0" size="0.016" />
      <site name="5_part5_bottom_site" pos="0.0 0.0 -0.020320002480000002" quat="1 0 0 0" rgba="0 0 0 0" size="0.016" />
      <site name="5_part5_corner_site8" pos="-0.23368000488 0.17272 0.02032000272" quat="1 0 0 0" rgba="0 0 0 0" size="0.016" />
      <site name="5_part5_corner_site7" pos="0.23368000488 0.17272 0.02032000272" quat="1 0 0 0" rgba="0 0 0 0" size="0.016" />
      <site name="5_part5_corner_site6" pos="0.23368000488 -0.17272 0.02032000272" quat="1 0 0 0" rgba="0 0 0 0" size="0.016" />
      <site name="5_part5_corner_site5" pos="-0.23368000488 -0.17272 0.02032000272" quat="1 0 0 0" rgba="0 0 0 0" size="0.016" />
      <site name="5_part5_corner_site4" pos="-0.23368000488 0.17272 -0.020320002480000002" quat="1 0 0 0" rgba="0 0 0 0" size="0.016" />
      <site name="5_part5_corner_site3" pos="0.23368000488 0.17272 -0.020320002480000002" quat="1 0 0 0" rgba="0 0 0 0" size="0.016" />
      <site name="5_part5_corner_site2" pos="0.23368000488 -0.17272 -0.020320002480000002" quat="1 0 0 0" rgba="0 0 0 0" size="0.016" />
      <site name="5_part5_corner_site1" pos="-0.23368000488 -0.17272 -0.020320002480000002" quat="1 0 0 0" rgba="0 0 0 0" size="0.016" />
      <site name="toppane-sidebar,0,180,conn_site2" pos="-0.21604 0.0 -0.01904" quat="1 0 0 0" rgba="0.9019 0.0980 0.2941 0.3" size="0.016" />
      <site name="toppane-sidebar,0,180,conn_site1" pos="0.21604 0.0 -0.01904" quat="1 0 0 0" rgba="0.9019 0.0980 0.2941 0.3" size="0.016" />
      <geom density="50" name="noviz_collision_5_part5_0" pos="0.0 0.0 -0.000111472" quat="1 0 0 0" rgba="0 0 0 0" size="0.23368000000000003 0.17272 0.020208536000000003" solref="0.001 1" type="box" />
    </body>
    <body name="4_part4" pos="0.0 0.15748 -0.12192000087999999" quat="1 0 0 0">
      <geom conaffinity="0" contype="0" density="0" mesh="part4" name="4_part4_mesh" pos="0.0 0.0 0.0" rgba="0.82 0.71 0.55 1" type="mesh" />
      <site name="4_part4_horizontal_radius_site" pos="0.0 -0.0 0.0" quat="1 0 0 0" rgba="0 0 0 0" size="0.016" />
      <site name="4_part4_top_site" pos="0.0 0.0 0.030480000000000004" quat="1 0 0 0" rgba="0 0 0 0" size="0.016" />
      <site name="4_part4_bottom_site" pos="0.0 0.0 -0.030480000000000004" quat="1 0 0 0" rgba="0 0 0 0" size="0.016" />
      <site name="4_part4_corner_site8" pos="-0.015240000000000002 0.015240000000000002 0.030480000000000004" quat="1 0 0 0" rgba="0 0 0 0" size="0.016" />
      <site name="4_part4_corner_site7" pos="0.015240000000000002 0.015240000000000002 0.030480000000000004" quat="1 0 0 0" rgba="0 0 0 0" size="0.016" />
      <site name="4_part4_corner_site6" pos="0.015240000000000002 -0.015240000000000002 0.030480000000000004" quat="1 0 0 0" rgba="0 0 0 0" size="0.016" />
      <site name="4_part4_corner_site5" pos="-0.015240000000000002 -0.015240000000000002 0.030480000000000004" quat="1 0 0 0" rgba="0 0 0 0" size="0.016" />
      <site name="4_part4_corner_site4" pos="-0.015240000000000002 0.015240000000000002 -0.030480000000000004" quat="1 0 0 0" rgba="0 0 0 0" size="0.016" />
      <site name="4_part4_corner_site3" pos="0.015240000000000002 0.015240000000000002 -0.030480000000000004" quat="1 0 0 0" rgba="0 0 0 0" size="0.016" />
      <site name="4_part4_corner_site2" pos="0.015240000000000002 -0.015240000000000002 -0.030480000000000004" quat="1 0 0 0" rgba="0 0 0 0" size="0.016" />
      <site name="4_part4_corner_site1" pos="-0.015240000000000002 -0.015240000000000002 -0.030480000000000004" quat="1 0 0 0" rgba="0 0 0 0" size="0.016" />
      <site name="leg-botpane,0,90,180,270,conn_site5" pos="-0.00023999999999999998 0.001319992 0.030479992" quat="1 0 0 0" rgba="1.0 0.8823 0.0980 0.3" size="0.016" />
      <geom density="50" name="noviz_collision_4_part4_0" pos="0.0 0.0 0.0" quat="1 0 0 0" rgba="0 0 0 0" size="0.015240000000000002 0.015240000000000002 0.030480008" solref="0.001 1" type="box" />
    </body>
    <body name="3_part3" pos="0.0 -0.15748 -0.12192000087999999" quat="1 0 0 0">
      <geom conaffinity="0" contype="0" density="0" mesh="part3" name="3_part3_mesh" pos="0.0 0.0 0.0" rgba="0.82 0.71 0.55 1" type="mesh" />
      <site name="3_part3_horizontal_radius_site" pos="0.0 0.0 0.0" quat="1 0 0 0" rgba="0 0 0 0" size="0.016" />
      <site name="3_part3_top_site" pos="0.0 0.0 0.030480000000000004" quat="1 0 0 0" rgba="0 0 0 0" size="0.016" />
      <site name="3_part3_bottom_site" pos="0.0 0.0 -0.030480000000000004" quat="1 0 0 0" rgba="0 0 0 0" size="0.016" />
      <site name="3_part3_corner_site8" pos="-0.015240000000000002 0.015240000000000002 0.030480000000000004" quat="1 0 0 0" rgba="0 0 0 0" size="0.016" />
      <site name="3_part3_corner_site7" pos="0.015240000000000002 0.015240000000000002 0.030480000000000004" quat="1 0 0 0" rgba="0 0 0 0" size="0.016" />
      <site name="3_part3_corner_site6" pos="0.015240000000000002 -0.015240000000000002 0.030480000000000004" quat="1 0 0 0" rgba="0 0 0 0" size="0.016" />
      <site name="3_part3_corner_site5" pos="-0.015240000000000002 -0.015240000000000002 0.030480000000000004" quat="1 0 0 0" rgba="0 0 0 0" size="0.016" />
      <site name="3_part3_corner_site4" pos="-0.015240000000000002 0.015240000000000002 -0.030480000000000004" quat="1 0 0 0" rgba="0 0 0 0" size="0.016" />
      <site name="3_part3_corner_site3" pos="0.015240000000000002 0.015240000000000002 -0.030480000000000004" quat="1 0 0 0" rgba="0 0 0 0" size="0.016" />
      <site name="3_part3_corner_site2" pos="0.015240000000000002 -0.015240000000000002 -0.030480000000000004" quat="1 0 0 0" rgba="0 0 0 0" size="0.016" />
      <site name="3_part3_corner_site1" pos="-0.015240000000000002 -0.015240000000000002 -0.030480000000000004" quat="1 0 0 0" rgba="0 0 0 0" size="0.016" />
      <site name="leg-botpane,0,90,180,270,conn_site6" pos="-0.0029600000000000004 0.0018000000000000004 0.030479992" quat="1 0 0 0" rgba="1.0 0.8823 0.0980 0.3" size="0.016" />
      <geom density="50" name="noviz_collision_3_part3_0" pos="0.0 0.0 0.0" quat="1 0 0 0" rgba="0 0 0 0" size="0.015240000000000002 0.015239992000000003 0.030480008" solref="0.001 1" type="box" />
    </body>
    <body name="2_part2" pos="0.43687999512 -0.15748 -0.12192000087999999" quat="1 0 0 0">
      <geom conaffinity="0" contype="0" density="0" mesh="part2" name="2_part2_mesh" pos="0.0 0.0 0.0" rgba="0.82 0.71 0.55 1" type="mesh" />
      <site name="2_part2_horizontal_radius_site" pos="0.0 0.0 0.0" quat="1 0 0 0" rgba="0 0 0 0" size="0.016" />
      <site name="2_part2_top_site" pos="0.0 0.0 0.030480000000000004" quat="1 0 0 0" rgba="0 0 0 0" size="0.016" />
      <site name="2_part2_bottom_site" pos="0.0 0.0 -0.030480000000000004" quat="1 0 0 0" rgba="0 0 0 0" size="0.016" />
      <site name="2_part2_corner_site8" pos="-0.015240014640000002 0.015240000000000002 0.030480000000000004" quat="1 0 0 0" rgba="0 0 0 0" size="0.016" />
      <site name="2_part2_corner_site7" pos="0.015240014640000002 0.015240000000000002 0.030480000000000004" quat="1 0 0 0" rgba="0 0 0 0" size="0.016" />
      <site name="2_part2_corner_site6" pos="0.015240014640000002 -0.015240000000000002 0.030480000000000004" quat="1 0 0 0" rgba="0 0 0 0" size="0.016" />
      <site name="2_part2_corner_site5" pos="-0.015240014640000002 -0.015240000000000002 0.030480000000000004" quat="1 0 0 0" rgba="0 0 0 0" size="0.016" />
      <site name="2_part2_corner_site4" pos="-0.015240014640000002 0.015240000000000002 -0.030480000000000004" quat="1 0 0 0" rgba="0 0 0 0" size="0.016" />
      <site name="2_part2_corner_site3" pos="0.015240014640000002 0.015240000000000002 -0.030480000000000004" quat="1 0 0 0" rgba="0 0 0 0" size="0.016" />
      <site name="2_part2_corner_site2" pos="0.015240014640000002 -0.015240000000000002 -0.030480000000000004" quat="1 0 0 0" rgba="0 0 0 0" size="0.016" />
      <site name="2_part2_corner_site1" pos="-0.015240014640000002 -0.015240000000000002 -0.030480000000000004" quat="1 0 0 0" rgba="0 0 0 0" size="0.016" />
      <site name="leg-botpane,0,90,180,270,conn_site3" pos="0.0012000000000000001 -0.006600000000000001 0.030479992" quat="1 0 0 0" rgba="1.0 0.8823 0.0980 0.3" size="0.016" />
      <geom density="50" name="noviz_collision_2_part2_0" pos="0.0 0.0 0.0" quat="1 0 0 0" rgba="0 0 0 0" size="0.015239992000000003 0.015239992000000003 0.030480008" solref="0.001 1" type="box" />
    </body>
    <body name="1_part1" pos="0.43687999512 0.15748 -0.12192000087999999" quat="1 0 0 0">
      <geom conaffinity="0" contype="0" density="0" mesh="part1" name="1_part1_mesh" pos="0.0 0.0 0.0" rgba="0.82 0.71 0.55 1" type="mesh" />
      <site name="1_part1_horizontal_radius_site" pos="0.0 -0.0 0.0" quat="1 0 0 0" rgba="0 0 0 0" size="0.016" />
      <site name="1_part1_top_site" pos="0.0 0.0 0.030480000000000004" quat="1 0 0 0" rgba="0 0 0 0" size="0.016" />
      <site name="1_part1_bottom_site" pos="0.0 0.0 -0.030480000000000004" quat="1 0 0 0" rgba="0 0 0 0" size="0.016" />
      <site name="1_part1_corner_site8" pos="-0.015240014640000002 0.015240000000000002 0.030480000000000004" quat="1 0 0 0" rgba="0 0 0 0" size="0.016" />
      <site name="1_part1_corner_site7" pos="0.015240014640000002 0.015240000000000002 0.030480000000000004" quat="1 0 0 0" rgba="0 0 0 0" size="0.016" />
      <site name="1_part1_corner_site6" pos="0.015240014640000002 -0.015240000000000002 0.030480000000000004" quat="1 0 0 0" rgba="0 0 0 0" size="0.016" />
      <site name="1_part1_corner_site5" pos="-0.015240014640000002 -0.015240000000000002 0.030480000000000004" quat="1 0 0 0" rgba="0 0 0 0" size="0.016" />
      <site name="1_part1_corner_site4" pos="-0.015240014640000002 0.015240000000000002 -0.030480000000000004" quat="1 0 0 0" rgba="0 0 0 0" size="0.016" />
      <site name="1_part1_corner_site3" pos="0.015240014640000002 0.015240000000000002 -0.030480000000000004" quat="1 0 0 0" rgba="0 0 0 0" size="0.016" />
      <site name="1_part1_corner_site2" pos="0.015240014640000002 -0.015240000000000002 -0.030480000000000004" quat="1 0 0 0" rgba="0 0 0 0" size="0.016" />
      <site name="1_part1_corner_site1" pos="-0.015240014640000002 -0.015240000000000002 -0.030480000000000004" quat="1 0 0 0" rgba="0 0 0 0" size="0.016" />
      <site name="leg-botpane,0,90,180,270,conn_site4" pos="-0.0021599600000000003 3.9992000000000006e-05 0.030479992" quat="1 0 0 0" rgba="1.0 0.8823 0.0980 0.3" size="0.016" />
      <geom density="50" name="noviz_collision_1_part1_0" pos="0.0 0.0 0.0" quat="1 0 0 0" rgba="0 0 0 0" size="0.015239992000000003 0.015240000000000002 0.030480008" solref="0.001 1" type="box" />
    </body>
  </worldbody>
  <actuator />
  <sensor />
  <contact />
  <default />
</mujoco>
