<mujoco model="tvunit_lack_0830">
  <custom>
    <numeric data="0.063734 0.203201 0.013249 0 -0 -1 0" name="0_part0_initpos" />
    <numeric data="0.072383 -0.174408 0.013078 0 -1 0 0" name="9_part9_initpos" />
    <numeric data="0.541 0.009119 0.0078 0.706761 0.022102 -0.706761 0.022102" name="8_part8_initpos" />
    <numeric data="0.573934 -0.229309 0.016028 -0.706631 -0.025943 0.706631 -0.025943" name="7_part7_initpos" />
    <numeric data="-0.41802 -0.221782 0.015554 0.035814 -0.706199 0.035814 0.706199" name="6_part6_initpos" />
    <numeric data="-0.387543 0.045523 0.015872 0.70687 -0.70687 -0.018287 0.018287" name="5_part5_initpos" />
    <numeric data="-0.399809 0.305374 0.016183 0.706684 -0.706684 0.024436 -0.024436" name="4_part4_initpos" />
    <numeric data="0.542062 0.292214 0.016183 0.707107 -0.707107 3.4e-05 -3.4e-05" name="3_part3_initpos" />
    <numeric data="-0.391025 0.170627 0.015872 0.707052 -0.707052 -0.008812 0.008812" name="2_part2_initpos" />
    <numeric data="0.536927 0.149925 0.016183 0.706708 -0.706708 -0.023737 0.023737" name="1_part1_initpos" />
  </custom>
  <asset>
    <mesh file="tvunit_lack_0830/0.stl" name="part0" scale="0.0005 0.0005 0.0005" />
    <mesh file="tvunit_lack_0830/9.stl" name="part9" scale="0.0005 0.0005 0.0005" />
    <mesh file="tvunit_lack_0830/8.stl" name="part8" scale="0.0005 0.0005 0.0005" />
    <mesh file="tvunit_lack_0830/7.stl" name="part7" scale="0.0005 0.0005 0.0005" />
    <mesh file="tvunit_lack_0830/6.stl" name="part6" scale="0.0005 0.0005 0.0005" />
    <mesh file="tvunit_lack_0830/5.stl" name="part5" scale="0.0005 0.0005 0.0005" />
    <mesh file="tvunit_lack_0830/4.stl" name="part4" scale="0.0005 0.0005 0.0005" />
    <mesh file="tvunit_lack_0830/3.stl" name="part3" scale="0.0005 0.0005 0.0005" />
    <mesh file="tvunit_lack_0830/2.stl" name="part2" scale="0.0005 0.0005 0.0005" />
    <mesh file="tvunit_lack_0830/1.stl" name="part1" scale="0.0005 0.0005 0.0005" />
  </asset>
  <equality>
    <weld active="false" body1="9_part9" body2="8_part8" solimp="1 1 0.5" solref="0.01 0.3" />
    <weld active="false" body1="0_part0" body2="4_part4" solimp="1 1 0.5" solref="0.01 0.3" />
    <weld active="false" body1="0_part0" body2="1_part1" solimp="1 1 0.5" solref="0.01 0.3" />
    <weld active="false" body1="0_part0" body2="5_part5" solimp="1 1 0.5" solref="0.01 0.3" />
    <weld active="false" body1="0_part0" body2="2_part2" solimp="1 1 0.5" solref="0.01 0.3" />
    <weld active="false" body1="0_part0" body2="3_part3" solimp="1 1 0.5" solref="0.01 0.3" />
    <weld active="false" body1="0_part0" body2="8_part8" solimp="1 1 0.5" solref="0.01 0.3" />
    <weld active="false" body1="0_part0" body2="6_part6" solimp="1 1 0.5" solref="0.01 0.3" />
    <weld active="false" body1="0_part0" body2="7_part7" solimp="1 1 0.5" solref="0.01 0.3" />
    <weld active="false" body1="9_part9" body2="6_part6" solimp="1 1 0.5" solref="0.01 0.3" />
    <weld active="false" body1="9_part9" body2="7_part7" solimp="1 1 0.5" solref="0.01 0.3" />
    <weld active="false" body1="0_part0" body2="8_part8" solimp="1 1 0.5" solref="0.01 0.3" />
    <weld active="false" body1="0_part0" body2="6_part6" solimp="1 1 0.5" solref="0.01 0.3" />
    <weld active="false" body1="0_part0" body2="7_part7" solimp="1 1 0.5" solref="0.01 0.3" />
    <weld active="false" body1="9_part9" body2="6_part6" solimp="1 1 0.5" solref="0.01 0.3" />
    <weld active="false" body1="9_part9" body2="7_part7" solimp="1 1 0.5" solref="0.01 0.3" />
    <weld active="false" body1="9_part9" body2="8_part8" solimp="1 1 0.5" solref="0.01 0.3" />
    <weld active="false" body1="0_part0" body2="2_part2" solimp="1 1 0.5" solref="0.01 0.3" />
    <weld active="false" body1="0_part0" body2="1_part1" solimp="1 1 0.5" solref="0.01 0.3" />
    <weld active="false" body1="0_part0" body2="5_part5" solimp="1 1 0.5" solref="0.01 0.3" />
    <weld active="false" body1="0_part0" body2="3_part3" solimp="1 1 0.5" solref="0.01 0.3" />
    <weld active="false" body1="0_part0" body2="4_part4" solimp="1 1 0.5" solref="0.01 0.3" />
  </equality>
  <worldbody>
    <body name="0_part0" pos="0.0 0.0 0.0" quat="1 0 0 0">
      <geom conaffinity="0" contype="0" density="0" mesh="part0" name="0_part0_mesh" pos="0.0 0.0 0.0" rgba="0.82 0.71 0.55 1" type="mesh" />
      <site name="0_part0_horizontal_radius_site" pos="0.0 0.0 0.0" quat="1 0 0 0" rgba="0 0 0 0" size="0.0005" />
      <site name="0_part0_top_site" pos="0.0 0.0 0.0132492752" quat="1 0 0 0" rgba="0 0 0 0" size="0.0005" />
      <site name="0_part0_bottom_site" pos="0.0 0.0 -0.0132492752" quat="1 0 0 0" rgba="0 0 0 0" size="0.0005" />
      <site name="0_part0_corner_site8" pos="-0.36830001830000003 0.13853962709999998 0.0132492752" quat="1 0 0 0" rgba="0 0 0 0" size="0.010000000000000002" />
      <site name="0_part0_corner_site7" pos="0.36830001830000003 0.13853962709999998 0.0132492752" quat="1 0 0 0" rgba="0 0 0 0" size="0.010000000000000002" />
      <site name="0_part0_corner_site6" pos="0.36830001830000003 -0.13853962709999998 0.0132492752" quat="1 0 0 0" rgba="0 0 0 0" size="0.010000000000000002" />
      <site name="0_part0_corner_site5" pos="-0.36830001830000003 -0.13853962709999998 0.0132492752" quat="1 0 0 0" rgba="0 0 0 0" size="0.010000000000000002" />
      <site name="0_part0_corner_site4" pos="-0.36830001830000003 0.13853962709999998 -0.0132492752" quat="1 0 0 0" rgba="0 0 0 0" size="0.010000000000000002" />
      <site name="0_part0_corner_site3" pos="0.36830001830000003 0.13853962709999998 -0.0132492752" quat="1 0 0 0" rgba="0 0 0 0" size="0.010000000000000002" />
      <site name="0_part0_corner_site2" pos="0.36830001830000003 -0.13853962709999998 -0.0132492752" quat="1 0 0 0" rgba="0 0 0 0" size="0.010000000000000002" />
      <site name="0_part0_corner_site1" pos="-0.36830001830000003 -0.13853962709999998 -0.0132492752" quat="1 0 0 0" rgba="0 0 0 0" size="0.010000000000000002" />
      <site name="bottom-leg,0,90,180,270,conn_site5" pos="-0.35250000000000004 -0.12 -0.013250000000000001" quat="1 0 0 0" rgba="0.9019 0.0980 0.2941 0.3" size="0.005" />
      <site name="bottom-leg,0,90,180,270,conn_site4" pos="-0.35250000000000004 0.12 -0.013250000000000001" quat="1 0 0 0" rgba="0.9019 0.0980 0.2941 0.3" size="0.005" />
      <site name="bottom-leg,0,90,180,270,conn_site3" pos="0.0 0.0 -0.013250000000000001" quat="1 0 0 0" rgba="0.9019 0.0980 0.2941 0.3" size="0.005" />
      <site name="bottom-leg,0,90,180,270,conn_site2" pos="0.35250000000000004 -0.12 -0.013250000000000001" quat="1 0 0 0" rgba="0.9019 0.0980 0.2941 0.3" size="0.005" />
      <site name="bottom-leg,0,90,180,270,conn_site1" pos="0.35250000000000004 0.12 -0.013250000000000001" quat="1 0 0 0" rgba="0.9019 0.0980 0.2941 0.3" size="0.005" />
      <site name="bottom-side,0,180,conn_site4" pos="0.35250000000000004 0.0 0.0125" quat="1 0 0 0" rgba="0.2352 0.7058 0.2941 0.3" size="0.005" />
      <site name="bottom-side,0,180,conn_site3" pos="-0.35250000000000004 0.0 0.0125" quat="1 0 0 0" rgba="0.2352 0.7058 0.2941 0.3" size="0.005" />
      <site name="bottom-center,0,180,conn_site1" pos="0.0 0.06969 0.0125" quat="1 0 0 0" rgba="1.0 0.8823 0.0980 0.3" size="0.005" />
      <geom density="50" name="noviz_collision_0_part0_0" pos="-2.0000000000000004e-08 1.4310000000000002e-05 1.5085000000000002e-05" quat="1 0 0 0" rgba="0 0 0 0" size="0.36830000000000007 0.13855395 0.013264360000000001" solref="0.001 1" type="box" />
    </body>
    <body name="9_part9" pos="0.0 0.0 0.10476959915000002" quat="1 0 0 0">
      <geom conaffinity="0" contype="0" density="0" mesh="part9" name="9_part9_mesh" pos="0.0 0.0 0.0" rgba="0.82 0.71 0.55 1" type="mesh" />
      <site name="9_part9_horizontal_radius_site" pos="0.0 0.0 5.000000000000001e-11" quat="1 0 0 0" rgba="0 0 0 0" size="0.0005" />
      <site name="9_part9_top_site" pos="0.0 0.0 0.0132492752" quat="1 0 0 0" rgba="0 0 0 0" size="0.0005" />
      <site name="9_part9_bottom_site" pos="0.0 0.0 -0.0132492751" quat="1 0 0 0" rgba="0 0 0 0" size="0.0005" />
      <site name="9_part9_corner_site8" pos="-0.36830001830000003 0.13853962709999998 0.0132492752" quat="1 0 0 0" rgba="0 0 0 0" size="0.010000000000000002" />
      <site name="9_part9_corner_site7" pos="0.36830001830000003 0.13853962709999998 0.0132492752" quat="1 0 0 0" rgba="0 0 0 0" size="0.010000000000000002" />
      <site name="9_part9_corner_site6" pos="0.36830001830000003 -0.13853962709999998 0.0132492752" quat="1 0 0 0" rgba="0 0 0 0" size="0.010000000000000002" />
      <site name="9_part9_corner_site5" pos="-0.36830001830000003 -0.13853962709999998 0.0132492752" quat="1 0 0 0" rgba="0 0 0 0" size="0.010000000000000002" />
      <site name="9_part9_corner_site4" pos="-0.36830001830000003 0.13853962709999998 -0.0132492751" quat="1 0 0 0" rgba="0 0 0 0" size="0.010000000000000002" />
      <site name="9_part9_corner_site3" pos="0.36830001830000003 0.13853962709999998 -0.0132492751" quat="1 0 0 0" rgba="0 0 0 0" size="0.010000000000000002" />
      <site name="9_part9_corner_site2" pos="0.36830001830000003 -0.13853962709999998 -0.0132492751" quat="1 0 0 0" rgba="0 0 0 0" size="0.010000000000000002" />
      <site name="9_part9_corner_site1" pos="-0.36830001830000003 -0.13853962709999998 -0.0132492751" quat="1 0 0 0" rgba="0 0 0 0" size="0.010000000000000002" />
      <site name="top-side,0,180,conn_site2" pos="0.35250000000000004 0.0 -0.013269600000000001" quat="0 1 0 0" rgba="0.2627 0.3882 0.8470 0.3" size="0.005" />
      <site name="top-side,0,180,conn_site1" pos="-0.35250000000000004 0.0 -0.013269600000000001" quat="0 1 0 0" rgba="0.2627 0.3882 0.8470 0.3" size="0.005" />
      <site name="top-center,0,180,conn_site1" pos="0.0 0.06969 -0.013269600000000001" quat="0 1 0 0" rgba="0.9607 0.5098 0.1921 0.3" size="0.005" />
      <geom density="50" name="noviz_collision_9_part9_0" pos="3.1150000000000007e-06 -3.825000000000001e-06 -7.0685e-05" quat="1 0 0 0" rgba="0 0 0 0" size="0.36830315 0.1385358 0.013178590000000002" solref="0.001 1" type="box" />
    </body>
    <body name="8_part8" pos="-0.0002363927 0.06955808375 0.052384798700000006" quat="1 0 0 0">
      <geom conaffinity="0" contype="0" density="0" mesh="part8" name="8_part8_mesh" pos="0.0 0.0 0.0" rgba="0.82 0.71 0.55 1" type="mesh" />
      <site name="8_part8_horizontal_radius_site" pos="1.0000000000000002e-10 4.5e-10 -0.0" quat="1 0 0 0" rgba="0 0 0 0" size="0.0005" />
      <site name="8_part8_top_site" pos="5.000000000000001e-11 5e-10 0.0391355253" quat="1 0 0 0" rgba="0 0 0 0" size="0.0005" />
      <site name="8_part8_bottom_site" pos="5.000000000000001e-11 5e-10 -0.0391355253" quat="1 0 0 0" rgba="0 0 0 0" size="0.0005" />
      <site name="8_part8_corner_site8" pos="-0.007830292700000002 0.048740226750000004 0.0391355253" quat="1 0 0 0" rgba="0 0 0 0" size="0.010000000000000002" />
      <site name="8_part8_corner_site7" pos="0.007830292850000002 0.048740226750000004 0.0391355253" quat="1 0 0 0" rgba="0 0 0 0" size="0.010000000000000002" />
      <site name="8_part8_corner_site6" pos="0.007830292850000002 -0.0487402258 0.0391355253" quat="1 0 0 0" rgba="0 0 0 0" size="0.010000000000000002" />
      <site name="8_part8_corner_site5" pos="-0.007830292700000002 -0.0487402258 0.0391355253" quat="1 0 0 0" rgba="0 0 0 0" size="0.010000000000000002" />
      <site name="8_part8_corner_site4" pos="-0.007830292700000002 0.048740226750000004 -0.0391355253" quat="1 0 0 0" rgba="0 0 0 0" size="0.010000000000000002" />
      <site name="8_part8_corner_site3" pos="0.007830292850000002 0.048740226750000004 -0.0391355253" quat="1 0 0 0" rgba="0 0 0 0" size="0.010000000000000002" />
      <site name="8_part8_corner_site2" pos="0.007830292850000002 -0.0487402258 -0.0391355253" quat="1 0 0 0" rgba="0 0 0 0" size="0.010000000000000002" />
      <site name="8_part8_corner_site1" pos="-0.007830292700000002 -0.0487402258 -0.0391355253" quat="1 0 0 0" rgba="0 0 0 0" size="0.010000000000000002" />
      <site name="center-bottom,0,180,conn_site1" pos="0.00023639500000000003 0.00013192000000000002 -0.0398848" quat="1 0 0 0" rgba="1.0 0.8823 0.0980 0.3" size="0.005" />
      <site name="center-top,0,180,conn_site1" pos="0.00023639500000000003 0.00013192000000000002 0.0391152" quat="0 1 0 0" rgba="0.9607 0.5098 0.1921 0.3" size="0.005" />
      <geom density="50" name="noviz_collision_8_part8_0" pos="5.01e-06 0.00013191 0.0" quat="1 0 0 0" rgba="0 0 0 0" size="0.007835305 0.04887214000000001 0.03913553" solref="0.001 1" type="box" />
    </body>
    <body name="7_part7" pos="-0.35224241354999997 0.0 0.052384798700000006" quat="1 0 0 0">
      <geom conaffinity="0" contype="0" density="0" mesh="part7" name="7_part7_mesh" pos="0.0 0.0 0.0" rgba="0.82 0.71 0.55 1" type="mesh" />
      <site name="7_part7_horizontal_radius_site" pos="-0.0 0.0 0.0" quat="1 0 0 0" rgba="0 0 0 0" size="0.0005" />
      <site name="7_part7_top_site" pos="-5.000000000000001e-11 0.0 0.0391355253" quat="1 0 0 0" rgba="0 0 0 0" size="0.0005" />
      <site name="7_part7_bottom_site" pos="-5.000000000000001e-11 0.0 -0.0391355253" quat="1 0 0 0" rgba="0 0 0 0" size="0.0005" />
      <site name="7_part7_corner_site8" pos="-0.016057600050000002 0.13853962709999998 0.0391355253" quat="1 0 0 0" rgba="0 0 0 0" size="0.010000000000000002" />
      <site name="7_part7_corner_site7" pos="0.0160576 0.13853962709999998 0.0391355253" quat="1 0 0 0" rgba="0 0 0 0" size="0.010000000000000002" />
      <site name="7_part7_corner_site6" pos="0.0160576 -0.13853962709999998 0.0391355253" quat="1 0 0 0" rgba="0 0 0 0" size="0.010000000000000002" />
      <site name="7_part7_corner_site5" pos="-0.016057600050000002 -0.13853962709999998 0.0391355253" quat="1 0 0 0" rgba="0 0 0 0" size="0.010000000000000002" />
      <site name="7_part7_corner_site4" pos="-0.016057600050000002 0.13853962709999998 -0.0391355253" quat="1 0 0 0" rgba="0 0 0 0" size="0.010000000000000002" />
      <site name="7_part7_corner_site3" pos="0.0160576 0.13853962709999998 -0.0391355253" quat="1 0 0 0" rgba="0 0 0 0" size="0.010000000000000002" />
      <site name="7_part7_corner_site2" pos="0.0160576 -0.13853962709999998 -0.0391355253" quat="1 0 0 0" rgba="0 0 0 0" size="0.010000000000000002" />
      <site name="7_part7_corner_site1" pos="-0.016057600050000002 -0.13853962709999998 -0.0391355253" quat="1 0 0 0" rgba="0 0 0 0" size="0.010000000000000002" />
      <site name="side-bottom,0,180,conn_site3" pos="-0.00025760000000000003 0.0 -0.0398848" quat="1 0 0 0" rgba="0.2352 0.7058 0.2941 0.3" size="0.005" />
      <site name="side-top,0,180,conn_site1" pos="-0.00025760000000000003 0.0 0.0391152" quat="0 1 0 0" rgba="0.2627 0.3882 0.8470 0.3" size="0.005" />
      <geom density="50" name="noviz_collision_7_part7_0" pos="0.000236755 0.0 0.0006218850000000001" quat="1 0 0 0" rgba="0 0 0 0" size="0.016294375 0.13853965 0.039757415000000004" solref="0.001 1" type="box" />
    </body>
    <body name="6_part6" pos="0.35224239640000005 0.0 0.052384798700000006" quat="1 0 0 0">
      <geom conaffinity="0" contype="0" density="0" mesh="part6" name="6_part6_mesh" pos="0.0 0.0 0.0" rgba="0.82 0.71 0.55 1" type="mesh" />
      <site name="6_part6_horizontal_radius_site" pos="0.0 0.0 0.0" quat="1 0 0 0" rgba="0 0 0 0" size="0.0005" />
      <site name="6_part6_top_site" pos="0.0 0.0 0.0391355253" quat="1 0 0 0" rgba="0 0 0 0" size="0.0005" />
      <site name="6_part6_bottom_site" pos="0.0 0.0 -0.0391355253" quat="1 0 0 0" rgba="0 0 0 0" size="0.0005" />
      <site name="6_part6_corner_site8" pos="-0.0160576172 0.13853962709999998 0.0391355253" quat="1 0 0 0" rgba="0 0 0 0" size="0.010000000000000002" />
      <site name="6_part6_corner_site7" pos="0.0160576172 0.13853962709999998 0.0391355253" quat="1 0 0 0" rgba="0 0 0 0" size="0.010000000000000002" />
      <site name="6_part6_corner_site6" pos="0.0160576172 -0.13853962709999998 0.0391355253" quat="1 0 0 0" rgba="0 0 0 0" size="0.010000000000000002" />
      <site name="6_part6_corner_site5" pos="-0.0160576172 -0.13853962709999998 0.0391355253" quat="1 0 0 0" rgba="0 0 0 0" size="0.010000000000000002" />
      <site name="6_part6_corner_site4" pos="-0.0160576172 0.13853962709999998 -0.0391355253" quat="1 0 0 0" rgba="0 0 0 0" size="0.010000000000000002" />
      <site name="6_part6_corner_site3" pos="0.0160576172 0.13853962709999998 -0.0391355253" quat="1 0 0 0" rgba="0 0 0 0" size="0.010000000000000002" />
      <site name="6_part6_corner_site2" pos="0.0160576172 -0.13853962709999998 -0.0391355253" quat="1 0 0 0" rgba="0 0 0 0" size="0.010000000000000002" />
      <site name="6_part6_corner_site1" pos="-0.0160576172 -0.13853962709999998 -0.0391355253" quat="1 0 0 0" rgba="0 0 0 0" size="0.010000000000000002" />
      <site name="side-bottom,0,180,conn_site4" pos="0.00025760000000000003 0.0 -0.0398848" quat="1 0 0 0" rgba="0.2352 0.7058 0.2941 0.3" size="0.005" />
      <site name="side-top,0,180,conn_site2" pos="0.00025760000000000003 0.0 0.0391152" quat="0 1 0 0" rgba="0.2627 0.3882 0.8470 0.3" size="0.005" />
      <geom density="50" name="noviz_collision_6_part6_0" pos="-0.000236785 0.0 0.0006218850000000001" quat="1 0 0 0" rgba="0 0 0 0" size="0.015820830000000004 0.13853965 0.039757415000000004" solref="0.001 1" type="box" />
    </body>
    <body name="5_part5" pos="0.3522392462000001 0.12247572000000001 -0.039096068350000006" quat="1 0 0 0">
      <geom conaffinity="0" contype="0" density="0" mesh="part5" name="5_part5_mesh" pos="0.0 0.0 0.0" rgba="0.82 0.71 0.55 1" type="mesh" />
      <site name="5_part5_horizontal_radius_site" pos="2.5e-10 -3.5000000000000003e-10 -3e-10" quat="1 0 0 0" rgba="0 0 0 0" size="0.0005" />
      <site name="5_part5_top_site" pos="2.5e-10 -4.0000000000000007e-10 0.0258467954" quat="1 0 0 0" rgba="0 0 0 0" size="0.0005" />
      <site name="5_part5_bottom_site" pos="2.5e-10 -4.0000000000000007e-10 -0.02584679605" quat="1 0 0 0" rgba="0 0 0 0" size="0.0005" />
      <site name="5_part5_corner_site8" pos="-0.01606076765 0.01605760955 0.0258467954" quat="1 0 0 0" rgba="0 0 0 0" size="0.010000000000000002" />
      <site name="5_part5_corner_site7" pos="0.01606076815 0.01605760955 0.0258467954" quat="1 0 0 0" rgba="0 0 0 0" size="0.010000000000000002" />
      <site name="5_part5_corner_site6" pos="0.01606076815 -0.0160576103 0.0258467954" quat="1 0 0 0" rgba="0 0 0 0" size="0.010000000000000002" />
      <site name="5_part5_corner_site5" pos="-0.01606076765 -0.0160576103 0.0258467954" quat="1 0 0 0" rgba="0 0 0 0" size="0.010000000000000002" />
      <site name="5_part5_corner_site4" pos="-0.01606076765 0.01605760955 -0.02584679605" quat="1 0 0 0" rgba="0 0 0 0" size="0.010000000000000002" />
      <site name="5_part5_corner_site3" pos="0.01606076815 0.01605760955 -0.02584679605" quat="1 0 0 0" rgba="0 0 0 0" size="0.010000000000000002" />
      <site name="5_part5_corner_site2" pos="0.01606076815 -0.0160576103 -0.02584679605" quat="1 0 0 0" rgba="0 0 0 0" size="0.010000000000000002" />
      <site name="5_part5_corner_site1" pos="-0.01606076765 -0.0160576103 -0.02584679605" quat="1 0 0 0" rgba="0 0 0 0" size="0.010000000000000002" />
      <site name="leg-bottom,0,90,180,270,conn_site1" pos="0.00026074000000000003 -0.0024757250000000002 0.02584607" quat="1 0 0 0" rgba="0.9019 0.0980 0.2941 0.3" size="0.005" />
      <geom density="50" name="noviz_collision_5_part5_0" pos="-7.37e-05 -7.766000000000001e-05 0.000104315" quat="1 0 0 0" rgba="0 0 0 0" size="0.015987090000000002 0.01597996 0.02595111" solref="0.001 1" type="box" />
    </body>
    <body name="4_part4" pos="0.3522392462000001 -0.12248202155000001 -0.039096068350000006" quat="1 0 0 0">
      <geom conaffinity="0" contype="0" density="0" mesh="part4" name="4_part4_mesh" pos="0.0 0.0 0.0" rgba="0.82 0.71 0.55 1" type="mesh" />
      <site name="4_part4_horizontal_radius_site" pos="2.5e-10 0.0 -3e-10" quat="1 0 0 0" rgba="0 0 0 0" size="0.0005" />
      <site name="4_part4_top_site" pos="2.5e-10 0.0 0.0258467954" quat="1 0 0 0" rgba="0 0 0 0" size="0.0005" />
      <site name="4_part4_bottom_site" pos="2.5e-10 0.0 -0.02584679605" quat="1 0 0 0" rgba="0 0 0 0" size="0.0005" />
      <site name="4_part4_corner_site8" pos="-0.01606076765 0.01605763245 0.0258467954" quat="1 0 0 0" rgba="0 0 0 0" size="0.010000000000000002" />
      <site name="4_part4_corner_site7" pos="0.01606076815 0.01605763245 0.0258467954" quat="1 0 0 0" rgba="0 0 0 0" size="0.010000000000000002" />
      <site name="4_part4_corner_site6" pos="0.01606076815 -0.01605763245 0.0258467954" quat="1 0 0 0" rgba="0 0 0 0" size="0.010000000000000002" />
      <site name="4_part4_corner_site5" pos="-0.01606076765 -0.01605763245 0.0258467954" quat="1 0 0 0" rgba="0 0 0 0" size="0.010000000000000002" />
      <site name="4_part4_corner_site4" pos="-0.01606076765 0.01605763245 -0.02584679605" quat="1 0 0 0" rgba="0 0 0 0" size="0.010000000000000002" />
      <site name="4_part4_corner_site3" pos="0.01606076815 0.01605763245 -0.02584679605" quat="1 0 0 0" rgba="0 0 0 0" size="0.010000000000000002" />
      <site name="4_part4_corner_site2" pos="0.01606076815 -0.01605763245 -0.02584679605" quat="1 0 0 0" rgba="0 0 0 0" size="0.010000000000000002" />
      <site name="4_part4_corner_site1" pos="-0.01606076765 -0.01605763245 -0.02584679605" quat="1 0 0 0" rgba="0 0 0 0" size="0.010000000000000002" />
      <site name="leg-bottom,0,90,180,270,conn_site2" pos="0.00026074000000000003 0.0024820250000000006 0.02584607" quat="1 0 0 0" rgba="0.9019 0.0980 0.2941 0.3" size="0.005" />
      <geom density="50" name="noviz_collision_4_part4_0" pos="-7.37e-05 7.7645e-05 0.000104315" quat="1 0 0 0" rgba="0 0 0 0" size="0.015987090000000002 0.016135275 0.02595111" solref="0.001 1" type="box" />
    </body>
    <body name="3_part3" pos="-1.3600000000000001e-08 -0.0010706179 -0.039096068350000006" quat="1 0 0 0">
      <geom conaffinity="0" contype="0" density="0" mesh="part3" name="3_part3_mesh" pos="0.0 0.0 0.0" rgba="0.82 0.71 0.55 1" type="mesh" />
      <site name="3_part3_horizontal_radius_site" pos="0.0 0.0 -3e-10" quat="1 0 0 0" rgba="0 0 0 0" size="0.0005" />
      <site name="3_part3_top_site" pos="0.0 0.0 0.0258467954" quat="1 0 0 0" rgba="0 0 0 0" size="0.0005" />
      <site name="3_part3_bottom_site" pos="0.0 0.0 -0.02584679605" quat="1 0 0 0" rgba="0 0 0 0" size="0.0005" />
      <site name="3_part3_corner_site8" pos="-0.01606075405 0.01605761335 0.0258467954" quat="1 0 0 0" rgba="0 0 0 0" size="0.010000000000000002" />
      <site name="3_part3_corner_site7" pos="0.01606075405 0.01605761335 0.0258467954" quat="1 0 0 0" rgba="0 0 0 0" size="0.010000000000000002" />
      <site name="3_part3_corner_site6" pos="0.01606075405 -0.01605761335 0.0258467954" quat="1 0 0 0" rgba="0 0 0 0" size="0.010000000000000002" />
      <site name="3_part3_corner_site5" pos="-0.01606075405 -0.01605761335 0.0258467954" quat="1 0 0 0" rgba="0 0 0 0" size="0.010000000000000002" />
      <site name="3_part3_corner_site4" pos="-0.01606075405 0.01605761335 -0.02584679605" quat="1 0 0 0" rgba="0 0 0 0" size="0.010000000000000002" />
      <site name="3_part3_corner_site3" pos="0.01606075405 0.01605761335 -0.02584679605" quat="1 0 0 0" rgba="0 0 0 0" size="0.010000000000000002" />
      <site name="3_part3_corner_site2" pos="0.01606075405 -0.01605761335 -0.02584679605" quat="1 0 0 0" rgba="0 0 0 0" size="0.010000000000000002" />
      <site name="3_part3_corner_site1" pos="-0.01606075405 -0.01605761335 -0.02584679605" quat="1 0 0 0" rgba="0 0 0 0" size="0.010000000000000002" />
      <site name="leg-bottom,0,90,180,270,conn_site3" pos="1.5000000000000002e-08 0.00107062 0.02584607" quat="1 0 0 0" rgba="0.9019 0.0980 0.2941 0.3" size="0.005" />
      <geom density="50" name="noviz_collision_3_part3_0" pos="7.368000000000001e-05 7.7645e-05 0.000104315" quat="1 0 0 0" rgba="0 0 0 0" size="0.016134435 0.016135255 0.02595111" solref="0.001 1" type="box" />
    </body>
    <body name="2_part2" pos="-0.35223925955 0.12248201835000001 -0.039096068350000006" quat="1 0 0 0">
      <geom conaffinity="0" contype="0" density="0" mesh="part2" name="2_part2_mesh" pos="0.0 0.0 0.0" rgba="0.82 0.71 0.55 1" type="mesh" />
      <site name="2_part2_horizontal_radius_site" pos="0.0 2.0000000000000003e-10 -3e-10" quat="1 0 0 0" rgba="0 0 0 0" size="0.0005" />
      <site name="2_part2_top_site" pos="0.0 2.0000000000000003e-10 0.0258467954" quat="1 0 0 0" rgba="0 0 0 0" size="0.0005" />
      <site name="2_part2_bottom_site" pos="0.0 2.0000000000000003e-10 -0.02584679605" quat="1 0 0 0" rgba="0 0 0 0" size="0.0005" />
      <site name="2_part2_corner_site8" pos="-0.01606075405 0.016057605750000002 0.0258467954" quat="1 0 0 0" rgba="0 0 0 0" size="0.010000000000000002" />
      <site name="2_part2_corner_site7" pos="0.01606075405 0.016057605750000002 0.0258467954" quat="1 0 0 0" rgba="0 0 0 0" size="0.010000000000000002" />
      <site name="2_part2_corner_site6" pos="0.01606075405 -0.01605760535 0.0258467954" quat="1 0 0 0" rgba="0 0 0 0" size="0.010000000000000002" />
      <site name="2_part2_corner_site5" pos="-0.01606075405 -0.01605760535 0.0258467954" quat="1 0 0 0" rgba="0 0 0 0" size="0.010000000000000002" />
      <site name="2_part2_corner_site4" pos="-0.01606075405 0.016057605750000002 -0.02584679605" quat="1 0 0 0" rgba="0 0 0 0" size="0.010000000000000002" />
      <site name="2_part2_corner_site3" pos="0.01606075405 0.016057605750000002 -0.02584679605" quat="1 0 0 0" rgba="0 0 0 0" size="0.010000000000000002" />
      <site name="2_part2_corner_site2" pos="0.01606075405 -0.01605760535 -0.02584679605" quat="1 0 0 0" rgba="0 0 0 0" size="0.010000000000000002" />
      <site name="2_part2_corner_site1" pos="-0.01606075405 -0.01605760535 -0.02584679605" quat="1 0 0 0" rgba="0 0 0 0" size="0.010000000000000002" />
      <site name="leg-bottom,0,90,180,270,conn_site4" pos="-0.00026074000000000003 -0.00248202 0.02584607" quat="1 0 0 0" rgba="0.9019 0.0980 0.2941 0.3" size="0.005" />
      <geom density="50" name="noviz_collision_2_part2_0" pos="7.367e-05 -7.765e-05 0.000104315" quat="1 0 0 0" rgba="0 0 0 0" size="0.01613443 0.015979950000000003 0.02595111" solref="0.001 1" type="box" />
    </body>
    <body name="1_part1" pos="-0.35223925955 -0.12248202155000001 -0.039096068350000006" quat="1 0 0 0">
      <geom conaffinity="0" contype="0" density="0" mesh="part1" name="1_part1_mesh" pos="0.0 0.0 0.0" rgba="0.82 0.71 0.55 1" type="mesh" />
      <site name="1_part1_horizontal_radius_site" pos="0.0 0.0 -3e-10" quat="1 0 0 0" rgba="0 0 0 0" size="0.0005" />
      <site name="1_part1_top_site" pos="0.0 0.0 0.0258467954" quat="1 0 0 0" rgba="0 0 0 0" size="0.0005" />
      <site name="1_part1_bottom_site" pos="0.0 0.0 -0.02584679605" quat="1 0 0 0" rgba="0 0 0 0" size="0.0005" />
      <site name="1_part1_corner_site8" pos="-0.01606075405 0.01605763245 0.0258467954" quat="1 0 0 0" rgba="0 0 0 0" size="0.010000000000000002" />
      <site name="1_part1_corner_site7" pos="0.01606075405 0.01605763245 0.0258467954" quat="1 0 0 0" rgba="0 0 0 0" size="0.010000000000000002" />
      <site name="1_part1_corner_site6" pos="0.01606075405 -0.01605763245 0.0258467954" quat="1 0 0 0" rgba="0 0 0 0" size="0.010000000000000002" />
      <site name="1_part1_corner_site5" pos="-0.01606075405 -0.01605763245 0.0258467954" quat="1 0 0 0" rgba="0 0 0 0" size="0.010000000000000002" />
      <site name="1_part1_corner_site4" pos="-0.01606075405 0.01605763245 -0.02584679605" quat="1 0 0 0" rgba="0 0 0 0" size="0.010000000000000002" />
      <site name="1_part1_corner_site3" pos="0.01606075405 0.01605763245 -0.02584679605" quat="1 0 0 0" rgba="0 0 0 0" size="0.010000000000000002" />
      <site name="1_part1_corner_site2" pos="0.01606075405 -0.01605763245 -0.02584679605" quat="1 0 0 0" rgba="0 0 0 0" size="0.010000000000000002" />
      <site name="1_part1_corner_site1" pos="-0.01606075405 -0.01605763245 -0.02584679605" quat="1 0 0 0" rgba="0 0 0 0" size="0.010000000000000002" />
      <site name="leg-bottom,0,90,180,270,conn_site5" pos="-0.00026074000000000003 0.0024820250000000006 0.02584607" quat="1 0 0 0" rgba="0.9019 0.0980 0.2941 0.3" size="0.005" />
      <geom density="50" name="noviz_collision_1_part1_0" pos="7.367e-05 7.7645e-05 0.000104315" quat="1 0 0 0" rgba="0 0 0 0" size="0.01613443 0.016135275 0.02595111" solref="0.001 1" type="box" />
    </body>
  </worldbody>
  <actuator />
  <sensor />
  <contact />
  <default />
</mujoco>
