<mujoco model="cabnet_lillagen_0929">
  <asset>
    <mesh file="0.stl" name="part0" scale="1 1 1" />
    <mesh file="6.stl" name="part6" scale="1 1 1" />
    <mesh file="5.stl" name="part5" scale="1 1 1" />
    <mesh file="4.stl" name="part4" scale="1 1 1" />
    <mesh file="3.stl" name="part3" scale="1 1 1" />
    <mesh file="2.stl" name="part2" scale="1 1 1" />
    <mesh file="1.stl" name="part1" scale="1 1 1" />
  </asset>
  <equality>
    </equality>
  <worldbody>
    <body name="0_part0" pos="0.0 -0.0 0.0" quat="1 0 0 0">
      <geom conaffinity="0" contype="0" density="0" mesh="part0" name="0_part0_mesh" pos="0 0 0" rgba="0.82 0.71 0.55 1" type="mesh" />
      <site name="0_part0_horizontal_radius_site" pos="0.0 -0.0 0.0" quat="1 0 0 0" rgba="0 0 1 0.3" size="1" />
      <site name="0_part0_top_site" pos="0.0 0.0 6.3500366" quat="1 0 0 0" rgba="0 0 1 0.3" size="1" />
      <site name="0_part0_bottom_site" pos="0.0 0.0 -6.3500366" quat="1 0 0 0" rgba="0 0 1 0.3" size="1" />
      <site name="0_part0_corner_site8" pos="-203.2 215.9 6.3500366" quat="1 0 0 0" rgba="0 0 1 0.3" size="20" />
      <site name="0_part0_corner_site7" pos="203.2 215.9 6.3500366" quat="1 0 0 0" rgba="0 0 1 0.3" size="20" />
      <site name="0_part0_corner_site6" pos="203.2 -215.9 6.3500366" quat="1 0 0 0" rgba="0 0 1 0.3" size="20" />
      <site name="0_part0_corner_site5" pos="-203.2 -215.9 6.3500366" quat="1 0 0 0" rgba="0 0 1 0.3" size="20" />
      <site name="0_part0_corner_site4" pos="-203.2 215.9 -6.3500366" quat="1 0 0 0" rgba="0 0 1 0.3" size="20" />
      <site name="0_part0_corner_site3" pos="203.2 215.9 -6.3500366" quat="1 0 0 0" rgba="0 0 1 0.3" size="20" />
      <site name="0_part0_corner_site2" pos="203.2 -215.9 -6.3500366" quat="1 0 0 0" rgba="0 0 1 0.3" size="20" />
      <site name="0_part0_corner_site1" pos="-203.2 -215.9 -6.3500366" quat="1 0 0 0" rgba="0 0 1 0.3" size="20" />
    </body>
    <body name="6_part6" pos="1e-06 -5.5e-06 -1906.0583482" quat="1 0 0 0">
      <geom conaffinity="0" contype="0" density="0" mesh="part6" name="6_part6_mesh" pos="0 0 0" rgba="0.82 0.71 0.55 1" type="mesh" />
      <site name="6_part6_horizontal_radius_site" pos="0.0 0.0 0.0" quat="1 0 0 0" rgba="0 0 1 0.3" size="1" />
      <site name="6_part6_top_site" pos="0.0 0.0 96.3083358" quat="1 0 0 0" rgba="0 0 1 0.3" size="1" />
      <site name="6_part6_bottom_site" pos="0.0 0.0 -96.3083358" quat="1 0 0 0" rgba="0 0 1 0.3" size="1" />
      <site name="6_part6_corner_site8" pos="-215.9000015 215.8999939 96.3083358" quat="1 0 0 0" rgba="0 0 1 0.3" size="20" />
      <site name="6_part6_corner_site7" pos="215.9000015 215.8999939 96.3083358" quat="1 0 0 0" rgba="0 0 1 0.3" size="20" />
      <site name="6_part6_corner_site6" pos="215.9000015 -215.8999939 96.3083358" quat="1 0 0 0" rgba="0 0 1 0.3" size="20" />
      <site name="6_part6_corner_site5" pos="-215.9000015 -215.8999939 96.3083358" quat="1 0 0 0" rgba="0 0 1 0.3" size="20" />
      <site name="6_part6_corner_site4" pos="-215.9000015 215.8999939 -96.3083358" quat="1 0 0 0" rgba="0 0 1 0.3" size="20" />
      <site name="6_part6_corner_site3" pos="215.9000015 215.8999939 -96.3083358" quat="1 0 0 0" rgba="0 0 1 0.3" size="20" />
      <site name="6_part6_corner_site2" pos="215.9000015 -215.8999939 -96.3083358" quat="1 0 0 0" rgba="0 0 1 0.3" size="20" />
      <site name="6_part6_corner_site1" pos="-215.9000015 -215.8999939 -96.3083358" quat="1 0 0 0" rgba="0 0 1 0.3" size="20" />
    </body>
    <body name="5_part5" pos="-209.5500002 -0.0 -908.0499878" quat="1 0 0 0">
      <geom conaffinity="0" contype="0" density="0" mesh="part5" name="5_part5_mesh" pos="0 0 0" rgba="0.82 0.71 0.55 1" type="mesh" />
      <site name="5_part5_horizontal_radius_site" pos="0.0 -0.0 0.0" quat="1 0 0 0" rgba="0 0 1 0.3" size="1" />
      <site name="5_part5_top_site" pos="0.0 0.0 914.4000244" quat="1 0 0 0" rgba="0 0 1 0.3" size="1" />
      <site name="5_part5_bottom_site" pos="0.0 0.0 -914.4000244" quat="1 0 0 0" rgba="0 0 1 0.3" size="1" />
      <site name="5_part5_corner_site8" pos="-6.3500004 215.9 914.4000244" quat="1 0 0 0" rgba="0 0 1 0.3" size="20" />
      <site name="5_part5_corner_site7" pos="6.3500004 215.9 914.4000244" quat="1 0 0 0" rgba="0 0 1 0.3" size="20" />
      <site name="5_part5_corner_site6" pos="6.3500004 -215.9 914.4000244" quat="1 0 0 0" rgba="0 0 1 0.3" size="20" />
      <site name="5_part5_corner_site5" pos="-6.3500004 -215.9 914.4000244" quat="1 0 0 0" rgba="0 0 1 0.3" size="20" />
      <site name="5_part5_corner_site4" pos="-6.3500004 215.9 -914.4000244" quat="1 0 0 0" rgba="0 0 1 0.3" size="20" />
      <site name="5_part5_corner_site3" pos="6.3500004 215.9 -914.4000244" quat="1 0 0 0" rgba="0 0 1 0.3" size="20" />
      <site name="5_part5_corner_site2" pos="6.3500004 -215.9 -914.4000244" quat="1 0 0 0" rgba="0 0 1 0.3" size="20" />
      <site name="5_part5_corner_site1" pos="-6.3500004 -215.9 -914.4000244" quat="1 0 0 0" rgba="0 0 1 0.3" size="20" />
    </body>
    <body name="4_part4" pos="196.8500004 -425.4330649 -908.6012966" quat="1 0 0 0">
      <geom conaffinity="0" contype="0" density="0" mesh="part4" name="4_part4_mesh" pos="0 0 0" rgba="0.82 0.71 0.55 1" type="mesh" />
      <site name="4_part4_horizontal_radius_site" pos="-0.0 0.0 0.0" quat="1 0 0 0" rgba="0 0 1 0.3" size="1" />
      <site name="4_part4_top_site" pos="0.0 0.0 904.8069926" quat="1 0 0 0" rgba="0 0 1 0.3" size="1" />
      <site name="4_part4_bottom_site" pos="0.0 0.0 -904.8069926" quat="1 0 0 0" rgba="0 0 1 0.3" size="1" />
      <site name="4_part4_corner_site8" pos="-6.3499996 209.5668605 904.8069926" quat="1 0 0 0" rgba="0 0 1 0.3" size="20" />
      <site name="4_part4_corner_site7" pos="6.3499996 209.5668605 904.8069926" quat="1 0 0 0" rgba="0 0 1 0.3" size="20" />
      <site name="4_part4_corner_site6" pos="6.3499996 -209.5668605 904.8069926" quat="1 0 0 0" rgba="0 0 1 0.3" size="20" />
      <site name="4_part4_corner_site5" pos="-6.3499996 -209.5668605 904.8069926" quat="1 0 0 0" rgba="0 0 1 0.3" size="20" />
      <site name="4_part4_corner_site4" pos="-6.3499996 209.5668605 -904.8069926" quat="1 0 0 0" rgba="0 0 1 0.3" size="20" />
      <site name="4_part4_corner_site3" pos="6.3499996 209.5668605 -904.8069926" quat="1 0 0 0" rgba="0 0 1 0.3" size="20" />
      <site name="4_part4_corner_site2" pos="6.3499996 -209.5668605 -904.8069926" quat="1 0 0 0" rgba="0 0 1 0.3" size="20" />
      <site name="4_part4_corner_site1" pos="-6.3499996 -209.5668605 -904.8069926" quat="1 0 0 0" rgba="0 0 1 0.3" size="20" />
    </body>
    <body name="3_part3" pos="-2.1e-06 206.3749945 -910.8816225" quat="1 0 0 0">
      <geom conaffinity="0" contype="0" density="0" mesh="part3" name="3_part3_mesh" pos="0 0 0" rgba="0.82 0.71 0.55 1" type="mesh" />
      <site name="3_part3_horizontal_radius_site" pos="-2.1e-06 0.0 -5.9e-06" quat="1 0 0 0" rgba="0 0 1 0.3" size="1" />
      <site name="3_part3_top_site" pos="-2.1e-06 0.0 904.5316044" quat="1 0 0 0" rgba="0 0 1 0.3" size="1" />
      <site name="3_part3_bottom_site" pos="-2.1e-06 0.0 -904.5316162" quat="1 0 0 0" rgba="0 0 1 0.3" size="1" />
      <site name="3_part3_corner_site8" pos="-209.4230042 3.1750183 904.5316044" quat="1 0 0 0" rgba="0 0 1 0.3" size="20" />
      <site name="3_part3_corner_site7" pos="209.423 3.1750183 904.5316044" quat="1 0 0 0" rgba="0 0 1 0.3" size="20" />
      <site name="3_part3_corner_site6" pos="209.423 -3.1750183 904.5316044" quat="1 0 0 0" rgba="0 0 1 0.3" size="20" />
      <site name="3_part3_corner_site5" pos="-209.4230042 -3.1750183 904.5316044" quat="1 0 0 0" rgba="0 0 1 0.3" size="20" />
      <site name="3_part3_corner_site4" pos="-209.4230042 3.1750183 -904.5316162" quat="1 0 0 0" rgba="0 0 1 0.3" size="20" />
      <site name="3_part3_corner_site3" pos="209.423 3.1750183 -904.5316162" quat="1 0 0 0" rgba="0 0 1 0.3" size="20" />
      <site name="3_part3_corner_site2" pos="209.423 -3.1750183 -904.5316162" quat="1 0 0 0" rgba="0 0 1 0.3" size="20" />
      <site name="3_part3_corner_site1" pos="-209.4230042 -3.1750183 -904.5316162" quat="1 0 0 0" rgba="0 0 1 0.3" size="20" />
    </body>
    <body name="2_part2" pos="0.0 0.0 -952.5000245" quat="1 0 0 0">
      <geom conaffinity="0" contype="0" density="0" mesh="part2" name="2_part2_mesh" pos="0 0 0" rgba="0.82 0.71 0.55 1" type="mesh" />
      <site name="2_part2_horizontal_radius_site" pos="0.0 0.0 -0.0" quat="1 0 0 0" rgba="0 0 1 0.3" size="1" />
      <site name="2_part2_top_site" pos="0.0 0.0 6.3500122" quat="1 0 0 0" rgba="0 0 1 0.3" size="1" />
      <site name="2_part2_bottom_site" pos="0.0 0.0 -6.3500123" quat="1 0 0 0" rgba="0 0 1 0.3" size="1" />
      <site name="2_part2_corner_site8" pos="-203.2 203.2 6.3500122" quat="1 0 0 0" rgba="0 0 1 0.3" size="20" />
      <site name="2_part2_corner_site7" pos="203.2 203.2 6.3500122" quat="1 0 0 0" rgba="0 0 1 0.3" size="20" />
      <site name="2_part2_corner_site6" pos="203.2 -203.2 6.3500122" quat="1 0 0 0" rgba="0 0 1 0.3" size="20" />
      <site name="2_part2_corner_site5" pos="-203.2 -203.2 6.3500122" quat="1 0 0 0" rgba="0 0 1 0.3" size="20" />
      <site name="2_part2_corner_site4" pos="-203.2 203.2 -6.3500123" quat="1 0 0 0" rgba="0 0 1 0.3" size="20" />
      <site name="2_part2_corner_site3" pos="203.2 203.2 -6.3500123" quat="1 0 0 0" rgba="0 0 1 0.3" size="20" />
      <site name="2_part2_corner_site2" pos="203.2 -203.2 -6.3500123" quat="1 0 0 0" rgba="0 0 1 0.3" size="20" />
      <site name="2_part2_corner_site1" pos="-203.2 -203.2 -6.3500123" quat="1 0 0 0" rgba="0 0 1 0.3" size="20" />
    </body>
    <body name="1_part1" pos="209.5499964 -0.0 -908.0499878" quat="1 0 0 0">
      <geom conaffinity="0" contype="0" density="0" mesh="part1" name="1_part1_mesh" pos="0 0 0" rgba="0.82 0.71 0.55 1" type="mesh" />
      <site name="1_part1_horizontal_radius_site" pos="0.0 -0.0 0.0" quat="1 0 0 0" rgba="0 0 1 0.3" size="1" />
      <site name="1_part1_top_site" pos="0.0 0.0 914.4000244" quat="1 0 0 0" rgba="0 0 1 0.3" size="1" />
      <site name="1_part1_bottom_site" pos="0.0 0.0 -914.4000244" quat="1 0 0 0" rgba="0 0 1 0.3" size="1" />
      <site name="1_part1_corner_site8" pos="-6.3500061 215.9 914.4000244" quat="1 0 0 0" rgba="0 0 1 0.3" size="20" />
      <site name="1_part1_corner_site7" pos="6.3500061 215.9 914.4000244" quat="1 0 0 0" rgba="0 0 1 0.3" size="20" />
      <site name="1_part1_corner_site6" pos="6.3500061 -215.9 914.4000244" quat="1 0 0 0" rgba="0 0 1 0.3" size="20" />
      <site name="1_part1_corner_site5" pos="-6.3500061 -215.9 914.4000244" quat="1 0 0 0" rgba="0 0 1 0.3" size="20" />
      <site name="1_part1_corner_site4" pos="-6.3500061 215.9 -914.4000244" quat="1 0 0 0" rgba="0 0 1 0.3" size="20" />
      <site name="1_part1_corner_site3" pos="6.3500061 215.9 -914.4000244" quat="1 0 0 0" rgba="0 0 1 0.3" size="20" />
      <site name="1_part1_corner_site2" pos="6.3500061 -215.9 -914.4000244" quat="1 0 0 0" rgba="0 0 1 0.3" size="20" />
      <site name="1_part1_corner_site1" pos="-6.3500061 -215.9 -914.4000244" quat="1 0 0 0" rgba="0 0 1 0.3" size="20" />
    </body>
  </worldbody>
</mujoco>
