<mujoco model="table_klubbo_0740">
  <asset>
    <mesh file="0.stl" name="part0" scale="1 1 1" />
    <mesh file="4.stl" name="part4" scale="1 1 1" />
    <mesh file="3.stl" name="part3" scale="1 1 1" />
    <mesh file="2.stl" name="part2" scale="1 1 1" />
    <mesh file="1.stl" name="part1" scale="1 1 1" />
  </asset>
  <equality>
    </equality>
  <worldbody>
    <body name="0_part0" pos="0.0 0.0 0.0" quat="1 0 0 0">
      <geom conaffinity="0" contype="0" density="0" mesh="part0" name="0_part0_mesh" pos="0 0 0" rgba="0.82 0.71 0.55 1" type="mesh" />
      <site name="0_part0_horizontal_radius_site" pos="0.0 0.0 0.0" quat="1 0 0 0" rgba="0 0 1 0.3" size="1" />
      <site name="0_part0_top_site" pos="0.0 0.0 116.84" quat="1 0 0 0" rgba="0 0 1 0.3" size="1" />
      <site name="0_part0_bottom_site" pos="0.0 0.0 -116.84" quat="1 0 0 0" rgba="0 0 1 0.3" size="1" />
      <site name="0_part0_corner_site8" pos="-6.35 381.0 116.84" quat="1 0 0 0" rgba="0 0 1 0.3" size="20" />
      <site name="0_part0_corner_site7" pos="6.35 381.0 116.84" quat="1 0 0 0" rgba="0 0 1 0.3" size="20" />
      <site name="0_part0_corner_site6" pos="6.35 -381.0 116.84" quat="1 0 0 0" rgba="0 0 1 0.3" size="20" />
      <site name="0_part0_corner_site5" pos="-6.35 -381.0 116.84" quat="1 0 0 0" rgba="0 0 1 0.3" size="20" />
      <site name="0_part0_corner_site4" pos="-6.35 381.0 -116.84" quat="1 0 0 0" rgba="0 0 1 0.3" size="20" />
      <site name="0_part0_corner_site3" pos="6.35 381.0 -116.84" quat="1 0 0 0" rgba="0 0 1 0.3" size="20" />
      <site name="0_part0_corner_site2" pos="6.35 -381.0 -116.84" quat="1 0 0 0" rgba="0 0 1 0.3" size="20" />
      <site name="0_part0_corner_site1" pos="-6.35 -381.0 -116.84" quat="1 0 0 0" rgba="0 0 1 0.3" size="20" />
    </body>
    <body name="4_part4" pos="387.3500122 12.7000122 134.6199997" quat="1 0 0 0">
      <geom conaffinity="0" contype="0" density="0" mesh="part4" name="4_part4_mesh" pos="0 0 0" rgba="0.82 0.71 0.55 1" type="mesh" />
      <site name="4_part4_horizontal_radius_site" pos="0.0 0.0 0.0" quat="1 0 0 0" rgba="0 0 1 0.3" size="1" />
      <site name="4_part4_top_site" pos="0.0 0.0 33.0199995" quat="1 0 0 0" rgba="0 0 1 0.3" size="1" />
      <site name="4_part4_bottom_site" pos="0.0 0.0 -33.0199995" quat="1 0 0 0" rgba="0 0 1 0.3" size="1" />
      <site name="4_part4_corner_site8" pos="-393.7000122 393.7000122 33.0199995" quat="1 0 0 0" rgba="0 0 1 0.3" size="20" />
      <site name="4_part4_corner_site7" pos="393.7000122 393.7000122 33.0199995" quat="1 0 0 0" rgba="0 0 1 0.3" size="20" />
      <site name="4_part4_corner_site6" pos="393.7000122 -393.7000122 33.0199995" quat="1 0 0 0" rgba="0 0 1 0.3" size="20" />
      <site name="4_part4_corner_site5" pos="-393.7000122 -393.7000122 33.0199995" quat="1 0 0 0" rgba="0 0 1 0.3" size="20" />
      <site name="4_part4_corner_site4" pos="-393.7000122 393.7000122 -33.0199995" quat="1 0 0 0" rgba="0 0 1 0.3" size="20" />
      <site name="4_part4_corner_site3" pos="393.7000122 393.7000122 -33.0199995" quat="1 0 0 0" rgba="0 0 1 0.3" size="20" />
      <site name="4_part4_corner_site2" pos="393.7000122 -393.7000122 -33.0199995" quat="1 0 0 0" rgba="0 0 1 0.3" size="20" />
      <site name="4_part4_corner_site1" pos="-393.7000122 -393.7000122 -33.0199995" quat="1 0 0 0" rgba="0 0 1 0.3" size="20" />
    </body>
    <body name="3_part3" pos="393.7000091 -374.65 0.0" quat="1 0 0 0">
      <geom conaffinity="0" contype="0" density="0" mesh="part3" name="3_part3_mesh" pos="0 0 0" rgba="0.82 0.71 0.55 1" type="mesh" />
      <site name="3_part3_horizontal_radius_site" pos="-3e-06 0.0 0.0" quat="1 0 0 0" rgba="0 0 1 0.3" size="1" />
      <site name="3_part3_top_site" pos="-3e-06 0.0 116.84" quat="1 0 0 0" rgba="0 0 1 0.3" size="1" />
      <site name="3_part3_bottom_site" pos="-3e-06 0.0 -116.84" quat="1 0 0 0" rgba="0 0 1 0.3" size="1" />
      <site name="3_part3_corner_site8" pos="-387.3500121 6.35 116.84" quat="1 0 0 0" rgba="0 0 1 0.3" size="20" />
      <site name="3_part3_corner_site7" pos="387.3500061 6.35 116.84" quat="1 0 0 0" rgba="0 0 1 0.3" size="20" />
      <site name="3_part3_corner_site6" pos="387.3500061 -6.35 116.84" quat="1 0 0 0" rgba="0 0 1 0.3" size="20" />
      <site name="3_part3_corner_site5" pos="-387.3500121 -6.35 116.84" quat="1 0 0 0" rgba="0 0 1 0.3" size="20" />
      <site name="3_part3_corner_site4" pos="-387.3500121 6.35 -116.84" quat="1 0 0 0" rgba="0 0 1 0.3" size="20" />
      <site name="3_part3_corner_site3" pos="387.3500061 6.35 -116.84" quat="1 0 0 0" rgba="0 0 1 0.3" size="20" />
      <site name="3_part3_corner_site2" pos="387.3500061 -6.35 -116.84" quat="1 0 0 0" rgba="0 0 1 0.3" size="20" />
      <site name="3_part3_corner_site1" pos="-387.3500121 -6.35 -116.84" quat="1 0 0 0" rgba="0 0 1 0.3" size="20" />
    </body>
    <body name="2_part2" pos="774.7000123 6.3500061 0.0" quat="1 0 0 0">
      <geom conaffinity="0" contype="0" density="0" mesh="part2" name="2_part2_mesh" pos="0 0 0" rgba="0.82 0.71 0.55 1" type="mesh" />
      <site name="2_part2_horizontal_radius_site" pos="0.0 0.0 0.0" quat="1 0 0 0" rgba="0 0 1 0.3" size="1" />
      <site name="2_part2_top_site" pos="1e-07 0.0 116.84" quat="1 0 0 0" rgba="0 0 1 0.3" size="1" />
      <site name="2_part2_bottom_site" pos="1e-07 0.0 -116.84" quat="1 0 0 0" rgba="0 0 1 0.3" size="1" />
      <site name="2_part2_corner_site8" pos="-6.3500122 387.3500061 116.84" quat="1 0 0 0" rgba="0 0 1 0.3" size="20" />
      <site name="2_part2_corner_site7" pos="6.3500123 387.3500061 116.84" quat="1 0 0 0" rgba="0 0 1 0.3" size="20" />
      <site name="2_part2_corner_site6" pos="6.3500123 -387.3500061 116.84" quat="1 0 0 0" rgba="0 0 1 0.3" size="20" />
      <site name="2_part2_corner_site5" pos="-6.3500122 -387.3500061 116.84" quat="1 0 0 0" rgba="0 0 1 0.3" size="20" />
      <site name="2_part2_corner_site4" pos="-6.3500122 387.3500061 -116.84" quat="1 0 0 0" rgba="0 0 1 0.3" size="20" />
      <site name="2_part2_corner_site3" pos="6.3500123 387.3500061 -116.84" quat="1 0 0 0" rgba="0 0 1 0.3" size="20" />
      <site name="2_part2_corner_site2" pos="6.3500123 -387.3500061 -116.84" quat="1 0 0 0" rgba="0 0 1 0.3" size="20" />
      <site name="2_part2_corner_site1" pos="-6.3500122 -387.3500061 -116.84" quat="1 0 0 0" rgba="0 0 1 0.3" size="20" />
    </body>
    <body name="1_part1" pos="381.0000061 387.3500061 0.0" quat="1 0 0 0">
      <geom conaffinity="0" contype="0" density="0" mesh="part1" name="1_part1_mesh" pos="0 0 0" rgba="0.82 0.71 0.55 1" type="mesh" />
      <site name="1_part1_horizontal_radius_site" pos="0.0 0.0 0.0" quat="1 0 0 0" rgba="0 0 1 0.3" size="1" />
      <site name="1_part1_top_site" pos="0.0 0.0 116.84" quat="1 0 0 0" rgba="0 0 1 0.3" size="1" />
      <site name="1_part1_bottom_site" pos="0.0 0.0 -116.84" quat="1 0 0 0" rgba="0 0 1 0.3" size="1" />
      <site name="1_part1_corner_site8" pos="-387.3500061 6.3500061 116.84" quat="1 0 0 0" rgba="0 0 1 0.3" size="20" />
      <site name="1_part1_corner_site7" pos="387.3500061 6.3500061 116.84" quat="1 0 0 0" rgba="0 0 1 0.3" size="20" />
      <site name="1_part1_corner_site6" pos="387.3500061 -6.3500061 116.84" quat="1 0 0 0" rgba="0 0 1 0.3" size="20" />
      <site name="1_part1_corner_site5" pos="-387.3500061 -6.3500061 116.84" quat="1 0 0 0" rgba="0 0 1 0.3" size="20" />
      <site name="1_part1_corner_site4" pos="-387.3500061 6.3500061 -116.84" quat="1 0 0 0" rgba="0 0 1 0.3" size="20" />
      <site name="1_part1_corner_site3" pos="387.3500061 6.3500061 -116.84" quat="1 0 0 0" rgba="0 0 1 0.3" size="20" />
      <site name="1_part1_corner_site2" pos="387.3500061 -6.3500061 -116.84" quat="1 0 0 0" rgba="0 0 1 0.3" size="20" />
      <site name="1_part1_corner_site1" pos="-387.3500061 -6.3500061 -116.84" quat="1 0 0 0" rgba="0 0 1 0.3" size="20" />
    </body>
  </worldbody>
</mujoco>
